timestamp,open,high,low,close,volume,Denominated_Coin_Volume
2025-08-19 04:16:00+08:00,116385.8,116394,116383.4,116383.4,10.5048,1222688.77574
2025-08-19 04:17:00+08:00,116383.4,116383.5,116351.3,116366.4,66.8546,7779683.63488
2025-08-19 04:18:00+08:00,116366.4,116366.4,116314.6,116314.6,9.1926,1069480.92354
2025-08-19 04:19:00+08:00,116314.6,116319.5,116283.3,116283.3,6.9582,809271.76552
2025-08-19 04:20:00+08:00,116283.3,116327.7,116283.2,116327.7,7.68,893298.41328
2025-08-19 04:21:00+08:00,116327.7,116350,116327.7,116350,8.7378,1016570.7569
2025-08-19 04:22:00+08:00,116350,116350,116333.6,116346,7.3878,859488.08582
2025-08-19 04:23:00+08:00,116346,116364.8,116334.3,116334.3,1.3964,162476.81388
2025-08-19 04:24:00+08:00,116334.3,116334.4,116309.3,116321.8,10.6558,1239461.77212
2025-08-19 04:25:00+08:00,116321.8,116368.1,116321.8,116366.2,8.736,1016229.0363
2025-08-19 04:26:00+08:00,116366.2,116394,116364.8,116389.8,3.753,436788.84492
2025-08-19 04:27:00+08:00,116389.8,116400,116389.7,116400,5.7182,665543.82228
2025-08-19 04:28:00+08:00,116400,116421,116399.9,116420.9,9.0972,1059043.20224
2025-08-19 04:29:00+08:00,116420.9,116455.1,116420.9,116455,7.3778,859019.33914
2025-08-19 04:30:00+08:00,116455,116481,116455,116481,9.7232,1132441.4317
2025-08-19 04:31:00+08:00,116481,116481,116441,116454.5,9.377,1092082.33322
2025-08-19 04:32:00+08:00,116454.5,116473,116454.4,116472.9,7.5296,876958.66258
2025-08-19 04:33:00+08:00,116472.9,116472.9,116449,116449,5.9046,687629.94298
2025-08-19 04:34:00+08:00,116449,116449,116413,116434.9,2.085,242754.90592
2025-08-19 04:35:00+08:00,116434.9,116435,116344,116358.7,16.5524,1926692.12366
2025-08-19 04:36:00+08:00,116358.7,116371.5,116341,116341,7.1476,831724.36804
2025-08-19 04:37:00+08:00,116341,116356.9,116264,116264,19.289,2243224.66358
2025-08-19 04:38:00+08:00,116264,116264,116086.2,116088.7,146.1192,16972410.03706
2025-08-19 04:39:00+08:00,116088.7,116144.2,116088.7,116137,24.2702,2818051.6828
2025-08-19 04:40:00+08:00,116137,116147.5,115991.7,115991.7,128.544,14916194.59726
2025-08-19 04:41:00+08:00,115991.7,116015.4,115925.9,116015.4,120.9238,14021853.23018
2025-08-19 04:42:00+08:00,116015.4,116050,116011.2,116045,22.72,2636105.41978
2025-08-19 04:43:00+08:00,116045,116061.1,116021.9,116056,29.666,3442563.49354
2025-08-19 04:44:00+08:00,116056,116056,116026.4,116026.5,6.8416,793932.07884
2025-08-19 04:45:00+08:00,116026.5,116085.2,116024.9,116024.9,17.4762,2028178.07804
2025-08-19 04:46:00+08:00,116024.9,116100,116024.9,116087.3,45.9478,5332242.6597
2025-08-19 04:47:00+08:00,116087.3,116113,116061.9,116069.4,11.2478,1305657.32852
2025-08-19 04:48:00+08:00,116069.4,116180.3,116069.4,116146,64.278,7466011.2449
2025-08-19 04:49:00+08:00,116146,116196.1,116138.6,116188.8,5.2696,612164.68362
2025-08-19 04:50:00+08:00,116188.8,116200,116188.8,116199.9,3.4434,400113.423
2025-08-19 04:51:00+08:00,116199.9,116200,116167.9,116199.9,31.165,3621163.8352
2025-08-19 04:52:00+08:00,116199.9,116223.2,116194.9,116223.2,7.1584,831823.24946
2025-08-19 04:53:00+08:00,116223.2,116223.2,116190.6,116198,5.8294,677446.31126
2025-08-19 04:54:00+08:00,116198,116255.4,116189.2,116255.3,11.9478,1388537.89468
2025-08-19 04:55:00+08:00,116255.3,116307.9,116244.1,116307.9,32.8292,3817211.00298
2025-08-19 04:56:00+08:00,116307.9,116331.3,116307.8,116318,15.2346,1772185.83714
2025-08-19 04:57:00+08:00,116318,116322.7,116281.7,116310.9,42.7418,4970992.07316
2025-08-19 04:58:00+08:00,116310.9,116320,116293.3,116311.9,49.3282,5737069.1521
2025-08-19 04:59:00+08:00,116311.9,116361.2,116310.1,116359.3,25.8712,3009538.8251
2025-08-19 05:00:00+08:00,116359.3,116391.7,116358.9,116391.7,23.2426,2705139.34388
2025-08-19 05:01:00+08:00,116391.7,116392.2,116385.1,116385.4,5.7748,672113.3544
2025-08-19 05:02:00+08:00,116385.4,116398.7,116385.4,116398.7,16.6544,1938361.4109
2025-08-19 05:03:00+08:00,116398.7,116401.2,116398.6,116401.2,5.761,670577.38468
2025-08-19 05:04:00+08:00,116401.2,116419.5,116401.1,116419.5,19.8198,2307087.05352
2025-08-19 05:05:00+08:00,116419.5,116449.8,116419.5,116449.7,29.9078,3482273.61496
2025-08-19 05:06:00+08:00,116449.7,116449.8,116423.5,116423.5,6.9516,809418.98862
2025-08-19 05:07:00+08:00,116423.5,116423.5,116384.5,116384.6,16.696,1943478.30908
2025-08-19 05:08:00+08:00,116384.6,116384.6,116356.5,116356.5,9.5994,1117097.49476
2025-08-19 05:09:00+08:00,116356.5,116378.4,116352.9,116378.3,34.5682,4022607.81734
2025-08-19 05:10:00+08:00,116378.3,116378.4,116378.3,116378.3,7.843,912755.6824
2025-08-19 05:11:00+08:00,116378.3,116378.4,116378.3,116378.3,4.9176,572301.9494
2025-08-19 05:12:00+08:00,116378.3,116410,116378.3,116407.1,23.8448,2775622.38168
2025-08-19 05:13:00+08:00,116407.1,116450,116407.1,116432,107.7048,12541015.8386
2025-08-19 05:14:00+08:00,116432,116537.5,116432,116537.4,44.2474,5154729.68126
2025-08-19 05:15:00+08:00,116537.4,116543.9,116512.1,116512.1,54.1092,6305658.44792
2025-08-19 05:16:00+08:00,116512.1,116535.4,116477.6,116535.4,112.618,13119926.0796
2025-08-19 05:17:00+08:00,116535.4,116536.9,116530.4,116536.8,20.734,2416216.79592
2025-08-19 05:18:00+08:00,116536.8,116551.7,116536.8,116551.7,9.3676,1091792.63514
2025-08-19 05:19:00+08:00,116551.7,116579.4,116551.6,116563.5,48.721,5679145.74306
2025-08-19 05:20:00+08:00,116563.5,116563.5,116563.4,116563.5,22.0018,2564605.29314
2025-08-19 05:21:00+08:00,116563.5,116580,116563.4,116580,7.0554,822503.17244
2025-08-19 05:22:00+08:00,116580,116580,116579.9,116579.9,5.9318,691528.71158
2025-08-19 05:23:00+08:00,116579.9,116630.5,116579.9,116630.5,35.4726,4135830.45964
2025-08-19 05:24:00+08:00,116630.5,116630.5,116624.5,116630.4,8.8562,1032870.50268
2025-08-19 05:25:00+08:00,116630.4,116630.5,116600,116600,36.1046,4210804.60448
2025-08-19 05:26:00+08:00,116600,116629,116600,116628.9,14.6138,1704314.46744
2025-08-19 05:27:00+08:00,116628.9,116628.9,116608.9,116626.3,7.8838,919384.98406
2025-08-19 05:28:00+08:00,116626.3,116627.6,116626.2,116627.6,56.9926,6646866.03452
2025-08-19 05:29:00+08:00,116627.6,116627.6,116600,116600.1,13.396,1562157.73768
2025-08-19 05:30:00+08:00,116600.1,116615.6,116600,116614.6,10.7906,1258289.13616
2025-08-19 05:31:00+08:00,116614.6,116614.7,116549.6,116551.6,16.6708,1943373.23092
2025-08-19 05:32:00+08:00,116551.6,116588.5,116551.5,116588.4,16.3232,1902703.79538
2025-08-19 05:33:00+08:00,116588.4,116588.5,116583.5,116583.5,3.5452,413325.52006
2025-08-19 05:34:00+08:00,116583.5,116583.9,116575.7,116583.9,107.9532,12585516.43438
2025-08-19 05:35:00+08:00,116583.9,116584,116490.9,116490.9,60.087,7003697.72746
2025-08-19 05:36:00+08:00,116490.9,116491,116384,116391.3,73.024,8501642.31982
2025-08-19 05:37:00+08:00,116391.3,116438.7,116391.3,116438.6,18.1734,2115674.05582
2025-08-19 05:38:00+08:00,116438.6,116438.7,116413.5,116438.7,5.5568,646985.30132
2025-08-19 05:39:00+08:00,116438.7,116491.4,116438.6,116491.4,28.8254,3357292.9611
2025-08-19 05:40:00+08:00,116491.4,116491.4,116470.2,116486.1,7.9296,923572.63578
2025-08-19 05:41:00+08:00,116486.1,116487.6,116474.4,116474.4,2.1774,253629.11756
2025-08-19 05:42:00+08:00,116474.4,116474.4,116474.3,116474.3,1.4376,167443.47156
2025-08-19 05:43:00+08:00,116474.3,116474.4,116407.6,116407.6,17.7304,2064676.97142
2025-08-19 05:44:00+08:00,116407.6,116407.7,116407.6,116407.6,5.3834,626668.83026
2025-08-19 05:45:00+08:00,116407.6,116407.7,116407.6,116407.6,4.4504,518060.42962
2025-08-19 05:46:00+08:00,116407.6,116446.1,116407.6,116446,13.9986,1629777.36082
2025-08-19 05:47:00+08:00,116446,116461.8,116446,116461.7,3.037,353686.06018
2025-08-19 05:48:00+08:00,116461.7,116468,116461.7,116467.9,1.394,162351.33872
2025-08-19 05:49:00+08:00,116467.9,116503.7,116467.9,116503.7,14.1188,1644713.09324
2025-08-19 05:50:00+08:00,116503.7,116513.9,116503.6,116513.9,2.0164,234922.49708
2025-08-19 05:51:00+08:00,116513.9,116524.5,116513.8,116513.8,2.6564,309524.15066
2025-08-19 05:52:00+08:00,116513.8,116513.9,116499.9,116500,4.4426,517570.8986
2025-08-19 05:53:00+08:00,116500,116526.2,116491.4,116526.1,15.8974,1852073.78736
2025-08-19 05:54:00+08:00,116526.1,116526.5,116526.1,116526.4,4.0662,473819.41656
2025-08-19 05:55:00+08:00,116526.4,116530,116526.4,116529.9,3.2778,381954.57388
2025-08-19 05:56:00+08:00,116529.9,116571.7,116529.9,116571.7,9.7218,1133069.22534
2025-08-19 05:57:00+08:00,116571.7,116588,116571.6,116588,13.1412,1531923.11902
2025-08-19 05:58:00+08:00,116588,116610.7,116587.9,116610.6,4.3612,508524.58722
2025-08-19 05:59:00+08:00,116610.6,116610.7,116579.6,116598.4,33.6344,3921816.91982
2025-08-19 06:00:00+08:00,116598.4,116686,116598.4,116664.9,62.5876,7301625.16612
2025-08-19 06:01:00+08:00,116664.9,116733.3,116664.2,116730.2,83.2038,9709609.81552
2025-08-19 06:02:00+08:00,116730.2,116814.4,116730.1,116799.8,166.2936,19419249.95728
2025-08-19 06:03:00+08:00,116799.8,116809.8,116783.4,116793.5,32.73,3822729.65634
2025-08-19 06:04:00+08:00,116793.5,116906.1,116793.4,116906.1,261.2164,30523739.2708
2025-08-19 06:05:00+08:00,116906.1,116920,116881.9,116885.3,67.0704,7840828.30364
2025-08-19 06:06:00+08:00,116885.3,116890,116833,116878.6,65.5148,7655623.96068
2025-08-19 06:07:00+08:00,116878.6,116878.6,116858.1,116869.9,19.4086,2268282.57868
2025-08-19 06:08:00+08:00,116869.9,116877.2,116866.9,116874.1,25.0852,2931731.94482
2025-08-19 06:09:00+08:00,116874.1,116898.1,116864.1,116898.1,17.929,2095445.5703
2025-08-19 06:10:00+08:00,116898.1,116910.9,116894.1,116897.6,12.7588,1491505.17366
2025-08-19 06:11:00+08:00,116897.6,116897.6,116885.1,116885.1,17.4366,2038279.23436
2025-08-19 06:12:00+08:00,116885.1,116885.1,116819.5,116819.5,97.255,11363416.74614
2025-08-19 06:13:00+08:00,116819.5,116837.7,116800.1,116817.9,28.3226,3308613.80836
2025-08-19 06:14:00+08:00,116817.9,116839.2,116817.9,116839.2,6.9342,810149.7508
2025-08-19 06:15:00+08:00,116839.2,116937.2,116839.2,116917.3,57.6912,6745058.33204
2025-08-19 06:16:00+08:00,116917.3,116923,116894.6,116902.9,19.7886,2313417.6195
2025-08-19 06:17:00+08:00,116902.9,116903,116880,116900.6,15.0112,1754704.07808
2025-08-19 06:18:00+08:00,116900.6,116900.6,116850,116850,22.5114,2631170.50686
2025-08-19 06:19:00+08:00,116850,116853,116826.3,116853,9.9346,1160693.59816
2025-08-19 06:20:00+08:00,116853,116878.9,116853,116878.9,9.165,1071136.06476
2025-08-19 06:21:00+08:00,116878.9,116897,116871.8,116890,22.968,2684460.33912
2025-08-19 06:22:00+08:00,116890,116911.2,116890,116911.2,20.3656,2380655.47126
2025-08-19 06:23:00+08:00,116911.2,116911.2,116893,116893.2,10.7258,1253839.46648
2025-08-19 06:24:00+08:00,116893.2,116906.8,116893.2,116894.7,5.1596,603165.53918
2025-08-19 06:25:00+08:00,116894.7,116894.7,116879,116883.3,29.2162,3415016.7024
2025-08-19 06:26:00+08:00,116883.3,116886.6,116883.2,116886.6,7.6186,890511.8855
2025-08-19 06:27:00+08:00,116886.6,116886.6,116886.5,116886.5,8.98,1049641.02306
2025-08-19 06:28:00+08:00,116886.5,116889.7,116886.5,116889.6,5.0794,593728.8753
2025-08-19 06:29:00+08:00,116889.6,116889.7,116870.4,116870.4,14.1842,1657842.5262
2025-08-19 06:30:00+08:00,116870.4,116888.1,116825.3,116825.3,32.8712,3841729.43792
2025-08-19 06:31:00+08:00,116825.3,116825.4,116812.1,116812.4,29.5516,3452335.41746
2025-08-19 06:32:00+08:00,116812.4,116845.1,116812.3,116845,60.9554,7120436.6499
2025-08-19 06:33:00+08:00,116845,116884.6,116845,116884.5,10.125,1183222.73418
2025-08-19 06:34:00+08:00,116884.5,116884.6,116866.4,116866.4,12.397,1448934.9859
2025-08-19 06:35:00+08:00,116866.4,116866.5,116800,116800,109.5558,12798773.32106
2025-08-19 06:36:00+08:00,116800,116809.8,116800,116809.8,4.47,522125.5353
2025-08-19 06:37:00+08:00,116809.8,116809.8,116767.4,116767.5,43.1426,5038902.7354
2025-08-19 06:38:00+08:00,116767.5,116767.5,116744.8,116744.8,30.663,3579818.8192
2025-08-19 06:39:00+08:00,116744.8,116744.9,116719.4,116726,22.4854,2624760.60182
2025-08-19 06:40:00+08:00,116726,116737.9,116714.7,116714.7,22.271,2599722.31996
2025-08-19 06:41:00+08:00,116714.7,116714.8,116695.8,116695.8,18.7398,2186920.16982
2025-08-19 06:42:00+08:00,116695.8,116695.8,116680,116689.6,77.522,9046149.20434
2025-08-19 06:43:00+08:00,116689.6,116693.2,116689.6,116692.6,60.2024,7025161.71712
2025-08-19 06:44:00+08:00,116692.6,116692.6,116678.4,116678.5,24.0786,2809660.99016
2025-08-19 06:45:00+08:00,116678.5,116685.5,116642.1,116642.2,18.8344,2197407.89578
2025-08-19 06:46:00+08:00,116642.2,116650,116610.5,116610.5,10.3162,1203185.1432
2025-08-19 06:47:00+08:00,116610.5,116610.5,116574.9,116574.9,17.4074,2029558.10942
2025-08-19 06:48:00+08:00,116574.9,116578.4,116570.6,116578.4,45.804,5339425.00962
2025-08-19 06:49:00+08:00,116578.4,116590.1,116578.3,116580.9,16.2292,1892104.09648
2025-08-19 06:50:00+08:00,116580.9,116581,116576.4,116579.1,8.1972,955628.05042
2025-08-19 06:51:00+08:00,116579.1,116579.1,116526.3,116543.5,141.642,16508082.62308
2025-08-19 06:52:00+08:00,116543.5,116570,116543.5,116569.9,11.6456,1357429.30942
2025-08-19 06:53:00+08:00,116569.9,116570,116537.4,116537.4,15.1076,1760804.85528
2025-08-19 06:54:00+08:00,116537.4,116537.5,116513.7,116513.7,11.567,1347897.7626
2025-08-19 06:55:00+08:00,116513.7,116513.8,116497.4,116497.4,30.007,3495922.61872
2025-08-19 06:56:00+08:00,116497.4,116497.5,116442.3,116442.3,98.8616,11512678.56922
2025-08-19 06:57:00+08:00,116442.3,116442.4,116401.9,116407.1,92.1642,10730284.89554
2025-08-19 06:58:00+08:00,116407.1,116421.4,116401.9,116415.6,32.6722,3803610.93492
2025-08-19 06:59:00+08:00,116415.6,116415.7,116322.4,116338,313.2614,36457721.26612
2025-08-19 07:00:00+08:00,116338,116356.9,116338,116342.3,12.0934,1407071.6079
2025-08-19 07:01:00+08:00,116342.3,116364.6,116342.3,116361.1,47.9556,5580038.27834
2025-08-19 07:02:00+08:00,116361.1,116416.4,116360.5,116408.7,22.5008,2618445.38196
2025-08-19 07:03:00+08:00,116408.7,116420,116389.6,116389.6,18.9182,2202194.87046
2025-08-19 07:04:00+08:00,116389.6,116446.8,116389.6,116411.1,15.0498,1752207.68696
2025-08-19 07:05:00+08:00,116411.1,116491.5,116405.6,116465.6,25.2748,2943040.80192
2025-08-19 07:06:00+08:00,116465.6,116510.7,116465.5,116485.5,10.338,1204224.1068
2025-08-19 07:07:00+08:00,116485.5,116485.6,116416.6,116416.7,10.3358,1203591.61464
2025-08-19 07:08:00+08:00,116416.7,116416.7,116392.7,116392.8,4.9436,575475.71396
2025-08-19 07:09:00+08:00,116392.8,116394.5,116385.6,116394.4,3.7316,434318.78588
2025-08-19 07:10:00+08:00,116394.4,116405.2,116390.7,116390.8,5.813,676633.88388
2025-08-19 07:11:00+08:00,116390.8,116390.8,116382.7,116382.7,12.6912,1477120.32968
2025-08-19 07:12:00+08:00,116382.7,116382.8,116337.5,116350,20.9804,2441245.01424
2025-08-19 07:13:00+08:00,116350,116394.3,116350,116394.3,14.8842,1732192.33314
2025-08-19 07:14:00+08:00,116394.3,116394.3,116350.3,116350.3,32.1042,3735805.40234
2025-08-19 07:15:00+08:00,116350.3,116361.6,116346.4,116346.5,3.814,443751.21252
2025-08-19 07:16:00+08:00,116346.5,116372.9,116346.4,116372.9,9.7762,1137657.38656
2025-08-19 07:17:00+08:00,116372.9,116372.9,116345.3,116345.3,9.48,1103054.9506
2025-08-19 07:18:00+08:00,116345.3,116345.3,116290.1,116290.1,22.1554,2576952.637
2025-08-19 07:19:00+08:00,116290.1,116290.1,116250.4,116250.4,134.3984,15627114.2775
2025-08-19 07:20:00+08:00,116250.4,116285.3,116250.4,116266.7,23.5952,2743548.32506
2025-08-19 07:21:00+08:00,116266.7,116266.8,116234.9,116243.6,15.167,1763063.36442
2025-08-19 07:22:00+08:00,116243.6,116277,116227,116258.3,33.061,3843214.35468
2025-08-19 07:23:00+08:00,116258.3,116283.1,116258.3,116283,5.49,638341.45964
2025-08-19 07:24:00+08:00,116283,116290,116267.4,116267.5,8.4408,981440.95746
2025-08-19 07:25:00+08:00,116267.5,116311.1,116267.4,116311.1,11.8234,1375042.19674
2025-08-19 07:26:00+08:00,116311.1,116311.1,116282.8,116300,11.7226,1363317.4215
2025-08-19 07:27:00+08:00,116300,116304.1,116274.5,116278.3,8.7048,1012291.0741
2025-08-19 07:28:00+08:00,116278.3,116278.3,116223.2,116223.8,8.8338,1026856.39238
2025-08-19 07:29:00+08:00,116223.8,116230.2,116223.8,116230.2,9.4144,1094190.50072
2025-08-19 07:30:00+08:00,116230.2,116288.6,116230.1,116280.5,4.251,494269.91408
2025-08-19 07:31:00+08:00,116280.5,116280.5,116246.5,116246.5,4.7038,546861.99608
2025-08-19 07:32:00+08:00,116246.5,116246.6,116211.9,116211.9,28.6404,3328475.08928
2025-08-19 07:33:00+08:00,116211.9,116212,116195.8,116195.8,33.043,3839664.43654
2025-08-19 07:34:00+08:00,116195.8,116195.9,116156.2,116156.2,34.82,4044968.11614
2025-08-19 07:35:00+08:00,116156.2,116198.8,116156.2,116198.7,7.7496,900290.51376
2025-08-19 07:36:00+08:00,116198.7,116222.7,116198.7,116222.7,4.719,548401.12138
2025-08-19 07:37:00+08:00,116222.7,116222.7,116172.2,116172.2,4.897,569044.00252
2025-08-19 07:38:00+08:00,116172.2,116188,116170.7,116170.7,5.8042,674322.16484
2025-08-19 07:39:00+08:00,116170.7,116170.8,116155,116155,8.8048,1022746.89982
2025-08-19 07:40:00+08:00,116155,116220.7,116155,116220.7,22.8738,2657512.81026
2025-08-19 07:41:00+08:00,116220.7,116239.7,116220.6,116237.7,4.9242,572307.87974
2025-08-19 07:42:00+08:00,116237.7,116237.7,116189.5,116201.2,7.807,907265.67726
2025-08-19 07:43:00+08:00,116201.2,116201.2,116156.2,116166,11.5646,1343454
2025-08-19 07:44:00+08:00,116166,116172.8,116150,116150.1,15.2794,1774788.29428
2025-08-19 07:45:00+08:00,116150.1,116161.8,116150,116154.3,10.0258,1164578.70098
2025-08-19 07:46:00+08:00,116154.3,116154.3,116119.9,116119.9,91.0504,10573130.99228
2025-08-19 07:47:00+08:00,116119.9,116119.9,116108.6,116108.6,24.2736,2818441.31126
2025-08-19 07:48:00+08:00,116108.6,116108.6,116085.3,116085.3,47.7538,5543964.14696
2025-08-19 07:49:00+08:00,116085.3,116085.4,116055.3,116057.2,19.9544,2315993.76426
2025-08-19 07:50:00+08:00,116057.2,116111.8,116023,116111.8,49.3188,5724898.79916
2025-08-19 07:51:00+08:00,116111.8,116128,116098.9,116125.9,41.471,4815704.11438
2025-08-19 07:52:00+08:00,116125.9,116196.1,116125.9,116196.1,17.48,2030617.10686
2025-08-19 07:53:00+08:00,116196.1,116196.1,116142.6,116168.5,25.4674,2958404.402
2025-08-19 07:54:00+08:00,116168.5,116193.7,116168.4,116192,10.1962,1184654.5736
2025-08-19 07:55:00+08:00,116192,116195,116181.7,116195,11.8768,1379905.217
2025-08-19 07:56:00+08:00,116195,116207.1,116151.1,116175.9,10.478,1217327.84686
2025-08-19 07:57:00+08:00,116175.9,116175.9,116160.2,116160.2,5.4866,637380.00498
2025-08-19 07:58:00+08:00,116160.2,116160.2,116133.5,116133.5,47.541,5521829.82562
2025-08-19 07:59:00+08:00,116133.5,116177.2,116133.5,116177.2,8.4798,984841.03988
2025-08-19 08:00:00+08:00,116177.2,116188,116163,116163.1,21.8798,2541820.5774
2025-08-19 08:01:00+08:00,116163.1,116163.1,116134.6,116134.6,39.85,4628282.00672
2025-08-19 08:02:00+08:00,116134.6,116199.4,116103.9,116199.4,18.0934,2101492.43792
2025-08-19 08:03:00+08:00,116199.4,116248.4,116199.4,116224.4,43.851,5096700.13082
2025-08-19 08:04:00+08:00,116224.4,116233.1,116186.1,116233.1,10.4288,1211923.79416
2025-08-19 08:05:00+08:00,116233.1,116247,116205,116205.1,18.284,2125241.69246
2025-08-19 08:06:00+08:00,116205.1,116205.1,116176.9,116185.9,11.8604,1378065.95026
2025-08-19 08:07:00+08:00,116185.9,116239.8,116185.9,116205.6,21.653,2516839.84758
2025-08-19 08:08:00+08:00,116205.6,116212.1,116184.9,116184.9,7.9696,926086.46416
2025-08-19 08:09:00+08:00,116184.9,116231.9,116184.9,116231.9,15.385,1787937.62188
2025-08-19 08:10:00+08:00,116231.9,116242.9,116231.8,116232.9,31.7302,3688136.11064
2025-08-19 08:11:00+08:00,116232.9,116232.9,116182.5,116182.6,8.5014,987972.1334
2025-08-19 08:12:00+08:00,116182.6,116220,116182.5,116219.9,4.315,501412.0995
2025-08-19 08:13:00+08:00,116219.9,116220,116206.4,116206.4,3.711,431259.6547
2025-08-19 08:14:00+08:00,116206.4,116245.9,116206.4,116222.2,12.838,1492273.59462
2025-08-19 08:15:00+08:00,116222.2,116222.2,116142.8,116186.4,54.6238,6344627.1481
2025-08-19 08:16:00+08:00,116186.4,116248.6,116186.4,116248.6,50.9634,5922832.78604
2025-08-19 08:17:00+08:00,116248.6,116260,116220.4,116260,16.6802,1939126.20212
2025-08-19 08:18:00+08:00,116260,116260.3,116217.5,116217.6,4.9358,573741.21968
2025-08-19 08:19:00+08:00,116217.6,116240.7,116200,116223.3,12.5434,1457920.83262
2025-08-19 08:20:00+08:00,116223.3,116223.3,116200,116207.4,4.6638,541945.51412
2025-08-19 08:21:00+08:00,116207.4,116223,116200,116200.1,3.7448,435184.90134
2025-08-19 08:22:00+08:00,116200.1,116207.1,115928.3,115928.3,387.7182,44991118.68128
2025-08-19 08:23:00+08:00,115928.3,116093.1,115861.5,116069.6,517.749,60026829.1346
2025-08-19 08:24:00+08:00,116069.6,116089.3,116029.7,116070.5,39.9602,4637116.03518
2025-08-19 08:25:00+08:00,116070.5,116075.7,115868.9,115869,78.5938,9111480.05086
2025-08-19 08:26:00+08:00,115869,115974.8,115868.9,115974.7,33.6786,3905065.35932
2025-08-19 08:27:00+08:00,115974.7,115988.3,115946.5,115946.5,23.6478,2742393.58274
2025-08-19 08:28:00+08:00,115946.5,116017.9,115946.5,115953,12.928,1499628.9535
2025-08-19 08:29:00+08:00,115953,115953.1,115869.9,115869.9,21.683,2513252.47756
2025-08-19 08:30:00+08:00,115869.9,115941.4,115788,115788,308.8838,35777591.39848
2025-08-19 08:31:00+08:00,115788,115788,115461.6,115527,717.1972,82947550.52798
2025-08-19 08:32:00+08:00,115527,115920,115527,115826.1,181.2498,20986762.51688
2025-08-19 08:33:00+08:00,115826.1,115837.4,115674.4,115685.5,70.8094,8196295.21684
2025-08-19 08:34:00+08:00,115685.5,115997.7,115685.5,115991.3,172.515,19990238.90876
2025-08-19 08:35:00+08:00,115991.3,116136,115974.4,116136,46.996,5453506.93574
2025-08-19 08:36:00+08:00,116136,116141.6,116002.1,116002.1,18.9844,2203620.233
2025-08-19 08:37:00+08:00,116002.1,116099.7,116002.1,116075.3,26.5336,3079646.38152
2025-08-19 08:38:00+08:00,116075.3,116100,116026.9,116026.9,27.365,3176828.15966
2025-08-19 08:39:00+08:00,116026.9,116030,115980,116013.4,21.7574,2523917.421
2025-08-19 08:40:00+08:00,116013.4,116087.7,116013.4,116064.3,77.1814,8957161.68718
2025-08-19 08:41:00+08:00,116064.3,116064.3,115944.4,115957.4,27.3396,3171657.1336
2025-08-19 08:42:00+08:00,115957.4,116000,115953.4,115966.6,17.4606,2025256.75658
2025-08-19 08:43:00+08:00,115966.6,115966.6,115901.3,115924.4,8.8778,1029152.54032
2025-08-19 08:44:00+08:00,115924.4,116006.8,115913.6,115966.9,18.5116,2146916.27314
2025-08-19 08:45:00+08:00,115966.9,116169.6,115966.9,116167.5,32.9224,3821773.8819
2025-08-19 08:46:00+08:00,116167.5,116174.5,116098.3,116154.8,23.1316,2686442.02736
2025-08-19 08:47:00+08:00,116154.8,116286,116154.8,116286,86.7126,10077540.96296
2025-08-19 08:48:00+08:00,116286,116310.2,116232.8,116256.2,39.7062,4616746.46654
2025-08-19 08:49:00+08:00,116256.2,116281.9,116237,116276.1,19.4452,2260803.46
2025-08-19 08:50:00+08:00,116276.1,116333.4,116276.1,116315.1,25.2292,2934481.04348
2025-08-19 08:51:00+08:00,116315.1,116360.5,116293.1,116349.3,124.8262,14519672.75096
2025-08-19 08:52:00+08:00,116349.3,116349.3,116278.3,116299.4,43.1576,5019476.12294
2025-08-19 08:53:00+08:00,116299.4,116380.5,116299.4,116380.5,14.0618,1636061.6507
2025-08-19 08:54:00+08:00,116380.5,116382.4,116351.7,116377.1,21.7398,2529754.21368
2025-08-19 08:55:00+08:00,116377.1,116426.6,116358.7,116426.6,61.3916,7144715.73066
2025-08-19 08:56:00+08:00,116426.6,116453.8,116426.5,116453.8,55.481,6460094.80218
2025-08-19 08:57:00+08:00,116453.8,116453.8,116432.6,116432.7,18.4292,2146024.55652
2025-08-19 08:58:00+08:00,116432.7,116450,116426.7,116438.4,12.8264,1493495.35428
2025-08-19 08:59:00+08:00,116438.4,116517,116428.1,116512.6,46.4936,5414964.51172
2025-08-19 09:00:00+08:00,116512.6,116520.6,116457.9,116477.5,59.535,6935761.8879
2025-08-19 09:01:00+08:00,116477.5,116555,116470.3,116553.7,32.2542,3758801.92952
2025-08-19 09:02:00+08:00,116553.7,116558.7,116546.2,116558.6,17.0538,1987630.14976
2025-08-19 09:03:00+08:00,116558.6,116663.8,116558.6,116663.7,96.2844,11227457.66822
2025-08-19 09:04:00+08:00,116663.7,116680,116645,116675.9,98.8876,11536771.56968
2025-08-19 09:05:00+08:00,116675.9,116676.3,116596.6,116662.2,93.7128,10929116.53718
2025-08-19 09:06:00+08:00,116662.2,116671.5,116542.6,116561.6,46.754,5452149.15938
2025-08-19 09:07:00+08:00,116561.6,116582.2,116542.6,116569.9,39.2256,4571902.70046
2025-08-19 09:08:00+08:00,116569.9,116574.2,116505.9,116505.9,14.1994,1654617.782
2025-08-19 09:09:00+08:00,116505.9,116516.3,116441.9,116442,134.0912,15616753.74514
2025-08-19 09:10:00+08:00,116442,116513.7,116442,116483.2,65.2616,7601588.25122
2025-08-19 09:11:00+08:00,116483.2,116515.4,116483.2,116515.4,17.6152,2052188.01072
2025-08-19 09:12:00+08:00,116515.4,116515.4,116478.7,116483.3,14.1496,1648383.5598
2025-08-19 09:13:00+08:00,116483.3,116483.3,116450.4,116477.5,9.4254,1097824.10068
2025-08-19 09:14:00+08:00,116477.5,116477.5,116362.7,116368,43.8524,5105419.24388
2025-08-19 09:15:00+08:00,116368,116403.8,116352.5,116403.8,16.3014,1897037.6627
2025-08-19 09:16:00+08:00,116403.8,116410.4,116383.8,116398.1,14.8266,1725746.73364
2025-08-19 09:17:00+08:00,116398.1,116424.7,116371.1,116371.1,7.3332,853597.23088
2025-08-19 09:18:00+08:00,116371.1,116371.1,116313.2,116313.2,20.5472,2390617.5523
2025-08-19 09:19:00+08:00,116313.2,116326.3,116287.4,116287.4,14.3538,1669410.73982
2025-08-19 09:20:00+08:00,116287.4,116309.7,116287.4,116305.9,14.0916,1638894.19888
2025-08-19 09:21:00+08:00,116305.9,116328.1,116297.6,116297.6,15.3508,1785433.84296
2025-08-19 09:22:00+08:00,116297.6,116303,116265,116270.7,10.2446,1191318.57856
2025-08-19 09:23:00+08:00,116270.7,116272.3,116250,116250.1,14.5758,1694579.8202
2025-08-19 09:24:00+08:00,116250.1,116303.2,116241.9,116290.5,17.36,2018561.26028
2025-08-19 09:25:00+08:00,116290.5,116360.6,116290.5,116327.2,18.8916,2197624.67464
2025-08-19 09:26:00+08:00,116327.2,116348.7,116290.5,116298.3,8.4984,988644.19166
2025-08-19 09:27:00+08:00,116298.3,116298.4,116270,116270,16.3642,1902782.549
2025-08-19 09:28:00+08:00,116270,116270.1,116225,116225.1,9.02,1048545.5153
2025-08-19 09:29:00+08:00,116225.1,116235.5,116145,116145,72.0306,8370011.14574
2025-08-19 09:30:00+08:00,116145,116145.1,115970.9,115981.4,213.4252,24768329.15168
2025-08-19 09:31:00+08:00,115981.4,116008,115970.1,116008,36.2562,4205441.86
2025-08-19 09:32:00+08:00,116008,116023.7,115973.7,116006.6,31.8092,3689905.12306
2025-08-19 09:33:00+08:00,116006.6,116006.6,115905,115905,37.5282,4351274.86006
2025-08-19 09:34:00+08:00,115905,115984.7,115905,115958.8,42.5834,4937473.8869
2025-08-19 09:35:00+08:00,115958.8,115980.9,115929.2,115930.2,15.7284,1823618.90662
2025-08-19 09:36:00+08:00,115930.2,115958.6,115878.9,115892.2,79.9626,9268696.24384
2025-08-19 09:37:00+08:00,115892.2,115947.1,115892.2,115908.6,12.7038,1472606.48554
2025-08-19 09:38:00+08:00,115908.6,115954.3,115908.5,115908.7,9.9782,1156759.86554
2025-08-19 09:39:00+08:00,115908.7,115997.7,115908.5,115939.9,10.8526,1258553.62942
2025-08-19 09:40:00+08:00,115939.9,115954,115905.8,115921.6,7.6918,891695.4874
2025-08-19 09:41:00+08:00,115921.6,115933.5,115906.7,115933.5,12.6982,1471912.0018
2025-08-19 09:42:00+08:00,115933.5,115953.4,115902.1,115910.1,49.0176,5681766.0284
2025-08-19 09:43:00+08:00,115910.1,115910.1,115884.3,115884.6,15.2624,1768869.53674
2025-08-19 09:44:00+08:00,115884.6,115947,115884.6,115947,28.2284,3271795.76984
2025-08-19 09:45:00+08:00,115947,115979.9,115916.8,115916.8,26.8324,3111500.85566
2025-08-19 09:46:00+08:00,115916.8,115949.6,115900.2,115916.5,3.9574,458750.84478
2025-08-19 09:47:00+08:00,115916.5,115916.5,115827,115827,21.2254,2459431.59738
2025-08-19 09:48:00+08:00,115827,115845.9,115800,115800,12.4088,1437084.10326
2025-08-19 09:49:00+08:00,115800,115864.4,115800,115853,46.6234,5400950.82038
2025-08-19 09:50:00+08:00,115853,115853.1,115720.7,115729.1,55.6302,6439961.26274
2025-08-19 09:51:00+08:00,115729.1,115766.5,115687.1,115766.5,111.4994,12900524.51328
2025-08-19 09:52:00+08:00,115766.5,115766.5,115680.8,115723,40.0596,4635133.49788
2025-08-19 09:53:00+08:00,115723,115723,115688.7,115705.5,26.4352,3058524.56936
2025-08-19 09:54:00+08:00,115705.5,115705.5,115669.1,115681.2,24.0008,2776511.25594
2025-08-19 09:55:00+08:00,115681.2,115777.8,115666,115666.1,21.3598,2471732.76596
2025-08-19 09:56:00+08:00,115666.1,115741.5,115665.8,115713.9,36.7948,4257500.29486
2025-08-19 09:57:00+08:00,115713.9,115753.8,115697.2,115719.8,68.5096,7929072.42472
2025-08-19 09:58:00+08:00,115719.8,115766.8,115705.1,115705.1,16.4356,1902511.05684
2025-08-19 09:59:00+08:00,115705.1,115752.6,115704.1,115752.6,13.6458,1579139.69074
2025-08-19 10:00:00+08:00,115752.6,115779.9,115727,115727.1,46.2332,5351155.31364
2025-08-19 10:01:00+08:00,115727.1,115727.1,115680.2,115698.3,9.0974,1052548.06754
2025-08-19 10:02:00+08:00,115698.3,115775.2,115694,115694,21.2434,2458651.68442
2025-08-19 10:03:00+08:00,115694,115717.5,115671.3,115691.9,23.7176,2743906.81236
2025-08-19 10:04:00+08:00,115691.9,115719.3,115661.3,115688.2,28.7822,3330111.23264
2025-08-19 10:05:00+08:00,115688.2,115694,115659,115659.1,12.566,1453597.79076
2025-08-19 10:06:00+08:00,115659.1,115678.2,115656,115656,12.4472,1439653.66222
2025-08-19 10:07:00+08:00,115656,115733.7,115656,115733.7,10.1984,1179852.25402
2025-08-19 10:08:00+08:00,115733.7,115733.7,115696,115733,5.5972,647662.18292
2025-08-19 10:09:00+08:00,115733,115733,115704.3,115733,6.5984,763609.5942
2025-08-19 10:10:00+08:00,115733,115796.4,115726.6,115726.7,40.2226,4655938.07572
2025-08-19 10:11:00+08:00,115726.7,115761.5,115718.4,115738.8,16.232,1878631.24544
2025-08-19 10:12:00+08:00,115738.8,115834.2,115738.8,115834.2,115.1374,13335100.95106
2025-08-19 10:13:00+08:00,115834.2,115893,115834.2,115866.7,74.5858,8641416.26304
2025-08-19 10:14:00+08:00,115866.7,115866.7,115820,115820,15.5134,1796998.64024
2025-08-19 10:15:00+08:00,115820,115860.7,115784.9,115839.5,7.1052,822972.13568
2025-08-19 10:16:00+08:00,115839.5,115839.5,115791.1,115791.1,7.9948,925900.16184
2025-08-19 10:17:00+08:00,115791.1,115791.1,115668.5,115668.5,48.0046,5555222.35132
2025-08-19 10:18:00+08:00,115668.5,115671.5,115595,115595,43.6098,5042773.17864
2025-08-19 10:19:00+08:00,115595,115650.7,115595,115639.2,61.628,7126533.96056
2025-08-19 10:20:00+08:00,115639.2,115675.9,115635.9,115670.3,9.9088,1145934.27742
2025-08-19 10:21:00+08:00,115670.3,115670.3,115607.3,115607.3,5.8132,672311.41208
2025-08-19 10:22:00+08:00,115607.3,115699.4,115595.1,115691.8,9.371,1083564.6892
2025-08-19 10:23:00+08:00,115691.8,115722.8,115658.3,115698.3,20.4738,2368803.5172
2025-08-19 10:24:00+08:00,115698.3,115718,115675.5,115679.9,10.3526,1197766.09444
2025-08-19 10:25:00+08:00,115679.9,115744,115679.9,115732.9,7.6448,884725.53626
2025-08-19 10:26:00+08:00,115732.9,115772,115703,115772,29.0802,3364835.61566
2025-08-19 10:27:00+08:00,115772,115838.9,115771.8,115838.9,39.176,4536802.40696
2025-08-19 10:28:00+08:00,115838.9,115838.9,115793.8,115803.3,11.651,1349387.15506
2025-08-19 10:29:00+08:00,115803.3,115803.4,115776.1,115776.1,17.1326,1983877.10334
2025-08-19 10:30:00+08:00,115776.1,115848.2,115756.6,115848.2,14.546,1684873.58734
2025-08-19 10:31:00+08:00,115848.2,115850,115808.6,115846.3,39.115,4530654.5933
2025-08-19 10:32:00+08:00,115846.3,115850,115795.2,115795.2,5.973,691717.5103
2025-08-19 10:33:00+08:00,115795.2,115795.2,115745.7,115752.6,13.297,1539366.71148
2025-08-19 10:34:00+08:00,115752.6,115791.1,115735.1,115735.1,11.0744,1282005.53784
2025-08-19 10:35:00+08:00,115735.1,115764.3,115700.2,115735,27.3086,3160469.44442
2025-08-19 10:36:00+08:00,115735,115787,115735,115754.1,7.4062,857374.46588
2025-08-19 10:37:00+08:00,115754.1,115810,115749.4,115810,10.3198,1194826.7841
2025-08-19 10:38:00+08:00,115810,115813.3,115775.8,115793.7,3.7606,435453.17484
2025-08-19 10:39:00+08:00,115793.7,115847.9,115785.4,115847.9,6.8158,789374.21402
2025-08-19 10:40:00+08:00,115847.9,115850,115820.1,115846.5,11.7126,1356845.48844
2025-08-19 10:41:00+08:00,115846.5,115909.1,115846.5,115909.1,26.8188,3108021.8237
2025-08-19 10:42:00+08:00,115909.1,115920,115889.2,115908.9,18.6034,2156280.85338
2025-08-19 10:43:00+08:00,115908.9,115919.8,115852.8,115852.8,5.898,683607.51538
2025-08-19 10:44:00+08:00,115852.8,115852.9,115831,115833.1,2.5338,293499.74406
2025-08-19 10:45:00+08:00,115833.1,115855.8,115800.1,115846.1,11.506,1332598.98532
2025-08-19 10:46:00+08:00,115846.1,115855.4,115828.4,115855.4,3.2174,372722.43862
2025-08-19 10:47:00+08:00,115855.4,115855.4,115787.4,115809.2,7.3616,852492.23662
2025-08-19 10:48:00+08:00,115809.2,115867.1,115787.9,115853.4,4.1916,485537.17058
2025-08-19 10:49:00+08:00,115853.4,115912.4,115848.5,115912.4,4.0468,468928.89598
2025-08-19 10:50:00+08:00,115912.4,115919.9,115890.1,115918.4,13.9186,1613262.4777
2025-08-19 10:51:00+08:00,115918.4,116006.9,115918.4,116006.8,44.0062,5103762.8845
2025-08-19 10:52:00+08:00,116006.8,116006.8,115960.5,115966.7,16.7114,1938185.40556
2025-08-19 10:53:00+08:00,115966.7,115966.8,115899,115906.8,15.656,1814861.41888
2025-08-19 10:54:00+08:00,115906.8,115933.7,115895.5,115895.6,11.5542,1339273.68766
2025-08-19 10:55:00+08:00,115895.6,115895.6,115832.8,115832.9,6.77,784338.99756
2025-08-19 10:56:00+08:00,115832.9,115840.6,115785.1,115785.1,8.1712,946406.79178
2025-08-19 10:57:00+08:00,115785.1,115785.1,115757.1,115757.1,3.791,438874.91118
2025-08-19 10:58:00+08:00,115757.1,115757.1,115659.4,115715.3,42.5944,4927799.79924
2025-08-19 10:59:00+08:00,115715.3,115727,115697.8,115705.1,9.0916,1051987.48432
2025-08-19 11:00:00+08:00,115705.1,115726.2,115600,115600.1,48.0296,5554338.6057
2025-08-19 11:01:00+08:00,115600.1,115672.7,115600,115616,22.1198,2557734.6932
2025-08-19 11:02:00+08:00,115616,115633,115600,115615.4,18.9332,2188725.70352
2025-08-19 11:03:00+08:00,115615.4,115632.1,115580.1,115593.4,45.9096,5307030.33994
2025-08-19 11:04:00+08:00,115593.4,115610.8,115568.3,115610.7,16.7688,1938347.83766
2025-08-19 11:05:00+08:00,115610.7,115610.8,115522.7,115522.7,41.9332,4845839.4592
2025-08-19 11:06:00+08:00,115522.7,115667.6,115413.4,115555.7,207.595,23979715.11358
2025-08-19 11:07:00+08:00,115555.7,115604.9,115543.4,115543.4,19.292,2229424.73522
2025-08-19 11:08:00+08:00,115543.4,115545.3,115484.5,115545.2,26.564,3068693.7073
2025-08-19 11:09:00+08:00,115545.2,115594.4,115509.3,115509.5,115.118,13301956.28068
2025-08-19 11:10:00+08:00,115509.5,115509.5,115450,115457.9,32.5662,3760363.62222
2025-08-19 11:11:00+08:00,115457.9,115550.9,115457.8,115472.1,14.9008,1721028.29272
2025-08-19 11:12:00+08:00,115472.1,115517.2,115463,115506.4,17.1958,1985818.27852
2025-08-19 11:13:00+08:00,115506.4,115546.9,115506.4,115526.3,14.529,1678508.31642
2025-08-19 11:14:00+08:00,115526.3,115567.6,115522.7,115567.6,8.0502,930276.1125
2025-08-19 11:15:00+08:00,115567.6,115623.3,115558.7,115590.4,16.4408,1900407.62836
2025-08-19 11:16:00+08:00,115590.4,115590.4,115502,115502.1,13.3186,1538799.69388
2025-08-19 11:17:00+08:00,115502.1,115548.1,115502,115538.9,12.923,1492897.2396
2025-08-19 11:18:00+08:00,115538.9,115577.5,115538.9,115552.3,19.4686,2249755.62772
2025-08-19 11:19:00+08:00,115552.3,115625.3,115550,115625.3,12.0968,1398165.87192
2025-08-19 11:20:00+08:00,115625.3,115625.4,115510.1,115519,27.368,3163446.51904
2025-08-19 11:21:00+08:00,115519,115523.1,115401.1,115401.2,63.9566,7384744.18254
2025-08-19 11:22:00+08:00,115401.2,115455,115339.6,115356,97.824,11287846.26962
2025-08-19 11:23:00+08:00,115356,115356,115226.8,115343.4,161.502,18619504.63036
2025-08-19 11:24:00+08:00,115343.4,115381.7,115333,115381.7,31.6226,3647999.73036
2025-08-19 11:25:00+08:00,115381.7,115393.2,115335.3,115393.1,22.5126,2597064.57188
2025-08-19 11:26:00+08:00,115393.1,115396.1,115365,115373.6,33.875,3908437.91086
2025-08-19 11:27:00+08:00,115373.6,115405.6,115367.4,115378.5,26.0424,3005173.0463
2025-08-19 11:28:00+08:00,115378.5,115378.6,115336.5,115346.1,7.5274,868269.32836
2025-08-19 11:29:00+08:00,115346.1,115346.2,115317.7,115324.5,21.6018,2491295.94702
2025-08-19 11:30:00+08:00,115324.5,115324.5,115282,115294.1,30.631,3531299.29124
2025-08-19 11:31:00+08:00,115294.1,115323.1,115287.9,115299.3,10.2264,1179137.7646
2025-08-19 11:32:00+08:00,115299.3,115299.3,115236,115236,21.84,2517263.12048
2025-08-19 11:33:00+08:00,115236,115250,115200.6,115222.4,70.7518,8151604.83446
2025-08-19 11:34:00+08:00,115222.4,115223.5,115141.8,115177.1,150.362,17318671.11522
2025-08-19 11:35:00+08:00,115177.1,115211.8,115175.5,115187.6,49.047,5650284.32972
2025-08-19 11:36:00+08:00,115187.6,115187.6,115111,115111.1,94.355,10865348.04964
2025-08-19 11:37:00+08:00,115111.1,115179,115088,115122,96.7802,11141983.0363
2025-08-19 11:38:00+08:00,115122,115154,115088.6,115112,153.0322,17619741.14064
2025-08-19 11:39:00+08:00,115112,115112,115034,115034.1,99.6774,11469240.4301
2025-08-19 11:40:00+08:00,115034.1,115109.4,115014.1,115091,76.3204,8780354.53132
2025-08-19 11:41:00+08:00,115091,115100,115060.2,115071.9,16.8798,1942493.12528
2025-08-19 11:42:00+08:00,115071.9,115071.9,114973.8,114983.8,103.348,11886097.26104
2025-08-19 11:43:00+08:00,114983.8,115002.6,114820.7,114822.4,316.1288,36317405.70974
2025-08-19 11:44:00+08:00,114822.4,114970.5,114820.8,114929.6,117.2594,13470507.50066
2025-08-19 11:45:00+08:00,114929.6,114929.7,114851.4,114851.4,75.6962,8696619.72568
2025-08-19 11:46:00+08:00,114851.4,114874.7,114837.7,114837.7,81.8898,9405367.7322
2025-08-19 11:47:00+08:00,114837.7,114874.5,114837.7,114860.8,87.2436,10020722.80518
2025-08-19 11:48:00+08:00,114860.8,114864.8,114823,114839.3,68.1856,7830790.8571
2025-08-19 11:49:00+08:00,114839.3,114873.2,114839.3,114864.1,33.31,3826103.83034
2025-08-19 11:50:00+08:00,114864.1,114907.9,114840,114907.9,25.6464,2945682.70734
2025-08-19 11:51:00+08:00,114907.9,114985.5,114907.9,114908.2,55.921,6428051.58482
2025-08-19 11:52:00+08:00,114908.2,114908.2,114820.9,114820.9,34.3786,3948803.58992
2025-08-19 11:53:00+08:00,114820.9,114835.4,114816.8,114819.4,31.1264,3573975.60474
2025-08-19 11:54:00+08:00,114819.4,114828.6,114749.1,114749.2,259.125,29744663.5701
2025-08-19 11:55:00+08:00,114749.2,114781.6,114748,114779.5,72.2104,8286827.0242
2025-08-19 11:56:00+08:00,114779.5,114783.7,114750.9,114768.5,74.9476,8601866.31488
2025-08-19 11:57:00+08:00,114768.5,114788,114768.4,114788,20.7116,2377207.46426
2025-08-19 11:58:00+08:00,114788,114847.2,114788,114820.6,29.9984,3444658.16862
2025-08-19 11:59:00+08:00,114820.6,114820.6,114760,114760,78.1148,8966697.18408
2025-08-19 12:00:00+08:00,114760,114772.7,114734.1,114742.7,76.609,8790547.24076
2025-08-19 12:01:00+08:00,114742.7,114742.8,114742.7,114742.7,25.0468,2873939.4354
2025-08-19 12:02:00+08:00,114742.7,114826.6,114658.9,114762.8,440.4392,50512059.92608
2025-08-19 12:03:00+08:00,114762.8,114771.4,114650,114660.4,140.9468,16164623.6284
2025-08-19 12:04:00+08:00,114660.4,114724.2,114648,114648,127.823,14661297.74406
2025-08-19 12:05:00+08:00,114648,114698.9,114625.2,114625.3,34.847,3995496.21366
2025-08-19 12:06:00+08:00,114625.3,114625.3,114580,114594.4,174.2466,19968617.3235
2025-08-19 12:07:00+08:00,114594.4,114717.9,114569.9,114572.2,159.3694,18265243.72654
2025-08-19 12:08:00+08:00,114572.2,114572.2,114354.5,114363.1,1033.04,118253624.00944
2025-08-19 12:09:00+08:00,114363.1,114604.3,114310.1,114495.1,436.2924,49917416.9379
2025-08-19 12:10:00+08:00,114495.1,114701.8,114495.1,114630.2,173.6108,19902036.35226
2025-08-19 12:11:00+08:00,114630.2,114732.6,114623.2,114732.6,89.2,10228975.76004
2025-08-19 12:12:00+08:00,114732.6,114929.6,114732.6,114911.2,220.904,25374907.39928
2025-08-19 12:13:00+08:00,114911.2,114920.7,114692.2,114731.2,111.5916,12814512.64804
2025-08-19 12:14:00+08:00,114731.2,114814.8,114719.8,114722.9,75.0922,8617456.21148
2025-08-19 12:15:00+08:00,114722.9,114724.7,114591.9,114650.5,90.4386,10368194.2948
2025-08-19 12:16:00+08:00,114650.5,114867.8,114650.5,114849.7,131.5538,15103426.36272
2025-08-19 12:17:00+08:00,114849.7,114920.4,114849.7,114854.3,65.0844,7478040.08026
2025-08-19 12:18:00+08:00,114854.3,114854.3,114718.1,114760.6,84.023,9645605.12712
2025-08-19 12:19:00+08:00,114760.6,114963.3,114754.4,114963.3,187.19,21510364.0097
2025-08-19 12:20:00+08:00,114963.3,114990.5,114856.9,114884.1,56.165,6454319.4557
2025-08-19 12:21:00+08:00,114884.1,114914.3,114846.6,114889.2,37.9446,4359324.51492
2025-08-19 12:22:00+08:00,114889.2,114917.4,114887.9,114898.8,20.475,2352771.92276
2025-08-19 12:23:00+08:00,114898.8,114898.8,114785.2,114851.3,31.1482,3577444.05196
2025-08-19 12:24:00+08:00,114851.3,114893.8,114829.7,114893.8,23.7308,2725815.7583
2025-08-19 12:25:00+08:00,114893.8,114893.8,114743,114749.9,37.6104,4317279.89294
2025-08-19 12:26:00+08:00,114749.9,114833.8,114749.9,114808.2,16.8944,1939214.02664
2025-08-19 12:27:00+08:00,114808.2,114856.4,114802.3,114840.9,26.6862,3064076.03008
2025-08-19 12:28:00+08:00,114840.9,114863.3,114819.5,114827.5,27.6926,3180391.68242
2025-08-19 12:29:00+08:00,114827.5,114852.4,114827.4,114846.7,18.6812,2145432.50948
2025-08-19 12:30:00+08:00,114846.7,114920.2,114832.5,114907.1,16.2728,1869461.90196
2025-08-19 12:31:00+08:00,114907.1,114960.2,114907,114960.2,27.3548,3144247.6366
2025-08-19 12:32:00+08:00,114960.2,114960.2,114919.6,114926.4,35.6746,4100797.81496
2025-08-19 12:33:00+08:00,114926.4,114945.2,114907.2,114907.2,45.4288,5221337.43286
2025-08-19 12:34:00+08:00,114907.2,114961.4,114907.2,114961.4,30.3026,3483091.2264
2025-08-19 12:35:00+08:00,114961.4,114976.8,114920.3,114953.2,31.7158,3645539.20852
2025-08-19 12:36:00+08:00,114953.2,115058,114953.1,115058,75.2654,8656321.66236
2025-08-19 12:37:00+08:00,115058,115058.2,114982.8,114996.1,62.6888,7210421.3657
2025-08-19 12:38:00+08:00,114996.1,115007,114968,114988.6,21.246,2442917.1817
2025-08-19 12:39:00+08:00,114988.6,115033.6,114973.9,115024.1,13.9294,1601929.17918
2025-08-19 12:40:00+08:00,115024.1,115024.2,114976.2,114996.4,20.3372,2338703.60414
2025-08-19 12:41:00+08:00,114996.4,115088.1,114996.3,115088.1,41.2558,4746618.2731
2025-08-19 12:42:00+08:00,115088.1,115123.7,115074.9,115100.1,206.1096,23725791.00378
2025-08-19 12:43:00+08:00,115100.1,115100.2,115070.3,115095.1,70.583,8123899.5513
2025-08-19 12:44:00+08:00,115095.1,115205.5,115093.9,115200.2,275.596,31740212.27732
2025-08-19 12:45:00+08:00,115200.2,115200.2,115101.8,115101.8,74.2436,8549696.47676
2025-08-19 12:46:00+08:00,115101.8,115132.9,115085.7,115132.8,21.4966,2474542.52378
2025-08-19 12:47:00+08:00,115132.8,115148,115101.3,115119.1,70.9132,8163375.44102
2025-08-19 12:48:00+08:00,115119.1,115137.2,115119,115137.2,34.5332,3975732.78766
2025-08-19 12:49:00+08:00,115137.2,115137.2,115092.6,115096,33.8436,3895662.37362
2025-08-19 12:50:00+08:00,115096,115132.4,115096,115132.4,18.4074,2119009.91386
2025-08-19 12:51:00+08:00,115132.4,115187.9,115132.3,115171.3,10.4736,1206162.71548
2025-08-19 12:52:00+08:00,115171.3,115200,115153.4,115199.9,21.7988,2510760.47478
2025-08-19 12:53:00+08:00,115199.9,115216.3,115199.9,115200.2,23.065,2657321.2309
2025-08-19 12:54:00+08:00,115200.2,115222.1,115200.1,115221.1,13.528,1558650.59346
2025-08-19 12:55:00+08:00,115221.1,115221.1,115183.1,115215.2,32.2314,3713030.08378
2025-08-19 12:56:00+08:00,115215.2,115262.4,115215.1,115262.4,56.657,6528791.08384
2025-08-19 12:57:00+08:00,115262.4,115296.1,115259.7,115296,36.233,4176964.09216
2025-08-19 12:58:00+08:00,115296,115325.4,115294.4,115314.8,116.4022,13422164.9503
2025-08-19 12:59:00+08:00,115314.8,115314.9,115258.3,115268,85.3546,9839399.55158
2025-08-19 13:00:00+08:00,115268,115348,115267.9,115348,48.3182,5571047.18378
2025-08-19 13:01:00+08:00,115348,115416.7,115347.9,115416.7,53.509,6173698.02218
2025-08-19 13:02:00+08:00,115416.7,115427.7,115338.1,115338.2,76.1494,8787626.65158
2025-08-19 13:03:00+08:00,115338.2,115338.2,115254.4,115254.4,77.7908,8968997.75762
2025-08-19 13:04:00+08:00,115254.4,115283.9,115207.9,115283.9,55.8774,6439007.23376
2025-08-19 13:05:00+08:00,115283.9,115430.2,115283.9,115410.6,118.4364,13664925.04998
2025-08-19 13:06:00+08:00,115410.6,115410.7,115317.2,115317.2,52.7212,6082338.62058
2025-08-19 13:07:00+08:00,115317.2,115324.6,115254.9,115281.7,14.6908,1693811.22546
2025-08-19 13:08:00+08:00,115281.7,115281.7,115219.4,115259.3,14.2034,1637029.42112
2025-08-19 13:09:00+08:00,115259.3,115281.7,115247.2,115250,15.0504,1734821.20382
2025-08-19 13:10:00+08:00,115250,115260.6,115211.5,115217.5,21.1196,2433563.93592
2025-08-19 13:11:00+08:00,115217.5,115228.4,115211.2,115226.4,36.2842,4180537.32126
2025-08-19 13:12:00+08:00,115226.4,115226.5,115126,115131.7,94.6534,10904440.82082
2025-08-19 13:13:00+08:00,115131.7,115131.7,115081.2,115125.3,22.9384,2640107.38462
2025-08-19 13:14:00+08:00,115125.3,115200,115125.3,115163,42.0274,4839776.75568
2025-08-19 13:15:00+08:00,115163,115242.2,115163,115180.8,23.7994,2741552.1411
2025-08-19 13:16:00+08:00,115180.8,115181,115160.8,115175.6,18.8454,2170421.4642
2025-08-19 13:17:00+08:00,115175.6,115259.6,115175.6,115243.2,18.5052,2132536.0104
2025-08-19 13:18:00+08:00,115243.2,115260.5,115226.1,115248.9,32.0282,3691380.42738
2025-08-19 13:19:00+08:00,115248.9,115266.7,115232.6,115234.2,25.5672,2946363.18236
2025-08-19 13:20:00+08:00,115234.2,115279.7,115234.2,115279.7,16.7718,1933279.96282
2025-08-19 13:21:00+08:00,115279.7,115279.7,115254,115256.4,6.6432,765757.57666
2025-08-19 13:22:00+08:00,115256.4,115256.4,115148.5,115157.9,14.2064,1636349.28002
2025-08-19 13:23:00+08:00,115157.9,115165.6,115120,115163.3,27.4896,3165322.3975
2025-08-19 13:24:00+08:00,115163.3,115186,115163.3,115186,10.613,1222366.69588
2025-08-19 13:25:00+08:00,115186,115299,115185.9,115291.2,9.7648,1125409.85032
2025-08-19 13:26:00+08:00,115291.2,115291.2,115211.6,115258.8,30.4326,3506887.51484
2025-08-19 13:27:00+08:00,115258.8,115334.5,115258.8,115331.9,19.4878,2246621.62612
2025-08-19 13:28:00+08:00,115331.9,115363.1,115321,115363,37.3626,4309233.87396
2025-08-19 13:29:00+08:00,115363,115384.2,115323.5,115337.7,30.6008,3530146.28896
2025-08-19 13:30:00+08:00,115337.7,115371.7,115330.1,115371.7,17.1074,1973384.28236
2025-08-19 13:31:00+08:00,115371.7,115371.7,115344.6,115344.7,8.1376,938727.18164
2025-08-19 13:32:00+08:00,115344.7,115348.1,115200,115200,53.0822,6119035.38182
2025-08-19 13:33:00+08:00,115200,115254.7,115200,115253.6,8.76,1009526.18854
2025-08-19 13:34:00+08:00,115253.6,115253.6,115143.2,115143.2,42.2236,4863478.9421
2025-08-19 13:35:00+08:00,115143.2,115143.3,115092.3,115092.3,13.854,1594804.65532
2025-08-19 13:36:00+08:00,115092.3,115129.5,115092.3,115129.5,17.3938,2002206.88166
2025-08-19 13:37:00+08:00,115129.5,115135.6,115102.6,115135.6,10.0826,1160629.35706
2025-08-19 13:38:00+08:00,115135.6,115185.1,115132.7,115168,3.6854,424392.89458
2025-08-19 13:39:00+08:00,115168,115186.4,115152.3,115186.4,10.887,1253934.44228
2025-08-19 13:40:00+08:00,115186.4,115260,115180.9,115260,11.3548,1308356.75208
2025-08-19 13:41:00+08:00,115260,115265.9,115242.1,115260,11.8944,1370880.19382
2025-08-19 13:42:00+08:00,115260,115284.2,115260,115272.3,5.6146,647209.38656
2025-08-19 13:43:00+08:00,115272.3,115272.3,115210.6,115218.5,9.5434,1099936.19056
2025-08-19 13:44:00+08:00,115218.5,115218.6,115055,115055.1,21.1496,2435021.9134
2025-08-19 13:45:00+08:00,115055.1,115055.1,114988.6,115008.2,81.8062,9409541.75532
2025-08-19 13:46:00+08:00,115008.2,115008.2,114935,114945.9,53.3756,6136263.80636
2025-08-19 13:47:00+08:00,114945.9,114987,114945.9,114949.1,35.1944,4046141.00458
2025-08-19 13:48:00+08:00,114949.1,114991.4,114949.1,114991.2,25.524,2934525.45878
2025-08-19 13:49:00+08:00,114991.2,115031,114991.2,115003.2,11.7794,1354764.07144
2025-08-19 13:50:00+08:00,115003.2,115049.9,115003.1,115032,17.9282,2062472.23336
2025-08-19 13:51:00+08:00,115032,115032,114982.3,114982.3,10.3434,1189623.76502
2025-08-19 13:52:00+08:00,114982.3,114982.3,114940,114940,22.2838,2561473.23632
2025-08-19 13:53:00+08:00,114940,114943.6,114933.7,114933.7,10.1076,1161769.01396
2025-08-19 13:54:00+08:00,114933.7,114970,114900,114967,305.2286,35075441.67404
2025-08-19 13:55:00+08:00,114967,114967,114911.7,114938.6,99.9908,11492906.6716
2025-08-19 13:56:00+08:00,114938.6,114938.6,114901.1,114918.2,55.1632,6339867.30778
2025-08-19 13:57:00+08:00,114918.2,114918.2,114918.1,114918.2,9.2044,1057752.53358
2025-08-19 13:58:00+08:00,114918.2,114933,114918.2,114921.7,13.9482,1603040.03362
2025-08-19 13:59:00+08:00,114921.7,114921.7,114921.6,114921.7,13.5038,1551878.4242
2025-08-19 14:00:00+08:00,114921.7,114921.7,114866.2,114921,150.0298,17236155.2282
2025-08-19 14:01:00+08:00,114921,114952.3,114918.1,114952.2,158.0464,18163591.4015
2025-08-19 14:02:00+08:00,114952.2,114999.4,114919.7,114925.1,53.7338,6177726.5492
2025-08-19 14:03:00+08:00,114925.1,114966.6,114918.6,114966.6,17.2412,1981551.943
2025-08-19 14:04:00+08:00,114966.6,114987.1,114954.7,114954.7,10.1286,1164576.7596
2025-08-19 14:05:00+08:00,114954.7,114967.3,114900.5,114941.4,13.7482,1580197.18686
2025-08-19 14:06:00+08:00,114941.4,114982.6,114941.3,114972,9.0942,1045573.49228
2025-08-19 14:07:00+08:00,114972,115001.1,114972,115000.4,25.4978,2932181.3704
2025-08-19 14:08:00+08:00,115000.4,115028.6,114978.4,115028.6,28.6258,3292302.52252
2025-08-19 14:09:00+08:00,115028.6,115046,115028.6,115046,42.2366,4858892.50624
2025-08-19 14:10:00+08:00,115046,115050,115023.8,115050,9.8398,1131918.9049
2025-08-19 14:11:00+08:00,115050,115069.8,115050,115064.5,26.7278,3075206.50818
2025-08-19 14:12:00+08:00,115064.5,115076.6,115032.8,115032.8,18.597,2139943.34418
2025-08-19 14:13:00+08:00,115032.8,115032.9,115032.7,115032.8,8.0016,920446.68288
2025-08-19 14:14:00+08:00,115032.8,115032.8,114984.5,115000,19.0742,2193656.03408
2025-08-19 14:15:00+08:00,115000,115000,114869.7,114899.9,23.3512,2683133.32134
2025-08-19 14:16:00+08:00,114899.9,114951.7,114899.8,114931.7,12.6164,1450019.62286
2025-08-19 14:17:00+08:00,114931.7,114937.2,114919.5,114934.4,12.4648,1432591.2276
2025-08-19 14:18:00+08:00,114934.4,114964.1,114916.2,114927.8,7.0224,807224.11674
2025-08-19 14:19:00+08:00,114927.8,115055.7,114927.8,115046.2,11.9794,1377707.19886
2025-08-19 14:20:00+08:00,115046.2,115067.9,115013,115013,14.9354,1718323.59868
2025-08-19 14:21:00+08:00,115013,115013,114952.5,114962.5,13.479,1549717.05396
2025-08-19 14:22:00+08:00,114962.5,114962.5,114934.4,114938.4,9.0286,1037801.47614
2025-08-19 14:23:00+08:00,114938.4,114999.1,114938.3,114970.1,12.1612,1398132.6451
2025-08-19 14:24:00+08:00,114970.1,115047.3,114970,115045.2,11.0124,1266471.85468
2025-08-19 14:25:00+08:00,115045.2,115123.4,115041.5,115123.4,45.7104,5260430.25478
2025-08-19 14:26:00+08:00,115123.4,115189.7,115121.8,115121.9,25.6696,2955999.19264
2025-08-19 14:27:00+08:00,115121.9,115137.9,115061.5,115082.7,18.446,2123289.99182
2025-08-19 14:28:00+08:00,115082.7,115082.7,115041.5,115082,14.4738,1665232.40072
2025-08-19 14:29:00+08:00,115082,115101.7,115079.6,115092.1,6.8452,787777.49812
2025-08-19 14:30:00+08:00,115092.1,115099.9,115060.1,115068.9,17.4892,2012740.4173
2025-08-19 14:31:00+08:00,115068.9,115092.7,114987.9,114987.9,17.1332,1970968.09274
2025-08-19 14:32:00+08:00,114987.9,115031.5,114970.3,114993,11.9476,1373896.37054
2025-08-19 14:33:00+08:00,114993,114993,114940,114944.6,11.5898,1332228.23604
2025-08-19 14:34:00+08:00,114944.6,114979.6,114931,114931,66.6646,7662959.36584
2025-08-19 14:35:00+08:00,114931,114969.2,114919.4,114964.4,14.6912,1688593.8394
2025-08-19 14:36:00+08:00,114964.4,115005.2,114959.2,115005.2,4.8318,555626.67498
2025-08-19 14:37:00+08:00,115005.2,115007.1,114959.2,114959.2,17.0764,1963786.03916
2025-08-19 14:38:00+08:00,114959.2,114997.4,114959.1,114988.9,4.6094,529970.4292
2025-08-19 14:39:00+08:00,114988.9,114988.9,114963.5,114966.4,5.74,659952.96156
2025-08-19 14:40:00+08:00,114966.4,114986.9,114966.3,114986.9,2.588,297544.8807
2025-08-19 14:41:00+08:00,114986.9,115008.8,114975.3,114975.3,6.8028,782333.16588
2025-08-19 14:42:00+08:00,114975.3,115021.9,114973.1,115002.2,44.787,5150500.96508
2025-08-19 14:43:00+08:00,115002.2,115010.4,114973.2,114973.3,22.435,2579947.75936
2025-08-19 14:44:00+08:00,114973.3,114978.9,114956.1,114956.1,11.0438,1269646.66776
2025-08-19 14:45:00+08:00,114956.1,115025.6,114956.1,115025.5,52.873,6079931.94638
2025-08-19 14:46:00+08:00,115025.5,115043.3,114958.6,114958.7,101.5288,11678926.45578
2025-08-19 14:47:00+08:00,114958.7,114963,114900,114900,15.0904,1734458.88766
2025-08-19 14:48:00+08:00,114900,114916,114883.2,114883.2,18.2916,2101725.95624
2025-08-19 14:49:00+08:00,114883.2,114932.2,114883.2,114916.6,22.86,2626594.83624
2025-08-19 14:50:00+08:00,114916.6,114926.7,114891.3,114914,14.563,1673492.21918
2025-08-19 14:51:00+08:00,114914,114960,114913.9,114954.8,7.2396,832092.54236
2025-08-19 14:52:00+08:00,114954.8,114974.4,114954.1,114974.4,5.367,617040.4726
2025-08-19 14:53:00+08:00,114974.4,114974.4,114966,114973.8,5.4828,630351.16388
2025-08-19 14:54:00+08:00,114973.8,114973.9,114910.3,114910.4,4.8278,554947.7109
2025-08-19 14:55:00+08:00,114910.4,114910.4,114900,114900.7,13.0946,1504642.78186
2025-08-19 14:56:00+08:00,114900.7,114937.6,114900.7,114937.6,12.8476,1476521.4869
2025-08-19 14:57:00+08:00,114937.6,114980,114937.6,114976.9,23.9944,2758564.5043
2025-08-19 14:58:00+08:00,114976.9,114976.9,114929.6,114935.9,12.3488,1419584.09906
2025-08-19 14:59:00+08:00,114935.9,114981.6,114922.7,114973.5,9.3646,1076405.32418
2025-08-19 15:00:00+08:00,114973.5,115017.9,114942.9,114942.9,33.347,3834763.45968
2025-08-19 15:01:00+08:00,114942.9,114943,114884.8,114884.8,31.2288,3589180.5863
2025-08-19 15:02:00+08:00,114884.8,114887.4,114857.6,114862.8,25.784,2961642.78456
2025-08-19 15:03:00+08:00,114862.8,114982.6,114850,114960,50.2966,5779000.9335
2025-08-19 15:04:00+08:00,114960,114997.7,114947.8,114949.5,12.2328,1406412.01916
2025-08-19 15:05:00+08:00,114949.5,114949.5,114890,114890.1,12.9172,1484354.15222
2025-08-19 15:06:00+08:00,114890.1,114890.1,114846.7,114883.1,24.7974,2848389.93224
2025-08-19 15:07:00+08:00,114883.1,114897.9,114870.9,114871,16.2046,1861814.09862
2025-08-19 15:08:00+08:00,114871,114871,114846.7,114864,24.4532,2808570.69984
2025-08-19 15:09:00+08:00,114864,114864,114850.4,114853.7,5.6788,652241.81176
2025-08-19 15:10:00+08:00,114853.7,114862.1,114805,114805.1,27.5454,3163299.1325
2025-08-19 15:11:00+08:00,114805.1,114826.4,114803,114803.1,35.1396,4034280.21838
2025-08-19 15:12:00+08:00,114803.1,114804.2,114786.6,114801.4,23.8304,2735627.61092
2025-08-19 15:13:00+08:00,114801.4,114801.4,114801.3,114801.4,21.3576,2451880.74662
2025-08-19 15:14:00+08:00,114801.4,114838.4,114801.3,114838.3,16.1962,1859632.89334
2025-08-19 15:15:00+08:00,114838.3,114851.9,114801.3,114801.4,26.0292,2988637.72072
2025-08-19 15:16:00+08:00,114801.4,114806.1,114780.9,114780.9,13.8738,1592618.97726
2025-08-19 15:17:00+08:00,114780.9,114785.4,114753.9,114762.9,20.1358,2311006.87622
2025-08-19 15:18:00+08:00,114762.9,114793.4,114753,114753,15.022,1724198.6552
2025-08-19 15:19:00+08:00,114753,114778.1,114711.3,114778.1,71.9394,8254081.0671
2025-08-19 15:20:00+08:00,114778.1,114796.9,114746.7,114746.7,13.5712,1557754.64576
2025-08-19 15:21:00+08:00,114746.7,114753.5,114682.4,114709.8,61.4458,7047910.62524
2025-08-19 15:22:00+08:00,114709.8,114747.2,114701.3,114731,62.3696,7154946.49736
2025-08-19 15:23:00+08:00,114731,114731,114610.2,114617.1,90.4108,10366088.11518
2025-08-19 15:24:00+08:00,114617.1,114714,114617.1,114668.1,93.297,10697553.9545
2025-08-19 15:25:00+08:00,114668.1,114714.6,114668.1,114687.4,23.1654,2657155.56648
2025-08-19 15:26:00+08:00,114687.4,114687.4,114622.1,114630.1,27.1574,3113478.1525
2025-08-19 15:27:00+08:00,114630.1,114732.4,114615.4,114732.4,202.0682,23166547.3515
2025-08-19 15:28:00+08:00,114732.4,114759.9,114715.7,114739.1,142.5576,16356663.63208
2025-08-19 15:29:00+08:00,114739.1,114739.1,114670.2,114670.3,61.8652,7095177.50274
2025-08-19 15:30:00+08:00,114670.3,114698.4,114623.5,114698.4,24.653,2826566.6866
2025-08-19 15:31:00+08:00,114698.4,114698.4,114628.1,114628.1,24.9012,2854627.97492
2025-08-19 15:32:00+08:00,114628.1,114628.2,114580,114580.1,40.8216,4678205.38782
2025-08-19 15:33:00+08:00,114580.1,114633.6,114580,114617.3,62.5596,7169300.6685
2025-08-19 15:34:00+08:00,114617.3,114676.8,114617.2,114652.3,82.4184,9449089.59546
2025-08-19 15:35:00+08:00,114652.3,114658.5,114633.1,114633.1,8.9812,1029662.98168
2025-08-19 15:36:00+08:00,114633.1,114633.1,114600.1,114602.4,14.6732,1681713.91052
2025-08-19 15:37:00+08:00,114602.4,114705.9,114602.4,114705.9,18.808,2156375.2778
2025-08-19 15:38:00+08:00,114705.9,114886.6,114705.9,114879.3,134.7318,15472557.8912
2025-08-19 15:39:00+08:00,114879.3,114926.2,114826.9,114827,108.9096,12511728.09922
2025-08-19 15:40:00+08:00,114827,114862,114800.5,114831.8,56.0396,6436282.73542
2025-08-19 15:41:00+08:00,114831.8,114832,114796.6,114797.4,13.211,1516705.38332
2025-08-19 15:42:00+08:00,114797.4,114810.4,114744.1,114744.1,13.7602,1579536.79748
2025-08-19 15:43:00+08:00,114744.1,114768.2,114744,114763.6,18.1924,2087704.26428
2025-08-19 15:44:00+08:00,114763.6,114767.9,114744,114760.4,3.2956,378173.19868
2025-08-19 15:45:00+08:00,114760.4,114830.4,114750.5,114830.4,18.0576,2072764.90416
2025-08-19 15:46:00+08:00,114830.4,114880.8,114802.1,114802.2,17.671,2029420.50746
2025-08-19 15:47:00+08:00,114802.2,114888,114788.4,114888,18.0396,2071773.7946
2025-08-19 15:48:00+08:00,114888,114910.4,114885.7,114895.2,33.5244,3851777.9193
2025-08-19 15:49:00+08:00,114895.2,114895.2,114853.5,114853.6,9.841,1130474.51024
2025-08-19 15:50:00+08:00,114853.6,114871.3,114815,114827.2,32.7752,3764042.33164
2025-08-19 15:51:00+08:00,114827.2,114940.4,114826.1,114940.4,52.4324,6024346.60766
2025-08-19 15:52:00+08:00,114940.4,114958.6,114900.4,114905.9,103.6106,11906259.10212
2025-08-19 15:53:00+08:00,114905.9,114935.2,114905.8,114935.2,20.636,2371649.18372
2025-08-19 15:54:00+08:00,114935.2,114951.7,114935.2,114951.6,14.7202,1691988.72734
2025-08-19 15:55:00+08:00,114951.6,114951.6,114895.3,114895.3,23.401,2688953.88924
2025-08-19 15:56:00+08:00,114895.3,114895.4,114882.7,114890.4,37.3946,4296401.87572
2025-08-19 15:57:00+08:00,114890.4,114907,114881.4,114907,9.2,1057055.64402
2025-08-19 15:58:00+08:00,114907,114920.5,114903.3,114920.5,14.6936,1688410.13838
2025-08-19 15:59:00+08:00,114920.5,114939.2,114920.4,114939.2,11.2902,1297475.352
2025-08-19 16:00:00+08:00,114939.2,114939.2,114926,114926,24.4266,2807453.89414
2025-08-19 16:01:00+08:00,114926,114994.9,114890.5,114950.3,75.4336,8670199.69602
2025-08-19 16:02:00+08:00,114950.3,114950.4,114903.2,114913.8,25.7304,2957051.4758
2025-08-19 16:03:00+08:00,114913.8,114913.8,114893.8,114900.4,10.6944,1228823.29876
2025-08-19 16:04:00+08:00,114900.4,114914.5,114893.8,114893.8,21.2038,2436420.7964
2025-08-19 16:05:00+08:00,114893.8,114893.8,114886.6,114889.2,10.8392,1245307.0659
2025-08-19 16:06:00+08:00,114889.2,114889.3,114811.8,114811.8,23.5416,2703851.98558
2025-08-19 16:07:00+08:00,114811.8,114842.8,114810.3,114810.3,108.2792,12434071.88654
2025-08-19 16:08:00+08:00,114810.3,114810.4,114762.7,114762.7,27.4074,3145654.33958
2025-08-19 16:09:00+08:00,114762.7,114800,114762.7,114800,17.2822,1983507.38458
2025-08-19 16:10:00+08:00,114800,114818.5,114779.8,114809.4,6.3062,723999.11718
2025-08-19 16:11:00+08:00,114809.4,114838.9,114781.2,114781.3,14.9586,1717469.6927
2025-08-19 16:12:00+08:00,114781.3,114841.3,114781.2,114841.2,34.3778,3946560.31332
2025-08-19 16:13:00+08:00,114841.2,114860.4,114815,114860.4,24.1982,2778894.67766
2025-08-19 16:14:00+08:00,114860.4,114999.9,114860.4,114997,56.8726,6536494.55008
2025-08-19 16:15:00+08:00,114997,115062.5,114996.9,115029.7,87.769,10096739.24714
2025-08-19 16:16:00+08:00,115029.7,115029.7,114974,114992.1,15.0488,1730547.3815
2025-08-19 16:17:00+08:00,114992.1,114992.1,114925.6,114925.6,21.4096,2461084.74092
2025-08-19 16:18:00+08:00,114925.6,115000,114911.3,115000,28.5276,3279496.62818
2025-08-19 16:19:00+08:00,115000,115000,114959.7,114959.8,13.7892,1585544.42372
2025-08-19 16:20:00+08:00,114959.8,114994.7,114937.8,114994.7,16.2658,1870220.59068
2025-08-19 16:21:00+08:00,114994.7,114994.7,114971.8,114980.4,11.0038,1265197.77526
2025-08-19 16:22:00+08:00,114980.4,114998.2,114974.4,114998.2,10.8516,1247861.19568
2025-08-19 16:23:00+08:00,114998.2,114998.4,114998.2,114998.3,11.3782,1308474.62022
2025-08-19 16:24:00+08:00,114998.3,115010.4,114978.5,115010.4,4.5926,528112.5563
2025-08-19 16:25:00+08:00,115010.4,115023.3,115010.4,115023.2,10.8752,1250901.27524
2025-08-19 16:26:00+08:00,115023.2,115023.2,114971.9,114972,27.4156,3153120.94836
2025-08-19 16:27:00+08:00,114972,115019.6,114972,115019.6,23.6902,2724680.41032
2025-08-19 16:28:00+08:00,115019.6,115019.6,114983.2,114983.2,37.081,4264826.00868
2025-08-19 16:29:00+08:00,114983.2,114983.3,114923.1,114923.1,14.6586,1685162.47418
2025-08-19 16:30:00+08:00,114923.1,114923.2,114817.9,114817.9,21.23,2438402.36516
2025-08-19 16:31:00+08:00,114817.9,114819.7,114791.8,114791.8,17.3826,1995611.56026
2025-08-19 16:32:00+08:00,114791.8,114791.8,114760.4,114760.5,17.5518,2014316.79198
2025-08-19 16:33:00+08:00,114760.5,114844.9,114760.5,114844.8,31.733,3643143.48166
2025-08-19 16:34:00+08:00,114844.8,114844.8,114817.9,114817.9,18.1606,2085296.05456
2025-08-19 16:35:00+08:00,114817.9,114820.6,114763.6,114769.2,13.762,1579748.9045
2025-08-19 16:36:00+08:00,114769.2,114818,114769.2,114818,20.5204,2355614.79086
2025-08-19 16:37:00+08:00,114818,114823.8,114798.3,114816.3,10.488,1204153.51304
2025-08-19 16:38:00+08:00,114816.3,114830.3,114806.8,114830.3,6.1796,709551.22664
2025-08-19 16:39:00+08:00,114830.3,114835.3,114830.3,114835.2,4.1176,472831.3497
2025-08-19 16:40:00+08:00,114835.2,114885.3,114835.2,114870,14.2708,1639037.7479
2025-08-19 16:41:00+08:00,114870,114881.1,114857.9,114871.4,18.166,2086849.43644
2025-08-19 16:42:00+08:00,114871.4,114925.5,114871.4,114925.4,12.3648,1420889.91338
2025-08-19 16:43:00+08:00,114925.4,115001.1,114925.4,115001.1,17.1274,1968972.283
2025-08-19 16:44:00+08:00,115001.1,115001.1,114973.8,114974.4,38.6108,4439684.02054
2025-08-19 16:45:00+08:00,114974.4,114974.4,114925.6,114969.3,5.9182,680305.02834
2025-08-19 16:46:00+08:00,114969.3,115010.4,114969.2,115005.8,17.1944,1977084.68204
2025-08-19 16:47:00+08:00,115005.8,115095.2,115005.8,115054.3,135.8472,15628175.19832
2025-08-19 16:48:00+08:00,115054.3,115100,115048.8,115099.4,48.5554,5587571.93656
2025-08-19 16:49:00+08:00,115099.4,115099.4,115035.2,115038.1,18.0298,2074408.99002
2025-08-19 16:50:00+08:00,115038.1,115098.5,115038.1,115098.5,29.3842,3381534.66686
2025-08-19 16:51:00+08:00,115098.5,115183.1,115098.5,115183.1,202.3998,23306258.73024
2025-08-19 16:52:00+08:00,115183.1,115259.9,115183,115198.3,177.8486,20492450.13024
2025-08-19 16:53:00+08:00,115198.3,115198.3,115150,115161.2,54.5848,6286220.77638
2025-08-19 16:54:00+08:00,115161.2,115254.1,115161.1,115254,23.7082,2731720.504
2025-08-19 16:55:00+08:00,115254,115254.1,115197.9,115198,20.1246,2318615.67916
2025-08-19 16:56:00+08:00,115198,115199.2,115188,115191.7,35.0444,4037027.5169
2025-08-19 16:57:00+08:00,115191.7,115191.7,115167.6,115167.7,16.5888,1910672.46174
2025-08-19 16:58:00+08:00,115167.7,115177.3,115155.6,115177.3,13.2826,1529654.32506
2025-08-19 16:59:00+08:00,115177.3,115177.3,115155,115155,10.964,1262621.45232
2025-08-19 17:00:00+08:00,115155,115215.2,115147.8,115207.2,29.9996,3455776.99096
2025-08-19 17:01:00+08:00,115207.2,115207.3,115159.2,115201.8,20.135,2319306.56348
2025-08-19 17:02:00+08:00,115201.8,115201.8,115150.1,115150.2,17.7808,2047717.86508
2025-08-19 17:03:00+08:00,115150.2,115228.3,115150.1,115228.3,15.187,1749659.48936
2025-08-19 17:04:00+08:00,115228.3,115249.9,115228.2,115233.4,26.644,3070408.36784
2025-08-19 17:05:00+08:00,115233.4,115284.5,115225,115283.9,35.995,4148759.30058
2025-08-19 17:06:00+08:00,115283.9,115311.3,115276.6,115310.5,74.8298,8627993.27182
2025-08-19 17:07:00+08:00,115310.5,115359.4,115257.1,115350.3,80.9746,9337065.31358
2025-08-19 17:08:00+08:00,115350.3,115350.4,115257.1,115288,76.4008,8809253.64004
2025-08-19 17:09:00+08:00,115288,115288.1,115228.5,115251,37.676,4342514.82082
2025-08-19 17:10:00+08:00,115251,115268.6,115249.5,115254.2,11.2934,1301650.34156
2025-08-19 17:11:00+08:00,115254.2,115346.8,115245.9,115346.8,57.0456,6578362.54178
2025-08-19 17:12:00+08:00,115346.8,115346.8,115312.9,115312.9,35.2532,4065771.57336
2025-08-19 17:13:00+08:00,115312.9,115326.6,115301,115303.9,29.6636,3420374.33678
2025-08-19 17:14:00+08:00,115303.9,115333.5,115286.1,115312.9,75.8452,8745475.31052
2025-08-19 17:15:00+08:00,115312.9,115312.9,115253,115288.5,11.9992,1383326.1658
2025-08-19 17:16:00+08:00,115288.5,115288.5,115230.9,115233.4,12.0444,1388224.46678
2025-08-19 17:17:00+08:00,115233.4,115259.7,115230,115259.7,14.0896,1623783.27932
2025-08-19 17:18:00+08:00,115259.7,115308.1,115259.7,115308,9.0782,1046683.96172
2025-08-19 17:19:00+08:00,115308,115308,115255.5,115255.6,8.1226,936328.23352
2025-08-19 17:20:00+08:00,115255.6,115317.5,115255.6,115317.4,17.0086,1960867.2291
2025-08-19 17:21:00+08:00,115317.4,115359.2,115288,115359.2,245.458,28306177.93256
2025-08-19 17:22:00+08:00,115359.2,115395.5,115359.1,115389.9,22.0624,2545623.85914
2025-08-19 17:23:00+08:00,115389.9,115389.9,115347.6,115347.7,30.2554,3490376.74408
2025-08-19 17:24:00+08:00,115347.7,115380,115347.6,115360,19.836,2288397.38634
2025-08-19 17:25:00+08:00,115360,115360,115331.6,115345.1,19.5784,2258170.86214
2025-08-19 17:26:00+08:00,115345.1,115345.2,115308.7,115335.8,16.8478,1943032.14884
2025-08-19 17:27:00+08:00,115335.8,115342.6,115335.8,115342.6,6.2936,725905.99984
2025-08-19 17:28:00+08:00,115342.6,115350,115342.5,115342.6,21.343,2461779.20766
2025-08-19 17:29:00+08:00,115342.6,115387.2,115342.6,115387.2,60.8442,7018518.41152
2025-08-19 17:30:00+08:00,115387.2,115420,115378.2,115420,44.3704,5119808.8182
2025-08-19 17:31:00+08:00,115420,115431.8,115387.2,115387.2,22.5782,2606095.12386
2025-08-19 17:32:00+08:00,115387.2,115450,115359.6,115444,93.556,10796143.0231
2025-08-19 17:33:00+08:00,115444,115444,115370.1,115405.7,44.911,5183360.18952
2025-08-19 17:34:00+08:00,115405.7,115412.5,115362.6,115362.6,15.6292,1803378.71274
2025-08-19 17:35:00+08:00,115362.6,115395.9,115335.9,115387.1,23.6944,2733653.47706
2025-08-19 17:36:00+08:00,115387.1,115408,115378.3,115383,40.075,4624478.5775
2025-08-19 17:37:00+08:00,115383,115433,115371.7,115432.9,48.5566,5603457.80844
2025-08-19 17:38:00+08:00,115432.9,115437.7,115427.6,115427.6,9.2634,1069314.95318
2025-08-19 17:39:00+08:00,115427.6,115435.1,115403.6,115427,139.5574,16106827.3167
2025-08-19 17:40:00+08:00,115427,115427.1,115360.5,115368.7,15.3562,1772096.01364
2025-08-19 17:41:00+08:00,115368.7,115380.5,115348.4,115373.5,24.057,2775298.42714
2025-08-19 17:42:00+08:00,115373.5,115373.5,115304.9,115304.9,39.0374,4502552.31414
2025-08-19 17:43:00+08:00,115304.9,115364,115304.9,115364,72.8284,8398784.75426
2025-08-19 17:44:00+08:00,115364,115380,115363,115367.4,15.2784,1762767.08606
2025-08-19 17:45:00+08:00,115367.4,115405.6,115367.4,115405.6,19.2064,2216460.67908
2025-08-19 17:46:00+08:00,115405.6,115405.6,115321.9,115321.9,33.0274,3809794.87098
2025-08-19 17:47:00+08:00,115321.9,115384.9,115300,115364.8,43.4248,5008159.05156
2025-08-19 17:48:00+08:00,115364.8,115369.1,115286.2,115286.2,54.543,6290177.80606
2025-08-19 17:49:00+08:00,115286.2,115293.5,115270.2,115272,21.8422,2518092.04342
2025-08-19 17:50:00+08:00,115272,115272,115221.8,115221.8,29.5024,3400094.42666
2025-08-19 17:51:00+08:00,115221.8,115266.4,115221.8,115263.8,14.3042,1648334.72982
2025-08-19 17:52:00+08:00,115263.8,115280.1,115253.3,115280.1,17.6006,2028708.28
2025-08-19 17:53:00+08:00,115280.1,115281.9,115262,115281.8,9.4342,1087500.58686
2025-08-19 17:54:00+08:00,115281.8,115316.1,115281.8,115308.8,6.6386,765461.08122
2025-08-19 17:55:00+08:00,115308.8,115308.8,115299.6,115299.6,8.7066,1003921.36102
2025-08-19 17:56:00+08:00,115299.6,115308.8,115297.8,115297.8,5.162,595188.53214
2025-08-19 17:57:00+08:00,115297.8,115328.2,115279.7,115311.6,8.9818,1035637.71406
2025-08-19 17:58:00+08:00,115311.6,115311.6,115280.7,115280.8,12.4322,1433206.23968
2025-08-19 17:59:00+08:00,115280.8,115281,115278.2,115281,12.496,1440533.38582
2025-08-19 18:00:00+08:00,115281,115326.2,115271.1,115326.2,12.0858,1393659.12976
2025-08-19 18:01:00+08:00,115326.2,115326.2,115286.8,115286.9,10.7984,1245227.18024
2025-08-19 18:02:00+08:00,115286.9,115292.6,115266.4,115266.6,91.5156,10549211.55922
2025-08-19 18:03:00+08:00,115266.6,115278.6,115266.5,115278.5,14.1634,1632709.51734
2025-08-19 18:04:00+08:00,115278.5,115278.6,115266.6,115266.6,17.7292,2043594.38746
2025-08-19 18:05:00+08:00,115266.6,115396.9,115266.6,115396.8,21.6934,2502571.52158
2025-08-19 18:06:00+08:00,115396.8,115396.8,115376.8,115396.8,11.5568,1333468.1911
2025-08-19 18:07:00+08:00,115396.8,115450,115394.8,115450,17.2842,1995103.21042
2025-08-19 18:08:00+08:00,115450,115451.5,115416.3,115427.3,100.1202,11556777.0401
2025-08-19 18:09:00+08:00,115427.3,115436.1,115405,115436.1,12.12,1398843.76298
2025-08-19 18:10:00+08:00,115436.1,115460,115436.1,115444.5,13.4966,1558262.22214
2025-08-19 18:11:00+08:00,115444.5,115459.2,115430,115430.1,7.6382,881783.95358
2025-08-19 18:12:00+08:00,115430.1,115430.1,115367,115367.1,10.927,1260814.4096
2025-08-19 18:13:00+08:00,115367.1,115367.1,115336.2,115346.3,115.243,13294030.15974
2025-08-19 18:14:00+08:00,115346.3,115397,115346.3,115356.1,92.1132,10626159.13084
2025-08-19 18:15:00+08:00,115356.1,115412.2,115356.1,115401.9,17.1904,1983276.10258
2025-08-19 18:16:00+08:00,115401.9,115419,115372.3,115409.1,8.9794,1036176.4793
2025-08-19 18:17:00+08:00,115409.1,115444.1,115407.4,115444.1,10.7518,1241091.1898
2025-08-19 18:18:00+08:00,115444.1,115465.1,115444.1,115465,9.2644,1069675.05652
2025-08-19 18:19:00+08:00,115465,115465.1,115427.4,115454.3,23.3516,2695688.38464
2025-08-19 18:20:00+08:00,115454.3,115476,115447.7,115447.8,136.7342,15788804.98528
2025-08-19 18:21:00+08:00,115447.8,115482.4,115442.5,115471.1,162.1998,18729995.50268
2025-08-19 18:22:00+08:00,115471.1,115471.1,115455.1,115462.3,13.8066,1594104.27888
2025-08-19 18:23:00+08:00,115462.3,115498.2,115462.3,115474.1,38.0476,4394149.56782
2025-08-19 18:24:00+08:00,115474.1,115488.6,115472.5,115472.5,10.4942,1211878.78316
2025-08-19 18:25:00+08:00,115472.5,115488.9,115465,115488.9,12.911,1490876.44666
2025-08-19 18:26:00+08:00,115488.9,115488.9,115465.6,115486.7,15.93,1839611.13344
2025-08-19 18:27:00+08:00,115486.7,115533.2,115486.7,115511.4,145.64,16823735.18466
2025-08-19 18:28:00+08:00,115511.4,115520,115501,115501,5.3326,615960.72706
2025-08-19 18:29:00+08:00,115501,115501.1,115456.4,115456.4,11.4428,1321378.79208
2025-08-19 18:30:00+08:00,115456.4,115457.5,115403.5,115403.5,44.947,5187829.5016
2025-08-19 18:31:00+08:00,115403.5,115406.6,115340,115340.1,15.052,1736550.94892
2025-08-19 18:32:00+08:00,115340.1,115373.3,115318.8,115318.8,18.4446,2127457.16446
2025-08-19 18:33:00+08:00,115318.8,115318.9,115292.1,115292.1,40.263,4642689.35758
2025-08-19 18:34:00+08:00,115292.1,115337.8,115277.3,115337.7,12.927,1490712.77792
2025-08-19 18:35:00+08:00,115337.7,115340.1,115337.7,115340.1,2.2148,255450.28212
2025-08-19 18:36:00+08:00,115340.1,115397.3,115340.1,115397.2,15.019,1733043.07526
2025-08-19 18:37:00+08:00,115397.2,115400,115390.3,115400,8.8044,1015971.62022
2025-08-19 18:38:00+08:00,115400,115466.9,115400,115459.8,32.4778,3749367.9227
2025-08-19 18:39:00+08:00,115459.8,115477.9,115459.8,115471.4,6.9792,805892.45602
2025-08-19 18:40:00+08:00,115471.4,115483.2,115454,115454,12.574,1451839.93918
2025-08-19 18:41:00+08:00,115454,115480,115425.3,115425.3,10.5064,1213054.55594
2025-08-19 18:42:00+08:00,115425.3,115425.4,115387.1,115387.1,7.682,886612.59138
2025-08-19 18:43:00+08:00,115387.1,115401.5,115383.8,115401.1,9.113,1051559.46158
2025-08-19 18:44:00+08:00,115401.1,115401.1,115367,115372.5,7.7014,888607.32838
2025-08-19 18:45:00+08:00,115372.5,115393.6,115349.1,115349.1,10.335,1192358.86062
2025-08-19 18:46:00+08:00,115349.1,115349.1,115286.3,115286.3,28.0158,3230324.38158
2025-08-19 18:47:00+08:00,115286.3,115322.4,115277.3,115322.4,27.12,3126580.9183
2025-08-19 18:48:00+08:00,115322.4,115359.8,115322.3,115352.2,12.077,1393141.31528
2025-08-19 18:49:00+08:00,115352.2,115360.2,115348.7,115348.7,7.8296,903166.92444
2025-08-19 18:50:00+08:00,115348.7,115348.8,115302.9,115305.6,9.8868,1140176.18212
2025-08-19 18:51:00+08:00,115305.6,115337.3,115274.2,115337.3,14.8886,1716583.78536
2025-08-19 18:52:00+08:00,115337.3,115372,115337.3,115349.9,4.683,540198.62486
2025-08-19 18:53:00+08:00,115349.9,115367.5,115345.4,115345.4,2.3564,271830.95774
2025-08-19 18:54:00+08:00,115345.4,115345.5,115334.1,115341.6,11.5756,1335148.32016
2025-08-19 18:55:00+08:00,115341.6,115351.7,115341.5,115351.7,3.6896,425596.42606
2025-08-19 18:56:00+08:00,115351.7,115351.7,115338.4,115338.5,10.3188,1190173.85698
2025-08-19 18:57:00+08:00,115338.5,115344.1,115338.5,115343.9,11.7254,1352449.68472
2025-08-19 18:58:00+08:00,115343.9,115344,115325.5,115325.6,15.1164,1743492.61572
2025-08-19 18:59:00+08:00,115325.6,115349.5,115325.2,115349.4,23.2178,2677736.39642
2025-08-19 19:00:00+08:00,115349.4,115436.2,115349.4,115436.1,28.7422,3316998.71808
2025-08-19 19:01:00+08:00,115436.1,115465.4,115436,115455.7,14.898,1719996.86592
2025-08-19 19:02:00+08:00,115455.7,115465.3,115455.7,115465.3,4.4288,511351.57604
2025-08-19 19:03:00+08:00,115465.3,115496.4,115459.3,115496.3,13.4698,1555336.62344
2025-08-19 19:04:00+08:00,115496.3,115496.4,115460,115460.1,22.4988,2598228.25602
2025-08-19 19:05:00+08:00,115460.1,115460.1,115424,115459,5.6568,653004.28908
2025-08-19 19:06:00+08:00,115459,115485.9,115459,115485.9,18.7554,2165911.32216
2025-08-19 19:07:00+08:00,115485.9,115485.9,115485.8,115485.8,4.8834,563963.44332
2025-08-19 19:08:00+08:00,115485.8,115502.1,115485.7,115491.2,15.446,1783926.25982
2025-08-19 19:09:00+08:00,115491.2,115502.7,115485,115502.6,22.3174,2577417.61204
2025-08-19 19:10:00+08:00,115502.6,115556.4,115496.9,115498,55.2104,6378664.90076
2025-08-19 19:11:00+08:00,115498,115541.3,115498,115538,8.2754,956066.57354
2025-08-19 19:12:00+08:00,115538,115538,115490.5,115490.5,6.0232,695710.34056
2025-08-19 19:13:00+08:00,115490.5,115529.1,115490.5,115529,13.6486,1576517.4152
2025-08-19 19:14:00+08:00,115529,115539.3,115529,115539.2,4.1902,484125.1296
2025-08-19 19:15:00+08:00,115539.2,115540,115507.9,115539.9,10.701,1236218.42224
2025-08-19 19:16:00+08:00,115539.9,115540,115506.3,115506.3,9.289,1073206.60198
2025-08-19 19:17:00+08:00,115506.3,115513.7,115506.3,115507.1,7.6114,879201.21506
2025-08-19 19:18:00+08:00,115507.1,115550,115507.1,115543,15.8788,1834508.28908
2025-08-19 19:19:00+08:00,115543,115543.9,115525.2,115543.8,10.9482,1264935.88058
2025-08-19 19:20:00+08:00,115543.8,115565,115543.8,115564.9,10.042,1160434.1079
2025-08-19 19:21:00+08:00,115564.9,115564.9,115551.5,115551.5,60.626,7005663.60908
2025-08-19 19:22:00+08:00,115551.5,115576.8,115551.5,115576.8,18.0164,2082005.97704
2025-08-19 19:23:00+08:00,115576.8,115579.2,115561.3,115561.3,13.6276,1574896.70104
2025-08-19 19:24:00+08:00,115561.3,115561.4,115561.3,115561.4,8.5108,983519.46624
2025-08-19 19:25:00+08:00,115561.4,115561.4,115550.9,115550.9,8.788,1015489.80564
2025-08-19 19:26:00+08:00,115550.9,115573.2,115550.9,115573.2,11.5604,1335954.09914
2025-08-19 19:27:00+08:00,115573.2,115600,115556.6,115556.6,29.9978,3467583.60654
2025-08-19 19:28:00+08:00,115556.6,115556.7,115520.7,115520.7,15.299,1767701.34842
2025-08-19 19:29:00+08:00,115520.7,115527.6,115511.7,115511.7,19.8622,2294461.00862
2025-08-19 19:30:00+08:00,115511.7,115511.8,115500,115511.7,17.097,1974809.82752
2025-08-19 19:31:00+08:00,115511.7,115539.7,115500.2,115537.9,14.1646,1636241.2945
2025-08-19 19:32:00+08:00,115537.9,115538.4,115510.1,115531.3,38.6938,4470382.16694
2025-08-19 19:33:00+08:00,115531.3,115536.1,115515.1,115519.9,7.5744,875037.94134
2025-08-19 19:34:00+08:00,115519.9,115523.3,115482.4,115482.4,102.7444,11867053.61878
2025-08-19 19:35:00+08:00,115482.4,115497.7,115463.3,115466,12.534,1447378.93272
2025-08-19 19:36:00+08:00,115466,115477.8,115461.3,115463.4,10.817,1248984.23894
2025-08-19 19:37:00+08:00,115463.4,115467.7,115459.6,115459.6,6.211,717147.82594
2025-08-19 19:38:00+08:00,115459.6,115459.7,115439.7,115439.7,24.8284,2866242.60398
2025-08-19 19:39:00+08:00,115439.7,115444.9,115421.9,115421.9,10.9832,1267907.10416
2025-08-19 19:40:00+08:00,115421.9,115434.1,115416.7,115434.1,32.0224,3696055.44806
2025-08-19 19:41:00+08:00,115434.1,115475.5,115434,115475.4,28.641,3306378.74048
2025-08-19 19:42:00+08:00,115475.4,115496.8,115472.1,115490,3.1436,363009.1954
2025-08-19 19:43:00+08:00,115490,115490,115411.6,115411.6,16.7794,1937335.48432
2025-08-19 19:44:00+08:00,115411.6,115417.3,115411.6,115417.2,4.6496,536637.2008
2025-08-19 19:45:00+08:00,115417.2,115428,115416.7,115418.3,13.5206,1560582.43248
2025-08-19 19:46:00+08:00,115418.3,115468.5,115418.2,115468.4,8.4944,980603.14348
2025-08-19 19:47:00+08:00,115468.4,115500,115468.4,115500,7.52,868436.16966
2025-08-19 19:48:00+08:00,115500,115535.8,115499.9,115535.7,8.4912,980846.33322
2025-08-19 19:49:00+08:00,115535.7,115535.8,115528.1,115535.6,6.6784,771585.78776
2025-08-19 19:50:00+08:00,115535.6,115535.6,115492.9,115510,13.417,1549741.55438
2025-08-19 19:51:00+08:00,115510,115532.7,115509.9,115520.3,4.3548,503081.353
2025-08-19 19:52:00+08:00,115520.3,115520.4,115520.3,115520.4,2.8916,334038.66384
2025-08-19 19:53:00+08:00,115520.4,115520.4,115503.8,115503.8,7.0226,811225.66598
2025-08-19 19:54:00+08:00,115503.8,115503.9,115492,115494.1,14.1386,1632938.76354
2025-08-19 19:55:00+08:00,115494.1,115498.4,115455.1,115458.9,11.9896,1384586.2504
2025-08-19 19:56:00+08:00,115458.9,115491.7,115458.9,115483.1,8.2602,953897.96604
2025-08-19 19:57:00+08:00,115483.1,115483.2,115473.4,115473.5,4.0778,470909.44528
2025-08-19 19:58:00+08:00,115473.5,115494.5,115473.4,115494.4,8.882,1025729.69798
2025-08-19 19:59:00+08:00,115494.4,115494.4,115455.5,115455.5,7.8928,911395.21034
2025-08-19 20:00:00+08:00,115455.5,115455.6,115427.5,115427.5,18.8138,2171792.81818
2025-08-19 20:01:00+08:00,115427.5,115432.7,115410.3,115432.7,10.5176,1213960.20278
2025-08-19 20:02:00+08:00,115432.7,115432.8,115423.7,115432.7,11.5476,1332953.48782
2025-08-19 20:03:00+08:00,115432.7,115432.8,115427.4,115432.6,4.783,552113.88602
2025-08-19 20:04:00+08:00,115432.6,115432.7,115406.6,115406.6,5.6514,652281.42566
2025-08-19 20:05:00+08:00,115406.6,115419.4,115403.6,115419.3,10.4846,1210009.31938
2025-08-19 20:06:00+08:00,115419.3,115419.4,115353.3,115353.4,39.695,4580074.45246
2025-08-19 20:07:00+08:00,115353.4,115386.8,115353.4,115386.7,19.2006,2215015.6871
2025-08-19 20:08:00+08:00,115386.7,115416.9,115386.7,115393.6,33.5634,3873248.95552
2025-08-19 20:09:00+08:00,115393.6,115416.8,115389.6,115416.7,5.312,613039.42238
2025-08-19 20:10:00+08:00,115416.7,115434,115416.7,115434,8.0512,929308.77016
2025-08-19 20:11:00+08:00,115434,115503.3,115434,115503.3,21.4278,2474107.9598
2025-08-19 20:12:00+08:00,115503.3,115529.2,115497.6,115529.1,13.1308,1516672.06186
2025-08-19 20:13:00+08:00,115529.1,115531.2,115523.9,115531.2,9.292,1073492.61918
2025-08-19 20:14:00+08:00,115531.2,115538.3,115518.4,115518.4,13.3926,1547244.22064
2025-08-19 20:15:00+08:00,115518.4,115557.6,115518.4,115557.6,30.3516,3507015.62682
2025-08-19 20:16:00+08:00,115557.6,115557.6,115493.5,115493.6,150.1908,17350162.6221
2025-08-19 20:17:00+08:00,115493.6,115498.1,115478.4,115498,134.302,15510588.5497
2025-08-19 20:18:00+08:00,115498,115520,115490.3,115490.3,12.2884,1419399.0466
2025-08-19 20:19:00+08:00,115490.3,115490.4,115460.5,115460.5,6.5166,752477.39058
2025-08-19 20:20:00+08:00,115460.5,115500.6,115460.5,115500.5,2.075,239612.13406
2025-08-19 20:21:00+08:00,115500.5,115500.5,115468.2,115473,10.6772,1232973.07504
2025-08-19 20:22:00+08:00,115473,115473,115427.4,115427.4,9.8538,1137570.97402
2025-08-19 20:23:00+08:00,115427.4,115456.3,115425.8,115456.3,7.4152,855958.1763
2025-08-19 20:24:00+08:00,115456.3,115456.4,115456.2,115456.2,1.7696,204311.59848
2025-08-19 20:25:00+08:00,115456.2,115456.2,115422.8,115422.8,10.1052,1166539.67802
2025-08-19 20:26:00+08:00,115422.8,115460.1,115416.7,115446.6,22.7668,2628351.32852
2025-08-19 20:27:00+08:00,115446.6,115502.5,115443.3,115500.1,7.1656,827406.83038
2025-08-19 20:28:00+08:00,115500.1,115500.1,115447.2,115447.2,11.343,1309727.96982
2025-08-19 20:29:00+08:00,115447.2,115452.4,115440.2,115440.3,13.505,1559137.28272
2025-08-19 20:30:00+08:00,115440.3,115445.7,115404.4,115404.4,5.2776,609202.3549
2025-08-19 20:31:00+08:00,115404.4,115404.4,115344.2,115368.6,57.7016,6656993.08788
2025-08-19 20:32:00+08:00,115368.6,115384.5,115365.7,115377.6,22.8608,2637488.75996
2025-08-19 20:33:00+08:00,115377.6,115377.7,115348.4,115369.7,28.0944,3241068.90042
2025-08-19 20:34:00+08:00,115369.7,115369.7,115343.7,115343.7,25.8572,2982692.85306
2025-08-19 20:35:00+08:00,115343.7,115343.8,115331.5,115343.7,25.5148,2942776.89076
2025-08-19 20:36:00+08:00,115343.7,115357.8,115343.6,115357.7,16.6248,1917688.5901
2025-08-19 20:37:00+08:00,115357.7,115413.7,115357.7,115413.6,18.5976,2145954.74736
2025-08-19 20:38:00+08:00,115413.6,115437,115402.5,115437,29.2144,3371644.50744
2025-08-19 20:39:00+08:00,115437,115472.9,115436.9,115472.8,17.7046,2044023.64672
2025-08-19 20:40:00+08:00,115472.8,115503.3,115472.8,115480,40.7984,4712025.31986
2025-08-19 20:41:00+08:00,115480,115480.1,115462.5,115466.9,5.284,610123.15914
2025-08-19 20:42:00+08:00,115466.9,115487,115466.9,115487,4.4298,511556.22058
2025-08-19 20:43:00+08:00,115487,115487,115397.3,115397.3,11.754,1356987.2695
2025-08-19 20:44:00+08:00,115397.3,115444.2,115395.9,115444.1,17.8086,2055712.85316
2025-08-19 20:45:00+08:00,115444.1,115482.5,115420.1,115420.1,6.645,767223.63106
2025-08-19 20:46:00+08:00,115420.1,115425.2,115349.6,115349.6,47.0378,5428741.81284
2025-08-19 20:47:00+08:00,115349.6,115349.7,115320.1,115334,24.5906,2835980.82158
2025-08-19 20:48:00+08:00,115334,115334.1,115304,115304,44.783,5164284.6917
2025-08-19 20:49:00+08:00,115304,115304,115219.4,115246,250.1052,28828830.30212
2025-08-19 20:50:00+08:00,115246,115294.9,115246,115281,32.6362,3762284.68016
2025-08-19 20:51:00+08:00,115281,115300.9,115280.8,115300.9,15.9106,1834461.14956
2025-08-19 20:52:00+08:00,115300.9,115350,115300.8,115350,5.795,668330.65248
2025-08-19 20:53:00+08:00,115350,115350,115304.8,115321.1,172.5792,19904630.50678
2025-08-19 20:54:00+08:00,115321.1,115358.3,115321.1,115346.1,12.8486,1482017.47284
2025-08-19 20:55:00+08:00,115346.1,115408,115343.9,115407.9,13.3528,1540742.00082
2025-08-19 20:56:00+08:00,115407.9,115481.6,115407.9,115425.3,52.8892,6106491.76968
2025-08-19 20:57:00+08:00,115425.3,115434.8,115389.6,115434.8,30.6452,3536405.59938
2025-08-19 20:58:00+08:00,115434.8,115490,115434.7,115490,7.6016,877743.79934
2025-08-19 20:59:00+08:00,115490,115540,115489.9,115539.9,25.1272,2902256.47448
2025-08-19 21:00:00+08:00,115539.9,115617.9,115539.9,115609.6,248.9426,28771270.94384
2025-08-19 21:01:00+08:00,115609.6,115609.6,115504.5,115514,23.875,2759486.27934
2025-08-19 21:02:00+08:00,115514,115577,115504.1,115576.3,12.7938,1478077.7214
2025-08-19 21:03:00+08:00,115576.3,115576.3,115495,115541.2,49.567,5727312.834
2025-08-19 21:04:00+08:00,115541.2,115551.6,115527.9,115551.5,11.024,1273641.87616
2025-08-19 21:05:00+08:00,115551.5,115551.5,115535.3,115547.1,5.1118,590617.59126
2025-08-19 21:06:00+08:00,115547.1,115547.2,115493.3,115493.4,6.129,708111.16338
2025-08-19 21:07:00+08:00,115493.4,115550,115493.3,115549.9,18.6142,2150145.4278
2025-08-19 21:08:00+08:00,115549.9,115550,115516.4,115535.7,19.657,2271046.88498
2025-08-19 21:09:00+08:00,115535.7,115535.7,115482.1,115482.1,9.5366,1101426.8027
2025-08-19 21:10:00+08:00,115482.1,115523.6,115476.6,115476.7,12.01,1387102.18616
2025-08-19 21:11:00+08:00,115476.7,115477.5,115447.1,115447.1,8.0894,934091.43242
2025-08-19 21:12:00+08:00,115447.1,115486.4,115447.1,115486.3,10.7152,1237186.96166
2025-08-19 21:13:00+08:00,115486.3,115492.1,115481.4,115481.4,5.1998,600510.89392
2025-08-19 21:14:00+08:00,115481.4,115481.5,115463.1,115463.1,4.4082,509026.93448
2025-08-19 21:15:00+08:00,115463.1,115500,115463.1,115499.9,93.8508,10839495.73264
2025-08-19 21:16:00+08:00,115499.9,115512.9,115481.2,115486.7,12.1604,1404463.19738
2025-08-19 21:17:00+08:00,115486.7,115543.1,115486.7,115543.1,13.4228,1550612.3413
2025-08-19 21:18:00+08:00,115543.1,115546.9,115514.5,115514.6,25.4776,2943455.45644
2025-08-19 21:19:00+08:00,115514.6,115570,115511.1,115559.9,26.3944,3050080.82626
2025-08-19 21:20:00+08:00,115559.9,115603,115559.9,115603,13.4334,1552796.05458
2025-08-19 21:21:00+08:00,115603,115603,115581.7,115581.8,13.8098,1596311.46074
2025-08-19 21:22:00+08:00,115581.8,115581.8,115538.8,115562.3,22.593,2610449.1898
2025-08-19 21:23:00+08:00,115562.3,115630,115545.3,115630,40.1328,4639581.87642
2025-08-19 21:24:00+08:00,115630,115646.7,115629.9,115646.6,25.023,2893770.4193
2025-08-19 21:25:00+08:00,115646.6,115646.6,115625.5,115646.5,28.0576,3244554.64096
2025-08-19 21:26:00+08:00,115646.5,115650,115630.4,115643.3,12.9396,1496396.66552
2025-08-19 21:27:00+08:00,115643.3,115728,115643.2,115728,102.2816,11833573.81078
2025-08-19 21:28:00+08:00,115728,115728,115675.6,115675.6,40.6846,4707112.67978
2025-08-19 21:29:00+08:00,115675.6,115700.2,115675.6,115700,23.6098,2731391.27906
2025-08-19 21:30:00+08:00,115700,115829.8,115682.5,115807.1,310.9452,36003553.52638
2025-08-19 21:31:00+08:00,115807.1,115807.1,115624.8,115633.4,154.8816,17920768.72898
2025-08-19 21:32:00+08:00,115633.4,115633.4,115377.7,115380.9,408.842,47203102.26282
2025-08-19 21:33:00+08:00,115380.9,115432.3,115293.7,115293.7,212.0316,24462641.9756
2025-08-19 21:34:00+08:00,115293.7,115434,115220,115433.9,410.112,47279524.51662
2025-08-19 21:35:00+08:00,115433.9,115459.9,115245.2,115245.2,276.249,31879043.72042
2025-08-19 21:36:00+08:00,115245.2,115474.6,115245.2,115474.4,78.074,9006574.2528
2025-08-19 21:37:00+08:00,115474.4,115474.4,115347.7,115473.3,51.891,5989283.66448
2025-08-19 21:38:00+08:00,115473.3,115496.9,115367.6,115431.9,24.2142,2795469.1679
2025-08-19 21:39:00+08:00,115431.9,115431.9,115249,115249.1,40.4658,4666199.6635
2025-08-19 21:40:00+08:00,115249.1,115361,115222.3,115250.1,89.4002,10309226.41726
2025-08-19 21:41:00+08:00,115250.1,115331.3,115250.1,115323.9,23.544,2714512.90204
2025-08-19 21:42:00+08:00,115323.9,115367.4,115294.2,115294.3,29.7632,3432653.4149
2025-08-19 21:43:00+08:00,115294.3,115294.3,114984,114995.9,556.5412,64076320.39986
2025-08-19 21:44:00+08:00,114995.9,115108.7,114984,115073.2,120.776,13895664.01
2025-08-19 21:45:00+08:00,115073.2,115126.9,115009.6,115025.7,133.2274,15328485.92
2025-08-19 21:46:00+08:00,115025.7,115086.6,114880,114904.3,250.6484,28815732.75536
2025-08-19 21:47:00+08:00,114904.3,115048.5,114879.9,114942.6,107.16,12321395.98382
2025-08-19 21:48:00+08:00,114942.6,114994.5,114868.8,114970.2,85.4114,9816507.53606
2025-08-19 21:49:00+08:00,114970.2,115020,114880.9,114928.7,58.2712,6696877.34472
2025-08-19 21:50:00+08:00,114928.7,114999.2,114829.3,114852.7,82.2402,9449980.16582
2025-08-19 21:51:00+08:00,114852.7,115046.5,114852.6,115027.9,79.2288,9108430.7677
2025-08-19 21:52:00+08:00,115027.9,115116.1,114994.7,115101.1,51.9046,5972338.70748
2025-08-19 21:53:00+08:00,115101.1,115274.1,115101.1,115256.9,306.1692,35263314.6056
2025-08-19 21:54:00+08:00,115256.9,115325.4,115200.2,115247.4,117.7968,13578689.25476
2025-08-19 21:55:00+08:00,115247.4,115320,115205,115212.7,46.1014,5314967.88258
2025-08-19 21:56:00+08:00,115212.7,115309.1,115210.8,115212.1,33.1378,3819517.1903
2025-08-19 21:57:00+08:00,115212.1,115216.6,115157.6,115189.9,77.8262,8964768.481
2025-08-19 21:58:00+08:00,115189.9,115199.4,115111.8,115139,42.7008,4917054.61386
2025-08-19 21:59:00+08:00,115139,115158.2,115115.2,115145,75.098,8646044.99864
2025-08-19 22:00:00+08:00,115145,115188.8,115141.4,115142.7,40.2824,4639321.21552
2025-08-19 22:01:00+08:00,115142.7,115297.6,115142.7,115270,62.5556,7209732.28058
2025-08-19 22:02:00+08:00,115270,115279.4,115165.4,115179.5,46.9994,5415923.1813
2025-08-19 22:03:00+08:00,115179.5,115269.1,115141.5,115269.1,21.8176,2513466.05478
2025-08-19 22:04:00+08:00,115269.1,115325.4,115228.6,115314.7,53.4304,6160014.06968
2025-08-19 22:05:00+08:00,115314.7,115314.7,115196.4,115206.8,37.016,4266541.5384
2025-08-19 22:06:00+08:00,115206.8,115223.9,115075.7,115075.7,32.1736,3704316.62968
2025-08-19 22:07:00+08:00,115075.7,115130.2,115062.1,115105.8,34.6146,3983749.69836
2025-08-19 22:08:00+08:00,115105.8,115105.8,114935.2,114935.2,71.014,8167300.2744
2025-08-19 22:09:00+08:00,114935.2,115029.3,114935.2,114996.9,49.8092,5727862.70314
2025-08-19 22:10:00+08:00,114996.9,115023,114892,114892,81.0892,9319250.38768
2025-08-19 22:11:00+08:00,114892,114899.8,114829.2,114829.2,588.7832,67637589.2685
2025-08-19 22:12:00+08:00,114829.2,114900.5,114732.3,114732.3,153.6326,17639369.51074
2025-08-19 22:13:00+08:00,114732.3,114843.8,114714.9,114764.9,139.9154,16058812.04926
2025-08-19 22:14:00+08:00,114764.9,114765,114714.3,114758.5,51.6464,5925916.36962
2025-08-19 22:15:00+08:00,114758.5,114800,114734.6,114734.7,48.859,5607933.18262
2025-08-19 22:16:00+08:00,114734.7,114734.7,114608.9,114609,216.363,24808165.8516
2025-08-19 22:17:00+08:00,114609,114637.9,114524.9,114579.2,217.1048,24874702.48942
2025-08-19 22:18:00+08:00,114579.2,114674.2,114579.2,114603.2,87.0334,9977021.42436
2025-08-19 22:19:00+08:00,114603.2,114657.9,114569,114609.3,138.1386,15828833.12764
2025-08-19 22:20:00+08:00,114609.3,114659.9,114559.3,114602.1,64.8012,7427157.16288
2025-08-19 22:21:00+08:00,114602.1,114689.3,114587.8,114619.8,55.3458,6344093.11396
2025-08-19 22:22:00+08:00,114619.8,114619.9,114560,114568.9,62.7696,7191857.24518
2025-08-19 22:23:00+08:00,114568.9,114579.9,114524.5,114541.1,45.4336,5204108.08262
2025-08-19 22:24:00+08:00,114541.1,114601.3,114539.5,114546.2,96.0512,11005346.32626
2025-08-19 22:25:00+08:00,114546.2,114600,114463.9,114464,165.4026,18941761.05572
2025-08-19 22:26:00+08:00,114464,114555.2,114455.6,114496.3,83.5602,9567513.495
2025-08-19 22:27:00+08:00,114496.3,114496.3,114240,114267.6,601.587,68772277.97548
2025-08-19 22:28:00+08:00,114267.6,114288.7,114140,114162.1,636.693,72705828.47454
2025-08-19 22:29:00+08:00,114162.1,114162.1,114077.6,114082.9,521.493,59499801.10626
2025-08-19 22:30:00+08:00,114082.9,114216.3,114082.9,114085.5,169.7434,19376162.54762
2025-08-19 22:31:00+08:00,114085.5,114121,113950,114100.3,739.8582,84356076.2267
2025-08-19 22:32:00+08:00,114100.3,114374.3,114100.2,114374.3,570.7594,65204840.40002
2025-08-19 22:33:00+08:00,114374.3,114426.2,114300,114383.2,495.5094,56672110.36642
2025-08-19 22:34:00+08:00,114383.2,114383.2,114290,114302.4,54.7572,6260063.77048
2025-08-19 22:35:00+08:00,114302.4,114317.9,114206.3,114213.5,75.0462,8573175.24024
2025-08-19 22:36:00+08:00,114213.5,114235.5,114055.7,114055.7,132.466,15115903.53934
2025-08-19 22:37:00+08:00,114055.7,114154,114055.7,114145.4,120.548,13758505.2463
2025-08-19 22:38:00+08:00,114145.4,114230.1,114145.3,114156,83.937,9586012.0009
2025-08-19 22:39:00+08:00,114156,114287.1,114156,114260.5,49.6242,5669285.17578
2025-08-19 22:40:00+08:00,114260.5,114293.2,114201,114207.4,39.1458,4472275.9148
2025-08-19 22:41:00+08:00,114207.4,114219.4,114000.2,114000.2,132.344,15100255.015
2025-08-19 22:42:00+08:00,114000.2,114063.6,113914.2,113942.4,202.007,23022555.16194
2025-08-19 22:43:00+08:00,113942.4,113966.3,113801.2,113828.7,587.8904,66945355.71292
2025-08-19 22:44:00+08:00,113828.7,113932.1,113753.3,113886.5,964.3372,109787990.34426
2025-08-19 22:45:00+08:00,113886.5,113887.2,113719.9,113720,196.4224,22351123.99064
2025-08-19 22:46:00+08:00,113720,114004.2,113719.9,113952.6,500.0082,56935211.92916
2025-08-19 22:47:00+08:00,113952.6,114017.2,113871.1,113871.1,634.5604,72309513.50008
2025-08-19 22:48:00+08:00,113871.1,113871.1,113724.1,113725.1,187.1958,21302198.62618
2025-08-19 22:49:00+08:00,113725.1,113850,113725,113791.7,139.036,15821693.06964
2025-08-19 22:50:00+08:00,113791.7,113855.7,113747.6,113747.6,130.133,14810526.8016
2025-08-19 22:51:00+08:00,113747.6,113965.4,113747.6,113933.2,344.7226,39243145.34644
2025-08-19 22:52:00+08:00,113933.2,114006,113924.5,113967.8,183.5248,20916130.90222
2025-08-19 22:53:00+08:00,113967.8,113982.4,113900.2,113938.1,57.5976,6563092.63296
2025-08-19 22:54:00+08:00,113938.1,113950.2,113877.3,113911,79.9762,9110093.62576
2025-08-19 22:55:00+08:00,113911,114035.9,113874,114004.3,155.7368,17748321.96382
2025-08-19 22:56:00+08:00,114004.3,114020,113983.6,114006.3,92.325,10525246.704
2025-08-19 22:57:00+08:00,114006.3,114037.3,113875.1,113875.1,105.5892,12032396.52608
2025-08-19 22:58:00+08:00,113875.1,113929,113875,113893.2,65.1042,7415243.41346
2025-08-19 22:59:00+08:00,113893.2,113909.8,113828.4,113841.6,81.4008,9269338.75484
2025-08-19 23:00:00+08:00,113841.6,113967.5,113800,113800,295.793,33680346.71044
2025-08-19 23:01:00+08:00,113800,113839.7,113733.8,113733.9,121.2154,13792746.87066
2025-08-19 23:02:00+08:00,113733.9,113886,113733.8,113840,153.6828,17491840.96392
2025-08-19 23:03:00+08:00,113840,113931.3,113807.1,113925,65.6088,7469586.27704
2025-08-19 23:04:00+08:00,113925,113925,113787.4,113815.4,40.951,4661154.00388
2025-08-19 23:05:00+08:00,113815.4,113815.4,113744.6,113754.6,81.0628,9221858.81422
2025-08-19 23:06:00+08:00,113754.6,113786.9,113700,113707.2,143.3314,16299856.18388
2025-08-19 23:07:00+08:00,113707.2,113772.7,113509,113639,736.8286,83716705.74434
2025-08-19 23:08:00+08:00,113639,113880.1,113639,113719.4,204.1314,23235147.12474
2025-08-19 23:09:00+08:00,113719.4,113762.7,113700,113731.2,112.9188,12841661.0893
2025-08-19 23:10:00+08:00,113731.2,113782.9,113577.7,113680.6,185.325,21061796.28086
2025-08-19 23:11:00+08:00,113680.6,113683.2,113601,113609.3,80.414,9138808.82446
2025-08-19 23:12:00+08:00,113609.3,113666.9,113579.8,113616.4,157.513,17898299.10842
2025-08-19 23:13:00+08:00,113616.4,113668.9,113607.4,113659.7,50.7992,5772523.9234
2025-08-19 23:14:00+08:00,113659.7,113725.8,113591.2,113602.7,702.8696,79893263.84828
2025-08-19 23:15:00+08:00,113602.7,113719.8,113602.7,113625.2,64.9532,7382685.26766
2025-08-19 23:16:00+08:00,113625.2,113639.1,113585.4,113639.1,63.6984,7236757.4017
2025-08-19 23:17:00+08:00,113639.1,113807.5,113639.1,113746.3,311.1872,35401190.96066
2025-08-19 23:18:00+08:00,113746.3,113777,113688.8,113767,56.7454,6453734.17582
2025-08-19 23:19:00+08:00,113767,113767,113670.2,113737.1,102.2606,11629705.40526
2025-08-19 23:20:00+08:00,113737.1,113926,113733.5,113918.9,256.546,29218683.28694
2025-08-19 23:21:00+08:00,113918.9,113999,113873,113981.8,118.346,13485162.7545
2025-08-19 23:22:00+08:00,113981.8,113997.4,113844,113883.5,102.7118,11702616.16118
2025-08-19 23:23:00+08:00,113883.5,114092.7,113827.3,114070.7,245.2594,27948838.40912
2025-08-19 23:24:00+08:00,114070.7,114115.9,114062.8,114076.6,280.6434,32016022.63546
2025-08-19 23:25:00+08:00,114076.6,114078,113980.2,114047.2,139.0968,15860690.0659
2025-08-19 23:26:00+08:00,114047.2,114136.5,114032.3,114096.3,34.9932,3993117.77404
2025-08-19 23:27:00+08:00,114096.3,114102.5,114061.6,114090.3,28.8962,3296643.5561
2025-08-19 23:28:00+08:00,114090.3,114090.3,113996.8,113996.9,53.899,6146632.45538
2025-08-19 23:29:00+08:00,113996.9,114031.3,113994.5,114030.3,90.483,10316215.44102
2025-08-19 23:30:00+08:00,114030.3,114066.7,113980.3,114031.3,77.1232,8793259.9628
2025-08-19 23:31:00+08:00,114031.3,114031.4,113950,114001.9,74.3228,8472866.48634
2025-08-19 23:32:00+08:00,114001.9,114041.4,113950,113950,21.73,2477360.04092
2025-08-19 23:33:00+08:00,113950,113974.6,113950,113962,11.3386,1292148.92512
2025-08-19 23:34:00+08:00,113962,114046,113962,114013.3,18.5316,2112827.09582
2025-08-19 23:35:00+08:00,114013.3,114028.2,113960.3,113960.4,23.5012,2679252.62684
2025-08-19 23:36:00+08:00,113960.4,113960.4,113855.8,113874.9,41.779,4758742.98554
2025-08-19 23:37:00+08:00,113874.9,113970,113874.9,113970,19.4106,2211550.25546
2025-08-19 23:38:00+08:00,113970,113970,113862.3,113862.3,27.248,3103621.10848
2025-08-19 23:39:00+08:00,113862.3,113920,113862.3,113863.9,8.9098,1014794.00582
2025-08-19 23:40:00+08:00,113863.9,113970,113831.4,113965.3,51.5852,5874538.08514
2025-08-19 23:41:00+08:00,113965.3,113965.4,113880.9,113962.8,11.4212,1301148.33126
2025-08-19 23:42:00+08:00,113962.8,113997.6,113954,113966.6,23.8802,2721979.12146
2025-08-19 23:43:00+08:00,113966.6,114090.1,113966.6,114090,99.5962,11357675.5789
2025-08-19 23:44:00+08:00,114090,114099.8,114053.6,114053.6,49.0846,5600087.11868
2025-08-19 23:45:00+08:00,114053.6,114053.7,113952.9,113976.7,50.8078,5791796.64016
2025-08-19 23:46:00+08:00,113976.7,114013.6,113960.6,113985,24.8072,2827685.85384
2025-08-19 23:47:00+08:00,113985,113985,113862.7,113862.7,19.9946,2277812.4459
2025-08-19 23:48:00+08:00,113862.7,114021.6,113862.7,113965.3,34.2844,3906858.65482
2025-08-19 23:49:00+08:00,113965.3,113965.3,113831,113843.6,112.802,12843103.30702
2025-08-19 23:50:00+08:00,113843.6,113843.6,113724.2,113766.6,149.5226,17011975.70132
2025-08-19 23:51:00+08:00,113766.6,113777.6,113717,113717.1,74.2156,8443001.3141
2025-08-19 23:52:00+08:00,113717.1,113766.7,113705,113731.3,68.5648,7796932.725
2025-08-19 23:53:00+08:00,113731.3,113731.3,113680,113691.7,47.7166,5425547.97862
2025-08-19 23:54:00+08:00,113691.7,113789.4,113691.6,113743,181.3618,20631363.82672
2025-08-19 23:55:00+08:00,113743,113783.1,113713.2,113725.5,66.5564,7569854.98264
2025-08-19 23:56:00+08:00,113725.5,113757.8,113725.5,113730.6,10.3264,1174564.14018
2025-08-19 23:57:00+08:00,113730.6,113744.8,113707.1,113710.2,24.0238,2732108.80122
2025-08-19 23:58:00+08:00,113710.2,113777.5,113704.6,113717.3,57.4372,6532076.54526
2025-08-19 23:59:00+08:00,113717.3,113731.8,113701.4,113731.8,19.7952,2250977.10254
2025-08-20 00:00:00+08:00,113731.8,113790.2,113719.1,113786.5,49.503,5630342.83668
2025-08-20 00:01:00+08:00,113786.5,113796.2,113731.3,113770.3,20.0954,2285993.3118
2025-08-20 00:02:00+08:00,113770.3,113826,113770.3,113790.5,53.5708,6096516.24874
2025-08-20 00:03:00+08:00,113790.5,113803.3,113764.1,113803.2,14.0942,1603749.54046
2025-08-20 00:04:00+08:00,113803.2,113838,113791.6,113791.6,27.7746,3161266.41272
2025-08-20 00:05:00+08:00,113791.6,113809.2,113718.5,113718.6,56.936,6476643.50762
2025-08-20 00:06:00+08:00,113718.6,113774.2,113718.5,113770.7,25.6632,2919362.0578
2025-08-20 00:07:00+08:00,113770.7,113791.8,113700,113700,15.5016,1763101.76844
2025-08-20 00:08:00+08:00,113700,113701,113650,113651.7,31.064,3531475.3392
2025-08-20 00:09:00+08:00,113651.7,113710.1,113651.6,113699.2,61.3922,6978459.90908
2025-08-20 00:10:00+08:00,113699.2,113769.5,113685.7,113743.7,34.4302,3916064.24576
2025-08-20 00:11:00+08:00,113743.7,113767.5,113726.6,113766.1,55.2532,6285233.55054
2025-08-20 00:12:00+08:00,113766.1,113780,113754.5,113774.9,35.9828,4093661.43202
2025-08-20 00:13:00+08:00,113774.9,113774.9,113708,113708,36.4002,4140478.27106
2025-08-20 00:14:00+08:00,113708,113724.7,113652.6,113652.6,18.5144,2105001.865
2025-08-20 00:15:00+08:00,113652.6,113736.5,113650.8,113728.4,30.8262,3504339.4925
2025-08-20 00:16:00+08:00,113728.4,113788.2,113709.3,113778.2,43.887,4991262.92434
2025-08-20 00:17:00+08:00,113778.2,113778.2,113712.5,113712.6,12.1802,1385392.93498
2025-08-20 00:18:00+08:00,113712.6,113717.9,113652.6,113708.6,41.1778,4681668.41916
2025-08-20 00:19:00+08:00,113708.6,113727.4,113686.8,113716.8,16.402,1865085.61562
2025-08-20 00:20:00+08:00,113716.8,113723,113660,113685.4,20.6802,2351223.52168
2025-08-20 00:21:00+08:00,113685.4,113788.2,113681.7,113681.7,19.193,2182734.45512
2025-08-20 00:22:00+08:00,113681.7,113718.2,113678,113718.1,11.1096,1263199.69172
2025-08-20 00:23:00+08:00,113718.1,113747.6,113702.7,113745.6,35.6742,4057528.07454
2025-08-20 00:24:00+08:00,113745.6,113745.6,113704.8,113725.2,26.1262,2971091.6215
2025-08-20 00:25:00+08:00,113725.2,113762.4,113683.3,113683.3,28.8798,3285043.71792
2025-08-20 00:26:00+08:00,113683.3,113687.8,113632,113632,35.7936,4068154.09306
2025-08-20 00:27:00+08:00,113632,113663.4,113600.7,113600.8,67.967,7722669.1928
2025-08-20 00:28:00+08:00,113600.8,113653.2,113600.7,113653.1,39.2486,4459241.76192
2025-08-20 00:29:00+08:00,113653.1,113662.9,113577.9,113594.5,63.0902,7167038.53642
2025-08-20 00:30:00+08:00,113594.5,113617.7,113581.1,113581.1,30.1284,3422788.23952
2025-08-20 00:31:00+08:00,113581.1,113625.1,113564.1,113564.1,32.7444,3719509.19818
2025-08-20 00:32:00+08:00,113564.1,113589.1,113552,113579.6,29.3082,3328305.66284
2025-08-20 00:33:00+08:00,113579.6,113681.1,113579.6,113638.5,162.5678,18471632.63698
2025-08-20 00:34:00+08:00,113638.5,113638.5,113577.1,113611.1,20.0648,2279556.0437
2025-08-20 00:35:00+08:00,113611.1,113656.3,113606.7,113624.2,8.3078,943951.28332
2025-08-20 00:36:00+08:00,113624.2,113681.8,113610.1,113627.9,59.5956,6772081.17356
2025-08-20 00:37:00+08:00,113627.9,113787.1,113497.9,113708.5,475.8384,54035392.64114
2025-08-20 00:38:00+08:00,113708.5,113712.4,113513.6,113533.1,53.5858,6085973.23964
2025-08-20 00:39:00+08:00,113533.1,113544.4,113374.5,113410.6,616.0066,69874318.8239
2025-08-20 00:40:00+08:00,113410.6,113454.3,113383.7,113433.7,286.9324,32543692.03834
2025-08-20 00:41:00+08:00,113433.7,113546.4,113433.7,113521.6,48.4958,5504074.21964
2025-08-20 00:42:00+08:00,113521.6,113616,113521.5,113552.2,60.686,6893625.01598
2025-08-20 00:43:00+08:00,113552.2,113569.8,113450,113450.1,33.7442,3830922.03448
2025-08-20 00:44:00+08:00,113450.1,113547.8,113450,113547.7,22.7058,2577460.33656
2025-08-20 00:45:00+08:00,113547.7,113550.6,113434.2,113434.2,40.6614,4615460.68388
2025-08-20 00:46:00+08:00,113434.2,113462.1,113389.5,113407.7,58.4862,6632867.98224
2025-08-20 00:47:00+08:00,113407.7,113506.3,113407.7,113481.4,41.8148,4744512.9193
2025-08-20 00:48:00+08:00,113481.4,113496.6,113454.1,113454.3,62.1768,7055438.50612
2025-08-20 00:49:00+08:00,113454.3,113454.3,113377,113377.2,76.9314,8724153.55296
2025-08-20 00:50:00+08:00,113377.2,113399.3,113310.1,113315.6,142.0162,16096608.73264
2025-08-20 00:51:00+08:00,113315.6,113463.7,113315.6,113430.2,69.7724,7913335.49814
2025-08-20 00:52:00+08:00,113430.2,113492,113423.9,113440.6,56.825,6447301.17338
2025-08-20 00:53:00+08:00,113440.6,113567.6,113440.5,113544.3,50.6114,5745393.55838
2025-08-20 00:54:00+08:00,113544.3,113544.3,113434,113434,24.432,2772600.82546
2025-08-20 00:55:00+08:00,113434,113461.7,113397.9,113403.1,38.6028,4379047.24348
2025-08-20 00:56:00+08:00,113403.1,113412,113360,113400,28.4596,3226958.04812
2025-08-20 00:57:00+08:00,113400,113403,113339.6,113344.3,39.7318,4503679.19884
2025-08-20 00:58:00+08:00,113344.3,113399.9,113312,113312.1,29.7182,3368835.58802
2025-08-20 00:59:00+08:00,113312.1,113376,113291.6,113341.5,168.9742,19147315.92824
2025-08-20 01:00:00+08:00,113341.5,113345.2,113298.1,113310.4,35.262,3995651.69508
2025-08-20 01:01:00+08:00,113310.4,113378.8,113167.7,113309.3,536.7714,60792784.53292
2025-08-20 01:02:00+08:00,113309.3,113412.9,113309.3,113380.9,88.15,9994058.18242
2025-08-20 01:03:00+08:00,113380.9,113450.3,113321.3,113322.7,197.2016,22365050.78958
2025-08-20 01:04:00+08:00,113322.7,113322.7,113260.2,113260.9,41.6374,4716624.49926
2025-08-20 01:05:00+08:00,113260.9,113299,113033,113089.7,768.5842,86930400.47494
2025-08-20 01:06:00+08:00,113089.7,113303.3,113050.1,113188,174.5056,19749395.03818
2025-08-20 01:07:00+08:00,113188,113188,113133.6,113162.8,91.0358,10301798.97518
2025-08-20 01:08:00+08:00,113162.8,113194.8,113138.7,113194.8,26.0216,2944666.95156
2025-08-20 01:09:00+08:00,113194.8,113300,113194.7,113240.5,31.4182,3558435.09934
2025-08-20 01:10:00+08:00,113240.5,113300,113213.8,113300,43.9192,4974265.60252
2025-08-20 01:11:00+08:00,113300,113399.6,113299.9,113355.9,122.9784,13943201.51126
2025-08-20 01:12:00+08:00,113355.9,113368.8,113247.2,113250.4,99.7564,11299221.55234
2025-08-20 01:13:00+08:00,113250.4,113255.9,113162.5,113162.6,175.3464,19850401.5709
2025-08-20 01:14:00+08:00,113162.6,113276.1,113162.6,113267.2,129.8384,14703096.5383
2025-08-20 01:15:00+08:00,113267.2,113316.3,113152.5,113152.6,41.4034,4687135.31624
2025-08-20 01:16:00+08:00,113152.6,113200,113124.9,113166.3,40.6876,4604403.21506
2025-08-20 01:17:00+08:00,113166.3,113259.2,113166.2,113255,35.7012,4042848.86408
2025-08-20 01:18:00+08:00,113255,113263.3,113166.7,113166.7,24.1934,2739400.15768
2025-08-20 01:19:00+08:00,113166.7,113254,113163.8,113251.9,21.8456,2472759.47826
2025-08-20 01:20:00+08:00,113251.9,113262,113207.7,113223,33.4784,3791097.44606
2025-08-20 01:21:00+08:00,113223,113223.1,113182.5,113197.2,33.6088,3804680.48032
2025-08-20 01:22:00+08:00,113197.2,113238.4,113170,113238.4,14.2486,1612867.865
2025-08-20 01:23:00+08:00,113238.4,113347.6,113238.4,113347.6,23.2556,2635230.66096
2025-08-20 01:24:00+08:00,113347.6,113363.5,113335,113357.5,35.021,3969739.61026
2025-08-20 01:25:00+08:00,113357.5,113388,113344.3,113366.5,12.0736,1368802.44118
2025-08-20 01:26:00+08:00,113366.5,113397.9,113353.6,113397.9,68.694,7787700.82726
2025-08-20 01:27:00+08:00,113397.9,113399.9,113366.4,113393.4,64.7568,7342548.66138
2025-08-20 01:28:00+08:00,113393.4,113442.1,113393.4,113411.3,69.0938,7836784.04742
2025-08-20 01:29:00+08:00,113411.3,113416,113379.5,113379.6,21.0654,2388903.19456
2025-08-20 01:30:00+08:00,113379.6,113458.4,113371.1,113458.4,26.8654,3046923.60182
2025-08-20 01:31:00+08:00,113458.4,113545,113458.3,113545,201.294,22847187.55084
2025-08-20 01:32:00+08:00,113545,113545,113503.2,113503.3,60.2938,6844718.44754
2025-08-20 01:33:00+08:00,113503.3,113538.5,113503.2,113538.5,25.1542,2855523.53632
2025-08-20 01:34:00+08:00,113538.5,113545,113519.5,113519.6,40.472,4594975.38328
2025-08-20 01:35:00+08:00,113519.6,113519.6,113408,113409.2,80.3124,9110728.8135
2025-08-20 01:36:00+08:00,113409.2,113438,113375.1,113389.1,57.906,6567315.62268
2025-08-20 01:37:00+08:00,113389.1,113463.6,113389.1,113458.4,16.5204,1874073.90128
2025-08-20 01:38:00+08:00,113458.4,113516.9,113453.4,113516.9,18.3306,2080349.33684
2025-08-20 01:39:00+08:00,113516.9,113523.4,113481.3,113481.9,24.5338,2784716.66648
2025-08-20 01:40:00+08:00,113481.9,113506.8,113454.6,113502.2,28.9222,3282224.3989
2025-08-20 01:41:00+08:00,113502.2,113505.8,113446,113446,8.688,985975.28126
2025-08-20 01:42:00+08:00,113446,113446.1,113405.3,113405.3,15.1208,1715065.71158
2025-08-20 01:43:00+08:00,113405.3,113442,113400.1,113442,7.2894,826754.92326
2025-08-20 01:44:00+08:00,113442,113460.3,113430.6,113430.7,7.7636,880685.35172
2025-08-20 01:45:00+08:00,113430.7,113478.5,113387.7,113387.8,199.1928,22596666.4423
2025-08-20 01:46:00+08:00,113387.8,113403.1,113253.6,113253.6,74.5874,8452210.47444
2025-08-20 01:47:00+08:00,113253.6,113285.8,113253.6,113260.9,18.5956,2106216.74316
2025-08-20 01:48:00+08:00,113260.9,113322.8,113260.8,113322.8,25.1958,2854213.41604
2025-08-20 01:49:00+08:00,113322.8,113347,113289.5,113296.9,22.3796,2536187.36704
2025-08-20 01:50:00+08:00,113296.9,113315.7,113291.1,113297.3,4.9364,559321.07818
2025-08-20 01:51:00+08:00,113297.3,113421.6,113297.3,113402.4,16.4838,1868805.63888
2025-08-20 01:52:00+08:00,113402.4,113404.4,113323.3,113323.3,10.4496,1184644.63612
2025-08-20 01:53:00+08:00,113323.3,113367.2,113323.3,113350,6.1648,698730.35046
2025-08-20 01:54:00+08:00,113350,113352,113329.8,113352,5.3578,607249.41546
2025-08-20 01:55:00+08:00,113352,113385.1,113351.9,113374.4,5.9974,679863.59458
2025-08-20 01:56:00+08:00,113374.4,113383.9,113350.2,113354.9,6.4392,729993.03004
2025-08-20 01:57:00+08:00,113354.9,113435,113354.9,113435,25.2224,2860202.12724
2025-08-20 01:58:00+08:00,113435,113497.3,113434.9,113481.4,46.5392,5280855.81562
2025-08-20 01:59:00+08:00,113481.4,113481.8,113464.8,113469.3,21.3856,2426715.86888
2025-08-20 02:00:00+08:00,113469.3,113469.4,113415.4,113464.6,19.8944,2256853.02836
2025-08-20 02:01:00+08:00,113464.6,113464.6,113372.4,113372.4,33.5476,3804281.17562
2025-08-20 02:02:00+08:00,113372.4,113458,113372.2,113447.2,122.75,13917604.29732
2025-08-20 02:03:00+08:00,113447.2,113447.2,113336.1,113348.5,32.8252,3721272.1083
2025-08-20 02:04:00+08:00,113348.5,113407.2,113318.8,113407.2,16.2266,1839323.21388
2025-08-20 02:05:00+08:00,113407.2,113424.4,113395.5,113399,6.5054,737796.78318
2025-08-20 02:06:00+08:00,113399,113399,113367.2,113380.3,30.2732,3432396.67974
2025-08-20 02:07:00+08:00,113380.3,113441.4,113380.3,113414.5,60.2276,6831646.88884
2025-08-20 02:08:00+08:00,113414.5,113414.5,113385.3,113410.1,8.7826,995929.9933
2025-08-20 02:09:00+08:00,113410.1,113442,113400,113442,12.5284,1420914.40712
2025-08-20 02:10:00+08:00,113442,113446.6,113401.7,113401.8,16.7752,1902760.4729
2025-08-20 02:11:00+08:00,113401.8,113435.5,113401.7,113430.1,29.803,3379923.94466
2025-08-20 02:12:00+08:00,113430.1,113446.7,113388.1,113388.2,40.5778,4602199.40234
2025-08-20 02:13:00+08:00,113388.2,113396.3,113366.9,113396.3,11.5264,1306809.00762
2025-08-20 02:14:00+08:00,113396.3,113408.3,113328.2,113328.2,32.9848,3740413.30672
2025-08-20 02:15:00+08:00,113328.2,113334,113300.5,113331.6,12.9716,1469895.38114
2025-08-20 02:16:00+08:00,113331.6,113381,113331.6,113380.9,11.5524,1309465.70756
2025-08-20 02:17:00+08:00,113380.9,113393.1,113343.1,113343.1,6.971,790382.1642
2025-08-20 02:18:00+08:00,113343.1,113421.9,113343.1,113421.9,32.5562,3691201.56332
2025-08-20 02:19:00+08:00,113421.9,113436,113380.8,113380.9,11.9236,1352199.41296
2025-08-20 02:20:00+08:00,113380.9,113389.8,113305.8,113305.8,6.1084,692504.3249
2025-08-20 02:21:00+08:00,113305.8,113305.8,113250,113276.8,46.3234,5247387.80602
2025-08-20 02:22:00+08:00,113276.8,113336.5,113276.8,113291.8,217.8442,24678299.57184
2025-08-20 02:23:00+08:00,113291.8,113291.8,113256.4,113287.6,36.0714,4085652.9442
2025-08-20 02:24:00+08:00,113287.6,113305,113278.3,113283.7,29.1788,3305475.5823
2025-08-20 02:25:00+08:00,113283.7,113365,113281.7,113352.3,19.332,2190880.83056
2025-08-20 02:26:00+08:00,113352.3,113352.4,113324.1,113334.3,7.1774,813501.90692
2025-08-20 02:27:00+08:00,113334.3,113334.4,113280,113280,8.3314,943926.00836
2025-08-20 02:28:00+08:00,113280,113286.5,113262.8,113262.8,6.391,723905.40538
2025-08-20 02:29:00+08:00,113262.8,113265.7,113201,113201.1,23.37,2645963.23218
2025-08-20 02:30:00+08:00,113201.1,113204.8,113182.1,113184,24.3914,2761042.18646
2025-08-20 02:31:00+08:00,113184,113204.8,113184,113204.7,16.5556,1874108.93372
2025-08-20 02:32:00+08:00,113204.7,113218.7,113188.4,113218.7,7.9872,904237.32698
2025-08-20 02:33:00+08:00,113218.7,113218.7,113173.5,113179.7,14.462,1636803.21304
2025-08-20 02:34:00+08:00,113179.7,113199,113175.5,113185.7,15.8732,1796603.97494
2025-08-20 02:35:00+08:00,113185.7,113193.8,113175.4,113181.6,39.2778,4445495.14592
2025-08-20 02:36:00+08:00,113181.6,113193.4,113134.9,113142,10.0388,1136017.8119
2025-08-20 02:37:00+08:00,113142,113153.9,113104,113104.1,36.9556,4180828.33632
2025-08-20 02:38:00+08:00,113104.1,113106.2,113078.7,113078.8,88.225,9977891.17548
2025-08-20 02:39:00+08:00,113078.8,113096.2,113042.7,113042.7,28.7122,3246311.40034
2025-08-20 02:40:00+08:00,113042.7,113062.9,113042.7,113054.2,27.1002,3063676.90724
2025-08-20 02:41:00+08:00,113054.2,113062,112960.6,112973.4,275.5914,31140533.71292
2025-08-20 02:42:00+08:00,112973.4,113023.8,112938.4,112996,163.5592,18477641.84744
2025-08-20 02:43:00+08:00,112996,113011.9,112900.8,112915.7,102.7764,11608420.51786
2025-08-20 02:44:00+08:00,112915.7,112962.6,112915.6,112962.6,93.5708,10567007.3995
2025-08-20 02:45:00+08:00,112962.6,113008.3,112934.6,113008.3,76.114,8598361.22976
2025-08-20 02:46:00+08:00,113008.3,113041.1,112974,113000,123.5746,13965914.4503
2025-08-20 02:47:00+08:00,113000,113037.2,112970,112970.1,40.1738,4540215.11674
2025-08-20 02:48:00+08:00,112970.1,112993.2,112934.3,112934.3,35.4926,4009334.70354
2025-08-20 02:49:00+08:00,112934.3,112934.3,112845.2,112847.3,288.5046,32566527.91188
2025-08-20 02:50:00+08:00,112847.3,112878.6,112842.5,112842.5,69.8812,7886956.64714
2025-08-20 02:51:00+08:00,112842.5,112926.3,112785,112831.6,346.2056,39062510.78948
2025-08-20 02:52:00+08:00,112831.6,112951.1,112806.9,112940.5,117.7446,13288217.7908
2025-08-20 02:53:00+08:00,112940.5,113029.7,112940.5,113000.1,123.7994,13989383.45956
2025-08-20 02:54:00+08:00,113000.1,113092.2,113000.1,113088.6,92.7048,10480808.00466
2025-08-20 02:55:00+08:00,113088.6,113088.6,113030.4,113030.5,85.704,9688383.33674
2025-08-20 02:56:00+08:00,113030.5,113061.8,113020,113046.3,24.715,2793812.42264
2025-08-20 02:57:00+08:00,113046.3,113050,113025.7,113050,20.4126,2307513.72718
2025-08-20 02:58:00+08:00,113050,113050,113024.3,113024.3,14.6754,1658943.15302
2025-08-20 02:59:00+08:00,113024.3,113056.4,113010.7,113013.1,14.0824,1591548.86294
2025-08-20 03:00:00+08:00,113013.1,113013.1,112871.2,112871.2,69.59,7860038.88004
2025-08-20 03:01:00+08:00,112871.2,112890,112774.7,112774.7,176.8826,19957429.90416
2025-08-20 03:02:00+08:00,112774.7,112809.9,112772.5,112774.6,96.8236,10920448.88654
2025-08-20 03:03:00+08:00,112774.6,112844.8,112774.6,112792.7,36.2218,4086181.04938
2025-08-20 03:04:00+08:00,112792.7,112805.1,112764,112768.4,63.1284,7119575.035
2025-08-20 03:05:00+08:00,112768.4,112928.5,112768.4,112844,86.9626,9811942.14032
2025-08-20 03:06:00+08:00,112844,112858.2,112778,112791.3,35.3216,3985393.78054
2025-08-20 03:07:00+08:00,112791.3,112796.6,112770.7,112770.7,27.6974,3123853.28266
2025-08-20 03:08:00+08:00,112770.7,112770.7,112765.2,112765.2,15.634,1763041.16288
2025-08-20 03:09:00+08:00,112765.2,112835.5,112761.9,112802.3,32.1002,3620281.54164
2025-08-20 03:10:00+08:00,112802.3,112802.3,112760,112770.6,45.8136,5166123.08836
2025-08-20 03:11:00+08:00,112770.6,112770.7,112757.8,112769.7,41.2448,4650813.15472
2025-08-20 03:12:00+08:00,112769.7,112778.2,112756,112767.1,32.2848,3640608.69656
2025-08-20 03:13:00+08:00,112767.1,112816.4,112767.1,112784.6,18.3318,2067570.25694
2025-08-20 03:14:00+08:00,112784.6,112796.4,112763.4,112771.7,10.1918,1149407.89588
2025-08-20 03:15:00+08:00,112771.7,112771.7,112756,112756.1,22.0998,2492026.07644
2025-08-20 03:16:00+08:00,112756.1,112771.5,112756,112761.3,32.1522,3625669.72028
2025-08-20 03:17:00+08:00,112761.3,112761.3,112723.7,112753.5,387.2044,43649212.4331
2025-08-20 03:18:00+08:00,112753.5,112921.1,112753.5,112874.2,130.6314,14741491.21178
2025-08-20 03:19:00+08:00,112874.2,112999.8,112874.2,112999.7,78.3316,8848117.29706
2025-08-20 03:20:00+08:00,112999.7,113044.6,112978.8,113040.8,84.947,9600262.38334
2025-08-20 03:21:00+08:00,113040.8,113171.5,113040.8,113171.5,182.5364,20649009.33306
2025-08-20 03:22:00+08:00,113171.5,113171.5,113127.7,113151.7,32.4244,3668749.38324
2025-08-20 03:23:00+08:00,113151.7,113187.4,113130.1,113187.4,29.0052,3282302.52082
2025-08-20 03:24:00+08:00,113187.4,113271.2,113176.7,113271.2,47.4982,5376984.96428
2025-08-20 03:25:00+08:00,113271.2,113374.7,113271.2,113274.4,135.0432,15304672.71756
2025-08-20 03:26:00+08:00,113274.4,113293.5,113252.3,113293.5,104.602,11847772.59592
2025-08-20 03:27:00+08:00,113293.5,113303.9,113265.5,113280.9,112.2434,12716004.98082
2025-08-20 03:28:00+08:00,113280.9,113378.4,113280.9,113378.4,252.6452,28628529.31614
2025-08-20 03:29:00+08:00,113378.4,113378.5,113326.7,113340.2,80.6728,9143780.2297
2025-08-20 03:30:00+08:00,113340.2,113366.9,113319.1,113355.6,27.964,3169432.52794
2025-08-20 03:31:00+08:00,113355.6,113355.6,113257.4,113257.4,27.717,3140652.5174
2025-08-20 03:32:00+08:00,113257.4,113285.9,113257.4,113285.8,30.089,3407960.60416
2025-08-20 03:33:00+08:00,113285.8,113342.4,113282.7,113331.9,38.5152,4364375.62262
2025-08-20 03:34:00+08:00,113331.9,113369.1,113322.9,113369.1,82.008,9294553.99842
2025-08-20 03:35:00+08:00,113369.1,113406.2,113357.6,113406.2,34.3432,3893913.5049
2025-08-20 03:36:00+08:00,113406.2,113460,113406.1,113460,54.394,6169598.12428
2025-08-20 03:37:00+08:00,113460,113460,113426.4,113451.4,256.7302,29123467.6162
2025-08-20 03:38:00+08:00,113451.4,113495.9,113451.3,113479.9,62.9886,7147525.39612
2025-08-20 03:39:00+08:00,113479.9,113489.8,113416.9,113416.9,128.176,14544026.33136
2025-08-20 03:40:00+08:00,113416.9,113417,113360.4,113394.3,33.0704,3749862.41386
2025-08-20 03:41:00+08:00,113394.3,113394.3,113344.6,113349.9,6.12,693743.05816
2025-08-20 03:42:00+08:00,113349.9,113362.2,113336,113338.1,7.453,844831.90146
2025-08-20 03:43:00+08:00,113338.1,113356.2,113313.3,113340,7.9734,903630.68716
2025-08-20 03:44:00+08:00,113340,113376.7,113339.9,113376.7,7.8772,892859.33708
2025-08-20 03:45:00+08:00,113376.7,113460,113376.7,113460,19.982,2266747.92856
2025-08-20 03:46:00+08:00,113460,113460,113396.6,113402.8,11.6714,1323924.30906
2025-08-20 03:47:00+08:00,113402.8,113402.9,113233.1,113259.2,81.6254,9250036.73074
2025-08-20 03:48:00+08:00,113259.2,113271.3,113232.9,113268,22.74,2575247.51198
2025-08-20 03:49:00+08:00,113268,113305,113268,113305,9.473,1073099.9797
2025-08-20 03:50:00+08:00,113305,113305,113221.1,113275.6,44.5798,5048563.69672
2025-08-20 03:51:00+08:00,113275.6,113299.7,113243,113252.8,120.2584,13624353.51798
2025-08-20 03:52:00+08:00,113252.8,113289.1,113222.1,113222.1,5.8288,660184.2726
2025-08-20 03:53:00+08:00,113222.1,113222.2,113150,113174.5,61.9408,7009796.6716
2025-08-20 03:54:00+08:00,113174.5,113203.2,113153.7,113173,16.7534,1896104.89464
2025-08-20 03:55:00+08:00,113173,113324.2,113173,113214.9,157.386,17823700.17216
2025-08-20 03:56:00+08:00,113214.9,113221.5,113179.4,113179.4,43.7078,4947468.68556
2025-08-20 03:57:00+08:00,113179.4,113222.2,113159.5,113159.5,77.8596,8814327.23624
2025-08-20 03:58:00+08:00,113159.5,113159.5,113090,113103.5,61.7122,6982277.47488
2025-08-20 03:59:00+08:00,113103.5,113132.3,113037.2,113071.3,232.4888,26285950.40228
2025-08-20 04:00:00+08:00,113071.3,113154.8,113071,113154.8,30.7484,3478324.06078
2025-08-20 04:01:00+08:00,113154.8,113220,113154.7,113179.5,29.137,3297559.80336
2025-08-20 04:02:00+08:00,113179.5,113237.2,113179.5,113234.5,9.119,1032463.27282
2025-08-20 04:03:00+08:00,113234.5,113234.5,113202.5,113221.7,11.1522,1262592.28708
2025-08-20 04:04:00+08:00,113221.7,113221.8,113182,113206.3,16.4016,1856723.99072
2025-08-20 04:05:00+08:00,113206.3,113215.9,113116.5,113116.5,15.5258,1756981.20168
2025-08-20 04:06:00+08:00,113116.5,113116.5,113006.9,113006.9,60.6372,6855379.05862
2025-08-20 04:07:00+08:00,113006.9,113083.8,113004.3,113080.5,29.1802,3297866.21366
2025-08-20 04:08:00+08:00,113080.5,113086.3,113059,113073,186.4384,21081831.37096
2025-08-20 04:09:00+08:00,113073,113073,112959.2,112959.3,68.2442,7711784.41772
2025-08-20 04:10:00+08:00,112959.3,113000,112933.9,112933.9,31.7646,3587860.31212
2025-08-20 04:11:00+08:00,112933.9,112966.5,112864.7,112936.2,61.438,6936770.61338
2025-08-20 04:12:00+08:00,112936.2,112945.2,112904.4,112904.4,17.5484,1981761.02546
2025-08-20 04:13:00+08:00,112904.4,112921.4,112893.6,112900,22.228,2509759.3621
2025-08-20 04:14:00+08:00,112900,112933.7,112877.4,112925.9,33.4308,3774721.7977
2025-08-20 04:15:00+08:00,112925.9,112949.7,112925.5,112932.4,17.6552,1994002.7466
2025-08-20 04:16:00+08:00,112932.4,113033.6,112932.3,113033.6,37.8884,4281448.23262
2025-08-20 04:17:00+08:00,113033.6,113086,113025.9,113085.1,89.9496,10168778.41124
2025-08-20 04:18:00+08:00,113085.1,113092.1,113020.6,113037.9,14.1668,1601726.80162
2025-08-20 04:19:00+08:00,113037.9,113088.4,113037.8,113088.4,27.6476,3125897.07096
2025-08-20 04:20:00+08:00,113088.4,113132.1,113088.3,113115.9,74.5734,8435853.05896
2025-08-20 04:21:00+08:00,113115.9,113165.5,113090.2,113165.5,25.6102,2897690.24974
2025-08-20 04:22:00+08:00,113165.5,113165.5,113129.6,113136.3,10.6718,1207489.3562
2025-08-20 04:23:00+08:00,113136.3,113136.3,113079,113107.9,9.4302,1066639.01926
2025-08-20 04:24:00+08:00,113107.9,113119.4,113081,113085.1,8.8168,997202.59674
2025-08-20 04:25:00+08:00,113085.1,113113.5,113085.1,113093.1,5.9606,674170.46564
2025-08-20 04:26:00+08:00,113093.1,113200.3,113093.1,113200.3,12.1192,1371345.81226
2025-08-20 04:27:00+08:00,113200.3,113246.1,113200.3,113246.1,27.0792,3066199.41748
2025-08-20 04:28:00+08:00,113246.1,113257.5,113234.5,113257.5,17.313,1960533.58124
2025-08-20 04:29:00+08:00,113257.5,113257.5,113246.5,113246.6,24.3668,2759590.7286
2025-08-20 04:30:00+08:00,113246.6,113280.2,113246.5,113280.2,30.695,3476942.72532
2025-08-20 04:31:00+08:00,113280.2,113388.8,113280.1,113349.8,48.784,5530462.64664
2025-08-20 04:32:00+08:00,113349.8,113349.8,113330,113337.1,25.5492,2895900.04788
2025-08-20 04:33:00+08:00,113337.1,113395,113337,113395,15.5382,1761545.58928
2025-08-20 04:34:00+08:00,113395,113403.6,113375,113391.6,16.7048,1894159.3862
2025-08-20 04:35:00+08:00,113391.6,113402.5,113316.8,113350.2,19.1662,2173000.51106
2025-08-20 04:36:00+08:00,113350.2,113354.2,113330,113343.1,19.1844,2174473.72522
2025-08-20 04:37:00+08:00,113343.1,113359.8,113327.5,113333.2,22.516,2552042.0027
2025-08-20 04:38:00+08:00,113333.2,113383,113333.2,113382.9,11.187,1268076.1612
2025-08-20 04:39:00+08:00,113382.9,113440,113365.8,113420.9,359.9256,40819355.14582
2025-08-20 04:40:00+08:00,113420.9,113440.3,113409,113440.2,14.4874,1643433.02818
2025-08-20 04:41:00+08:00,113440.2,113440.2,113415.3,113415.3,14.2462,1615860.56148
2025-08-20 04:42:00+08:00,113415.3,113450,113415.3,113427.2,18.6264,2112991.04068
2025-08-20 04:43:00+08:00,113427.2,113427.2,113366.8,113366.8,19.1154,2167320.77138
2025-08-20 04:44:00+08:00,113366.8,113366.8,113360,113360.1,6.114,693083.97546
2025-08-20 04:45:00+08:00,113360.1,113369.1,113344.8,113369,20.219,2291971.24164
2025-08-20 04:46:00+08:00,113369,113401.1,113369,113380.7,6.8878,780977.96384
2025-08-20 04:47:00+08:00,113380.7,113412.5,113380.7,113412.5,4.4394,503471.15108
2025-08-20 04:48:00+08:00,113412.5,113412.5,113412.4,113412.5,4.1152,466715.06444
2025-08-20 04:49:00+08:00,113412.5,113437.4,113412.3,113437.3,10.9138,1237779.40088
2025-08-20 04:50:00+08:00,113437.3,113437.4,113386.9,113401.9,9.3612,1061651.1211
2025-08-20 04:51:00+08:00,113401.9,113401.9,113374.6,113374.7,12.105,1372573.1
2025-08-20 04:52:00+08:00,113374.7,113426.3,113374.7,113426.3,5.034,570774.25266
2025-08-20 04:53:00+08:00,113426.3,113430,113419.8,113430,12.6608,1435988.27532
2025-08-20 04:54:00+08:00,113430,113469.6,113430,113469.6,17.7794,2017114.6923
2025-08-20 04:55:00+08:00,113469.6,113487.3,113456.8,113472.5,29.7208,3372358.63298
2025-08-20 04:56:00+08:00,113472.5,113519.9,113472.4,113519.9,20.9024,2372480.731
2025-08-20 04:57:00+08:00,113519.9,113519.9,113499.1,113499.1,40.853,4636890.74566
2025-08-20 04:58:00+08:00,113499.1,113499.2,113472.5,113488.4,5.1956,589638.04158
2025-08-20 04:59:00+08:00,113488.4,113521.1,113479.2,113521.1,12.779,1450385.6692
2025-08-20 05:00:00+08:00,113521.1,113525.9,113473,113473.1,22.7124,2577958.5602
2025-08-20 05:01:00+08:00,113473.1,113473.1,113473,113473,14.1822,1609297.83018
2025-08-20 05:02:00+08:00,113473,113484.4,113473,113474.5,6.3124,716307.21116
2025-08-20 05:03:00+08:00,113474.5,113475,113474.3,113475,20.7834,2358385.11868
2025-08-20 05:04:00+08:00,113475,113506.5,113474.9,113506.5,20.6708,2345834.29884
2025-08-20 05:05:00+08:00,113506.5,113506.5,113495.5,113495.5,12.5352,1422736.92012
2025-08-20 05:06:00+08:00,113495.5,113506.6,113495.5,113506.6,12.303,1396426.984
2025-08-20 05:07:00+08:00,113506.6,113530.3,113495,113495.1,134.9568,15318751.64406
2025-08-20 05:08:00+08:00,113495.1,113495.1,113475.4,113475.5,12.3496,1401399.65602
2025-08-20 05:09:00+08:00,113475.5,113475.5,113420.3,113420.3,24.9842,2834339.16522
2025-08-20 05:10:00+08:00,113420.3,113429.8,113420.3,113429.8,32.9462,3736784.93152
2025-08-20 05:11:00+08:00,113429.8,113429.8,113422.7,113422.8,6.9236,785339.38308
2025-08-20 05:12:00+08:00,113422.8,113450,113422.7,113450,18.7784,2129970.47642
2025-08-20 05:13:00+08:00,113450,113462.2,113449.9,113462.2,23.3066,2644282.57786
2025-08-20 05:14:00+08:00,113462.2,113462.2,113453.5,113453.6,24.672,2799312.69838
2025-08-20 05:15:00+08:00,113453.6,113453.6,113414.5,113414.6,49.3022,5592265.0194
2025-08-20 05:16:00+08:00,113414.6,113472.2,113414.5,113472.2,55.8492,6335640.68386
2025-08-20 05:17:00+08:00,113472.2,113507.5,113472.1,113478.5,12.4172,1409206.37102
2025-08-20 05:18:00+08:00,113478.5,113478.5,113471.5,113477.3,4.3236,490606.67568
2025-08-20 05:19:00+08:00,113477.3,113477.3,113450,113450,8.2824,939804.38726
2025-08-20 05:20:00+08:00,113450,113450,113420.2,113420.2,17.451,1979673.01084
2025-08-20 05:21:00+08:00,113420.2,113428.6,113420.2,113428.6,2.8668,325161.4297
2025-08-20 05:22:00+08:00,113428.6,113466.8,113428.6,113452,9.9422,1128022.45602
2025-08-20 05:23:00+08:00,113452,113452,113434.7,113434.7,5.0542,573365.8789
2025-08-20 05:24:00+08:00,113434.7,113437.8,113434.7,113437.8,2.6252,297796.07054
2025-08-20 05:25:00+08:00,113437.8,113437.8,113430,113430.1,3.3854,384025.59908
2025-08-20 05:26:00+08:00,113430.1,113445.2,113430,113445.2,6.71,761150.91962
2025-08-20 05:27:00+08:00,113445.2,113445.2,113445.1,113445.2,3.0042,340812.0565
2025-08-20 05:28:00+08:00,113445.2,113458.8,113445.1,113458.8,3.5428,401945.05072
2025-08-20 05:29:00+08:00,113458.8,113466.8,113458.7,113466.8,1.9484,221068.8244
2025-08-20 05:30:00+08:00,113466.8,113470.2,113466.7,113466.8,3.894,441842.76036
2025-08-20 05:31:00+08:00,113466.8,113466.8,113454.3,113454.4,2.8896,327868.36694
2025-08-20 05:32:00+08:00,113454.4,113454.4,113454.3,113454.4,3.0076,341225.38012
2025-08-20 05:33:00+08:00,113454.4,113460,113454.3,113459.9,2.7068,307098.61076
2025-08-20 05:34:00+08:00,113459.9,113461.8,113459.9,113461.8,4.116,467008.28354
2025-08-20 05:35:00+08:00,113461.8,113471.5,113461.7,113471.5,3.5708,405168.29908
2025-08-20 05:36:00+08:00,113471.5,113471.5,113471.4,113471.4,8.4394,957630.80902
2025-08-20 05:37:00+08:00,113471.4,113505.7,113471.4,113505.7,61.4506,6973967.67456
2025-08-20 05:38:00+08:00,113505.7,113509.2,113505.6,113509.2,3.7038,420406.07488
2025-08-20 05:39:00+08:00,113509.2,113511.5,113480.1,113480.1,31.861,3616137.4091
2025-08-20 05:40:00+08:00,113480.1,113480.1,113471.5,113471.5,4.6028,522287.50004
2025-08-20 05:41:00+08:00,113471.5,113471.6,113471.5,113471.6,3.3028,374773.69446
2025-08-20 05:42:00+08:00,113471.6,113471.6,113471.5,113471.6,8.3136,943357.47928
2025-08-20 05:43:00+08:00,113471.6,113476.8,113415,113415.1,73.1134,8294034.41766
2025-08-20 05:44:00+08:00,113415.1,113482,113415.1,113443.4,21.4708,2435748.4591
2025-08-20 05:45:00+08:00,113443.4,113455.7,113424.5,113424.5,8.0862,917346.08702
2025-08-20 05:46:00+08:00,113424.5,113424.5,113394,113394,13.0588,1480871.08354
2025-08-20 05:47:00+08:00,113394,113394.1,113384.2,113384.3,8.9978,1020222.82308
2025-08-20 05:48:00+08:00,113384.3,113410,113384.2,113410,14.4906,1643070.82794
2025-08-20 05:49:00+08:00,113410,113416.1,113410,113416.1,6.592,747613.92324
2025-08-20 05:50:00+08:00,113416.1,113423.8,113416,113423.8,5.1564,584824.82884
2025-08-20 05:51:00+08:00,113423.8,113423.8,113420.5,113420.6,4.5898,520591.39356
2025-08-20 05:52:00+08:00,113420.6,113420.6,113387.8,113391.5,6.6314,751999.52552
2025-08-20 05:53:00+08:00,113391.5,113391.6,113389.3,113389.3,6.584,746565.24564
2025-08-20 05:54:00+08:00,113389.3,113389.4,113376.9,113377,108.4686,12298411.1902
2025-08-20 05:55:00+08:00,113377,113377,113364,113364,28.937,3280692.60742
2025-08-20 05:56:00+08:00,113364,113364.1,113361.5,113361.5,4.3624,494533.80756
2025-08-20 05:57:00+08:00,113361.5,113361.6,113358.7,113358.8,3.886,440515.17508
2025-08-20 05:58:00+08:00,113358.8,113358.8,113352.9,113352.9,2.425,274883.46596
2025-08-20 05:59:00+08:00,113352.9,113365.1,113352.1,113365,30.3228,3437355.64594
2025-08-20 06:00:00+08:00,113365,113365,113356.3,113356.3,6.1728,699731.8827
2025-08-20 06:01:00+08:00,113356.3,113359,113356.3,113359,3.7014,419580.71118
2025-08-20 06:02:00+08:00,113359,113390.7,113213.2,113231.7,78.5182,8895231.93388
2025-08-20 06:03:00+08:00,113231.7,113283.1,113231.7,113259.8,40.0832,4539703.96878
2025-08-20 06:04:00+08:00,113259.8,113295.4,113238,113255.8,23.2082,2628340.22152
2025-08-20 06:05:00+08:00,113255.8,113271.8,113169.9,113171,31.602,3577611.4152
2025-08-20 06:06:00+08:00,113171,113220.1,113131.6,113185.3,26.3576,2982922.24626
2025-08-20 06:07:00+08:00,113185.3,113224.4,113168.9,113224.3,17.438,1973782.21546
2025-08-20 06:08:00+08:00,113224.3,113243.4,113212.9,113223.9,7.5486,854701.72422
2025-08-20 06:09:00+08:00,113223.9,113236.7,113213.5,113234.8,13.5226,1531176.59546
2025-08-20 06:10:00+08:00,113234.8,113243.4,113160,113160,13.5134,1529875.38526
2025-08-20 06:11:00+08:00,113160,113160,113051.3,113055.2,211.1946,23888718.71734
2025-08-20 06:12:00+08:00,113055.2,113114.9,113055.2,113106.5,28.5306,3226652.24214
2025-08-20 06:13:00+08:00,113106.5,113137.7,113094.4,113121.6,8.9024,1007046.97686
2025-08-20 06:14:00+08:00,113121.6,113151.2,113114.2,113114.2,17.6182,1993085.04846
2025-08-20 06:15:00+08:00,113114.2,113185.3,113114.2,113180.8,18.6706,2112438.32182
2025-08-20 06:16:00+08:00,113180.8,113180.8,113150,113164.2,9.6968,1097294.26332
2025-08-20 06:17:00+08:00,113164.2,113178.2,113161.2,113163.1,5.7976,656127.96432
2025-08-20 06:18:00+08:00,113163.1,113163.2,113026.9,113027,27.4462,3103700.40926
2025-08-20 06:19:00+08:00,113027,113049.1,113011.6,113028.5,39.4292,4456365.99286
2025-08-20 06:20:00+08:00,113028.5,113142,113028.5,113086.7,15.1258,1710362.88656
2025-08-20 06:21:00+08:00,113086.7,113114.7,113056.7,113097.1,17.4846,1977471.10476
2025-08-20 06:22:00+08:00,113097.1,113240.3,113097.1,113215.2,11.1034,1256799.8516
2025-08-20 06:23:00+08:00,113215.2,113237.1,113175.4,113228.7,13.5352,1532422.33432
2025-08-20 06:24:00+08:00,113228.7,113270.5,113222.9,113263,20.0086,2266069.93658
2025-08-20 06:25:00+08:00,113263,113276.7,113227.6,113228,9.7316,1102255.11106
2025-08-20 06:26:00+08:00,113228,113249.6,113152,113152,29.5034,3339542.77132
2025-08-20 06:27:00+08:00,113152,113253.8,113152,113253.8,5.493,621810.70286
2025-08-20 06:28:00+08:00,113253.8,113273.1,113251.7,113251.8,8.663,981279.76976
2025-08-20 06:29:00+08:00,113251.8,113258,113234.8,113244.7,5.9346,672088.83988
2025-08-20 06:30:00+08:00,113244.7,113253.2,113224.5,113253.2,11.349,1285087.07424
2025-08-20 06:31:00+08:00,113253.2,113279.8,113251.5,113277.5,11.7106,1326370.33262
2025-08-20 06:32:00+08:00,113277.5,113290,113264.4,113269.7,30.24,3425683.92074
2025-08-20 06:33:00+08:00,113269.7,113269.7,113217,113232.9,12.142,1374898.1767
2025-08-20 06:34:00+08:00,113232.9,113246.1,113232.9,113240.7,7.9372,898790.93842
2025-08-20 06:35:00+08:00,113240.7,113244.1,113187.8,113187.8,3.6258,410467.64072
2025-08-20 06:36:00+08:00,113187.8,113201.5,113187.8,113195,4.0322,456440.0128
2025-08-20 06:37:00+08:00,113195,113195,113119,113119,7.321,828288.35688
2025-08-20 06:38:00+08:00,113119,113128.8,113113.1,113117.6,10.331,1168679.8899
2025-08-20 06:39:00+08:00,113117.6,113121.5,113065.9,113065.9,43.64,4936105.29688
2025-08-20 06:40:00+08:00,113065.9,113069.3,113004.8,113038.9,23.7108,2680057.97336
2025-08-20 06:41:00+08:00,113038.9,113101.6,113038.9,113101.6,15.4816,1750756.35742
2025-08-20 06:42:00+08:00,113101.6,113109.6,113086.3,113088.9,15.6216,1766699.86366
2025-08-20 06:43:00+08:00,113088.9,113151.4,113088.8,113151.4,6.5092,736318.91918
2025-08-20 06:44:00+08:00,113151.4,113151.4,113131.5,113148.7,7.6518,865706.46682
2025-08-20 06:45:00+08:00,113148.7,113148.7,113116.1,113122.8,6.0904,688990.46378
2025-08-20 06:46:00+08:00,113122.8,113173.6,113122.8,113173.6,26,2942351.04232
2025-08-20 06:47:00+08:00,113173.6,113190.4,113151.2,113151.3,4.7926,542380.21776
2025-08-20 06:48:00+08:00,113151.3,113151.3,113065.7,113077.2,18.6956,2114417.14388
2025-08-20 06:49:00+08:00,113077.2,113109.2,113077.2,113109.2,7.0094,792737.42184
2025-08-20 06:50:00+08:00,113109.2,113117.4,113091.1,113109.2,19.4032,2194613.95124
2025-08-20 06:51:00+08:00,113109.2,113158.1,113109.2,113158.1,25.9614,2937319.3175
2025-08-20 06:52:00+08:00,113158.1,113211.1,113150.2,113211.1,8.745,989771.50348
2025-08-20 06:53:00+08:00,113211.1,113211.1,113182.3,113182.3,5.8782,665454.67312
2025-08-20 06:54:00+08:00,113182.3,113185.1,113159.8,113159.8,4.533,513009.17534
2025-08-20 06:55:00+08:00,113159.8,113198.4,113155.8,113198.4,5.0044,566396.8571
2025-08-20 06:56:00+08:00,113198.4,113229.4,113198.4,113229.4,2.6494,299957.66638
2025-08-20 06:57:00+08:00,113229.4,113246,113153.1,113153.1,5.827,659668.60512
2025-08-20 06:58:00+08:00,113153.1,113153.2,113130.5,113130.5,4.1404,468468.34228
2025-08-20 06:59:00+08:00,113130.5,113130.5,113100,113121.2,5.3238,602183.37834
2025-08-20 07:00:00+08:00,113121.2,113141.7,113104.6,113132.7,9.0126,1019470.59502
2025-08-20 07:01:00+08:00,113132.7,113132.7,113025,113025,20.036,2265539.3295
2025-08-20 07:02:00+08:00,113025,113029.8,112980.3,112980.3,63.0736,7128017.10124
2025-08-20 07:03:00+08:00,112980.3,112980.4,112934.7,112934.8,47.9614,5418230.42598
2025-08-20 07:04:00+08:00,112934.8,112942.6,112934.7,112938.6,14.5328,1641345.52628
2025-08-20 07:05:00+08:00,112938.6,112959.8,112938.6,112940.4,63.3558,7156090.72108
2025-08-20 07:06:00+08:00,112940.4,112974.2,112940.4,112974.2,21.2848,2404068.94138
2025-08-20 07:07:00+08:00,112974.2,112994,112955.3,112993.9,13.2148,1492787.93684
2025-08-20 07:08:00+08:00,112993.9,113042.6,112993.9,112994.3,11.4206,1290635.05892
2025-08-20 07:09:00+08:00,112994.3,112994.4,112936.9,112936.9,24.968,2821059.8305
2025-08-20 07:10:00+08:00,112936.9,112950.7,112933.6,112942.6,10.235,1155943.62254
2025-08-20 07:11:00+08:00,112942.6,112942.7,112931,112931.1,6.5036,734466.4989
2025-08-20 07:12:00+08:00,112931.1,112942.8,112931,112940.2,5.9412,671000.10908
2025-08-20 07:13:00+08:00,112940.2,112942.9,112940.2,112942.8,13.0148,1469921.98922
2025-08-20 07:14:00+08:00,112942.8,112947.2,112931.1,112947.2,7.9626,899293.27706
2025-08-20 07:15:00+08:00,112947.2,112947.2,112882.1,112885.3,25.0046,2823107.35852
2025-08-20 07:16:00+08:00,112885.3,112969.5,112885.3,112895.2,44.253,4997743.49902
2025-08-20 07:17:00+08:00,112895.2,112918.4,112833.3,112918.4,56.8226,6413139.13812
2025-08-20 07:18:00+08:00,112918.4,112918.4,112850.1,112858.4,24.837,2803761.7914
2025-08-20 07:19:00+08:00,112858.4,112883.9,112841.1,112841.1,20.1186,2270433.14276
2025-08-20 07:20:00+08:00,112841.1,112866,112812.5,112866,27.4522,3097404.151
2025-08-20 07:21:00+08:00,112866,112976.6,112865.9,112956,22.2498,2512818.28832
2025-08-20 07:22:00+08:00,112956,113016,112956,113016,24.943,2818504.37068
2025-08-20 07:23:00+08:00,113016,113016,112949,112949,25.4514,2875471.64704
2025-08-20 07:24:00+08:00,112949,112965,112780,112826.6,158.1816,17851783.89892
2025-08-20 07:25:00+08:00,112826.6,112974.8,112826.6,112955.5,79.2698,8948999.53722
2025-08-20 07:26:00+08:00,112955.5,112955.5,112881,112894.8,13.1594,1485632.15662
2025-08-20 07:27:00+08:00,112894.8,112900.6,112850,112853.3,27.9212,3151496.84008
2025-08-20 07:28:00+08:00,112853.3,112901.4,112853.2,112901.4,46.79,5281485.52352
2025-08-20 07:29:00+08:00,112901.4,112901.4,112850.7,112872.4,53.1018,5994529.06052
2025-08-20 07:30:00+08:00,112872.4,112919.9,112866,112888.1,17.8536,2015613.88456
2025-08-20 07:31:00+08:00,112888.1,112892.3,112810.2,112810.2,47.8614,5401499.4447
2025-08-20 07:32:00+08:00,112810.2,112847.1,112762,112808.4,117.244,13224033.8158
2025-08-20 07:33:00+08:00,112808.4,112970.8,112805.8,112955.2,330.6438,37327781.61518
2025-08-20 07:34:00+08:00,112955.2,113055.8,112949.6,113055.7,61.3266,6929840.28584
2025-08-20 07:35:00+08:00,113055.7,113088.9,113025.8,113034.4,28.3164,3201562.57606
2025-08-20 07:36:00+08:00,113034.4,113071.1,113018.6,113018.7,15.8206,1788587.23536
2025-08-20 07:37:00+08:00,113018.7,113018.7,112943.8,112987.8,14.9432,1688236.65196
2025-08-20 07:38:00+08:00,112987.8,113024,112818.5,112857,111.6914,12612903.81568
2025-08-20 07:39:00+08:00,112857,112930.3,112812.4,112834.2,38.0918,4298896.84078
2025-08-20 07:40:00+08:00,112834.2,112840.7,112760,112797.9,42.9932,4850030.01464
2025-08-20 07:41:00+08:00,112797.9,112875.6,112767,112771.1,118.7924,13403045.20438
2025-08-20 07:42:00+08:00,112771.1,112838.8,112771.1,112811.5,14.9296,1684080.4471
2025-08-20 07:43:00+08:00,112811.5,112841.2,112810.6,112834.3,25.8888,2920657.26978
2025-08-20 07:44:00+08:00,112834.3,112914.2,112834.3,112914.2,18.5454,2093267.04424
2025-08-20 07:45:00+08:00,112914.2,112915.5,112811.5,112811.5,27.261,3076424.13588
2025-08-20 07:46:00+08:00,112811.5,112844.8,112800,112807.2,28.9772,3269108.02008
2025-08-20 07:47:00+08:00,112807.2,112835.4,112781.5,112781.5,7.5492,851632.85358
2025-08-20 07:48:00+08:00,112781.5,112806.3,112778.7,112797.4,15.4348,1740884.34284
2025-08-20 07:49:00+08:00,112797.4,112817.1,112760,112760.1,42.3878,4780575.37784
2025-08-20 07:50:00+08:00,112760.1,112792.5,112756.8,112756.8,38.0934,4295581.93786
2025-08-20 07:51:00+08:00,112756.8,112759.3,112755.1,112755.1,12.7742,1440388.14722
2025-08-20 07:52:00+08:00,112755.1,112755.2,112720,112720.1,69.0968,7789364.46166
2025-08-20 07:53:00+08:00,112720.1,112737.4,112686.6,112698,343.8766,38758889.3688
2025-08-20 07:54:00+08:00,112698,112792.1,112666,112783.3,136.0534,15335205.25662
2025-08-20 07:55:00+08:00,112783.3,112786.6,112734.4,112765.4,207.5398,23403778.18118
2025-08-20 07:56:00+08:00,112765.4,112781.8,112694.7,112703.1,14.3484,1617493.9457
2025-08-20 07:57:00+08:00,112703.1,112831.7,112693.7,112831.7,22.3862,2524060.57994
2025-08-20 07:58:00+08:00,112831.7,112850,112750.3,112754,55.0424,6209335.64132
2025-08-20 07:59:00+08:00,112754,112842.6,112754,112821.1,15.2316,1718432.64812
2025-08-20 08:00:00+08:00,112821.1,112893.6,112781.4,112893.6,49.6638,5604383.19462
2025-08-20 08:01:00+08:00,112893.6,113040.7,112889.8,113034.5,202.3704,22861800.94364
2025-08-20 08:02:00+08:00,113034.5,113060.9,113025.1,113037.6,51.5454,5827051.48778
2025-08-20 08:03:00+08:00,113037.6,113090.3,113030,113082.4,34.2984,3877636.32668
2025-08-20 08:04:00+08:00,113082.4,113149.7,113075.2,113124.1,58.9606,6669714.86258
2025-08-20 08:05:00+08:00,113124.1,113154.6,113119.4,113151.2,71.7546,8118770.2287
2025-08-20 08:06:00+08:00,113151.2,113209.4,113123.8,113209.4,42.8502,4848819.842
2025-08-20 08:07:00+08:00,113209.4,113209.4,113157.4,113157.4,16.808,1902302.38036
2025-08-20 08:08:00+08:00,113157.4,113177.7,113112,113121.5,16.2326,1836664.1548
2025-08-20 08:09:00+08:00,113121.5,113143.4,113084.3,113119.4,35.0078,3960152.37334
2025-08-20 08:10:00+08:00,113119.4,113119.4,113050.1,113107.8,29.5284,3339495.07804
2025-08-20 08:11:00+08:00,113107.8,113117,113098.8,113101.9,12.6254,1428095.03006
2025-08-20 08:12:00+08:00,113101.9,113101.9,113032.7,113032.8,10.842,1225931.21506
2025-08-20 08:13:00+08:00,113032.8,113032.8,113000.8,113003.1,6.255,706888.21226
2025-08-20 08:14:00+08:00,113003.1,113003.1,112961.9,112976.2,22.5606,2548814.00096
2025-08-20 08:15:00+08:00,112976.2,113068.7,112962.7,113068.6,34.5728,3906565.6575
2025-08-20 08:16:00+08:00,113068.6,113068.6,113043.1,113064.2,8.9536,1012232.39226
2025-08-20 08:17:00+08:00,113064.2,113130.3,113064.1,113109.9,22.5228,2547583.98664
2025-08-20 08:18:00+08:00,113109.9,113143.3,113096.7,113100,32.8134,3711801.82742
2025-08-20 08:19:00+08:00,113100,113133.3,113056.9,113079.1,29.9058,3382923.72032
2025-08-20 08:20:00+08:00,113079.1,113124.2,113063.9,113078.7,12.9022,1459111.72696
2025-08-20 08:21:00+08:00,113078.7,113130,113048.5,113048.6,18.3316,2073079.85498
2025-08-20 08:22:00+08:00,113048.6,113112.1,113048.6,113058.7,16.6926,1887908.45326
2025-08-20 08:23:00+08:00,113058.7,113058.7,112971,112971,26.2584,2967779.4759
2025-08-20 08:24:00+08:00,112971,113006.9,112951.3,112956.1,31.319,3537759.90686
2025-08-20 08:25:00+08:00,112956.1,112970.3,112811.4,112814.4,66.411,7493711.195
2025-08-20 08:26:00+08:00,112814.4,112855,112811.9,112821.8,23.5524,2657435.68614
2025-08-20 08:27:00+08:00,112821.8,112882.1,112821.8,112882.1,16.3184,1841651.66408
2025-08-20 08:28:00+08:00,112882.1,112928.4,112882,112914.2,24.616,2779396.60992
2025-08-20 08:29:00+08:00,112914.2,112946.1,112899.8,112946,19.9926,2257758.06628
2025-08-20 08:30:00+08:00,112946,113023.8,112937.8,113023.8,18.491,2089111.10192
2025-08-20 08:31:00+08:00,113023.8,113051.2,112955,112955,22.9674,2595742.87902
2025-08-20 08:32:00+08:00,112955,112960.9,112901,112960.9,12.348,1394429.62138
2025-08-20 08:33:00+08:00,112960.9,113039.9,112950.9,113037.7,13.032,1472554.36456
2025-08-20 08:34:00+08:00,113037.7,113070.3,113026.9,113070.2,6.265,708253.63644
2025-08-20 08:35:00+08:00,113070.2,113197.7,113070.2,113196.8,338.3334,38288032.08872
2025-08-20 08:36:00+08:00,113196.8,113196.8,113150.7,113150.9,39.542,4475309.22968
2025-08-20 08:37:00+08:00,113150.9,113160.1,113106.7,113128.4,18.4004,2081906.8988
2025-08-20 08:38:00+08:00,113128.4,113153.4,113111.4,113111.6,5.3772,608375.29842
2025-08-20 08:39:00+08:00,113111.6,113166.7,113111.6,113165.7,12.7806,1446195.19248
2025-08-20 08:40:00+08:00,113165.7,113206.6,113135.9,113206.6,74.0208,8378775.88056
2025-08-20 08:41:00+08:00,113206.6,113220.1,113135.9,113145.3,26.5992,3010771.78054
2025-08-20 08:42:00+08:00,113145.3,113197.1,113134.7,113197.1,22.232,2515577.85868
2025-08-20 08:43:00+08:00,113197.1,113223.8,113184.5,113220.3,115.2596,13048152.54092
2025-08-20 08:44:00+08:00,113220.3,113225.1,113201,113201,9.3578,1059448.3278
2025-08-20 08:45:00+08:00,113201,113225,113169.5,113225,9.4468,1069429.56394
2025-08-20 08:46:00+08:00,113225,113225,113202.4,113225,9.778,1106992.88736
2025-08-20 08:47:00+08:00,113225,113225,113189.8,113189.9,22.2246,2516046.82234
2025-08-20 08:48:00+08:00,113189.9,113200.4,113153.7,113153.8,9.2132,1042782.23366
2025-08-20 08:49:00+08:00,113153.8,113227.5,113153.7,113227.5,19.198,2173474.82682
2025-08-20 08:50:00+08:00,113227.5,113231,113187.1,113197.7,19.9078,2253648.47386
2025-08-20 08:51:00+08:00,113197.7,113234.3,113185,113234.3,27.0614,3063521.02624
2025-08-20 08:52:00+08:00,113234.3,113239.1,113225.3,113234.3,16.2272,1837455.60002
2025-08-20 08:53:00+08:00,113234.3,113266.9,113234.3,113234.8,33.7406,3821245.7048
2025-08-20 08:54:00+08:00,113234.8,113234.9,113200.1,113214.4,14.2604,1614446.12344
2025-08-20 08:55:00+08:00,113214.4,113263,113205.1,113263,10.6148,1201932.10442
2025-08-20 08:56:00+08:00,113263,113270.1,113238.5,113270,18.3868,2082418.92716
2025-08-20 08:57:00+08:00,113270,113273.3,113241.7,113273.2,21.251,2407028.73186
2025-08-20 08:58:00+08:00,113273.2,113273.3,113177.2,113180.6,127.9368,14488873.18052
2025-08-20 08:59:00+08:00,113180.6,113180.6,113153.7,113159.9,20.1836,2284147.56256
2025-08-20 09:00:00+08:00,113159.9,113197.7,113159.9,113194.9,15.3844,1741208.9418
2025-08-20 09:01:00+08:00,113194.9,113257.5,113194.8,113257.5,4.5834,518963.33898
2025-08-20 09:02:00+08:00,113257.5,113294.1,113257.4,113278.7,18.3122,2074515.09132
2025-08-20 09:03:00+08:00,113278.7,113308.8,113278.7,113308.8,18.0358,2043431.94214
2025-08-20 09:04:00+08:00,113308.8,113319.9,113308.7,113319.9,32.1982,3648528.24784
2025-08-20 09:05:00+08:00,113319.9,113325,113310.5,113325,8.818,999219.67428
2025-08-20 09:06:00+08:00,113325,113354.5,113324.9,113354.5,49.7506,5638546.58894
2025-08-20 09:07:00+08:00,113354.5,113354.5,113301.6,113301.6,16.1804,1833786.96892
2025-08-20 09:08:00+08:00,113301.6,113305.8,113284.3,113298.1,12.9694,1469403.8889
2025-08-20 09:09:00+08:00,113298.1,113312.7,113200,113222.5,12.4728,1412843.86146
2025-08-20 09:10:00+08:00,113222.5,113228,113139.9,113160.7,66.7752,7555758.94738
2025-08-20 09:11:00+08:00,113160.7,113162.6,113125.9,113125.9,18.4316,2085314.0579
2025-08-20 09:12:00+08:00,113125.9,113192.7,113125.9,113185.6,30.4708,3447516.22696
2025-08-20 09:13:00+08:00,113185.6,113185.7,113143.4,113143.4,12.857,1454766.95784
2025-08-20 09:14:00+08:00,113143.4,113194.6,113143.3,113184.8,42.543,4814070.70802
2025-08-20 09:15:00+08:00,113184.8,113209.9,113167.8,113175.3,10.9988,1245033.41216
2025-08-20 09:16:00+08:00,113175.3,113175.3,113138.2,113138.3,10.4626,1183817.13112
2025-08-20 09:17:00+08:00,113138.3,113146.3,113091.9,113092,32.5516,3681820.00774
2025-08-20 09:18:00+08:00,113092,113127.3,113090.2,113110.3,49.9424,5648690.49284
2025-08-20 09:19:00+08:00,113110.3,113165.1,113096.8,113165.1,6.2186,703427.48846
2025-08-20 09:20:00+08:00,113165.1,113179.6,113117,113117,13.4484,1521645.50778
2025-08-20 09:21:00+08:00,113117,113270.9,113117,113270.8,8.6482,979117.2225
2025-08-20 09:22:00+08:00,113270.8,113314.9,113194.9,113195,69.5374,7878214.4923
2025-08-20 09:23:00+08:00,113195,113195,113133.5,113154.4,9.1472,1035170.95936
2025-08-20 09:24:00+08:00,113154.4,113160.3,113075,113075,15.1084,1708797.91914
2025-08-20 09:25:00+08:00,113075,113075.1,113023,113069,58.1654,6575043.53818
2025-08-20 09:26:00+08:00,113069,113069,112927.9,112927.9,22.6524,2559428.86962
2025-08-20 09:27:00+08:00,112927.9,112955.9,112846,112860.4,375.6472,42399119.96206
2025-08-20 09:28:00+08:00,112860.4,112899.7,112858.4,112883.8,33.8014,3815264.82826
2025-08-20 09:29:00+08:00,112883.8,112891.4,112854.3,112890,27.2942,3080820.88376
2025-08-20 09:30:00+08:00,112890,112946.9,112873.3,112884.5,58.2164,6573246.6372
2025-08-20 09:31:00+08:00,112884.5,112898.5,112802.8,112837.1,29.5946,3339287.98592
2025-08-20 09:32:00+08:00,112837.1,112837.1,112782.5,112825.8,115.795,13061115.87394
2025-08-20 09:33:00+08:00,112825.8,112847.3,112800,112831.5,29.3426,3310791.8356
2025-08-20 09:34:00+08:00,112831.5,112863.5,112814.3,112833.2,39.2364,4427591.8211
2025-08-20 09:35:00+08:00,112833.2,112890.4,112800,112800.1,44.3042,4999027.67534
2025-08-20 09:36:00+08:00,112800.1,112822.1,112788.7,112788.8,12.751,1438270.42464
2025-08-20 09:37:00+08:00,112788.8,112788.8,112737.4,112739.3,172.4466,19444342.95826
2025-08-20 09:38:00+08:00,112739.3,112739.4,112504.9,112504.9,641.3192,72221795.87318
2025-08-20 09:39:00+08:00,112504.9,112632.4,112504.9,112539.2,243.2334,27381131.49714
2025-08-20 09:40:00+08:00,112539.2,112674,112539.1,112615.6,136.7956,15404755.19162
2025-08-20 09:41:00+08:00,112615.6,112638.3,112565,112565,87.6276,9865388.05988
2025-08-20 09:42:00+08:00,112565,112647.1,112565,112639.8,43.0752,4850922.1605
2025-08-20 09:43:00+08:00,112639.8,112683.2,112624.6,112650.3,54.0436,6087840.82134
2025-08-20 09:44:00+08:00,112650.3,112650.3,112624.7,112644.9,62.3328,7021155.24296
2025-08-20 09:45:00+08:00,112644.9,112715.6,112644.9,112673.8,125.5546,14147696.43306
2025-08-20 09:46:00+08:00,112673.8,112715.8,112673.7,112700.1,21.5996,2434397.97436
2025-08-20 09:47:00+08:00,112700.1,112710.9,112700,112705.6,55.6976,6277594.46238
2025-08-20 09:48:00+08:00,112705.6,112784.9,112640.3,112784.9,122.8808,13849711.64762
2025-08-20 09:49:00+08:00,112784.9,112873,112772.8,112873,76.413,8621381.02884
2025-08-20 09:50:00+08:00,112873,113077.4,112872.9,113050.9,186.158,21027468.12862
2025-08-20 09:51:00+08:00,113050.9,113062.9,113006.3,113036.2,71.1922,8047532.77132
2025-08-20 09:52:00+08:00,113036.2,113044.6,112962.3,113015.3,47.5014,5368121.28036
2025-08-20 09:53:00+08:00,113015.3,113037.4,112952,112952,26.2132,2962320.19624
2025-08-20 09:54:00+08:00,112952,112966.9,112922.3,112949.1,44.2864,5001914.47456
2025-08-20 09:55:00+08:00,112949.1,113070.2,112921.2,113070.1,33.8556,3825162.12122
2025-08-20 09:56:00+08:00,113070.1,113070.2,112988.8,113012.2,26.0664,2945795.21124
2025-08-20 09:57:00+08:00,113012.2,113029.6,112973,112994.6,18.0772,2042794.0294
2025-08-20 09:58:00+08:00,112994.6,112994.6,112894.2,112900.2,20.0982,2269593.7736
2025-08-20 09:59:00+08:00,112900.2,112960,112896.5,112955.4,28.1782,3182097.3764
2025-08-20 10:00:00+08:00,112955.4,112992.9,112923.3,112937.4,154.271,17427952.40546
2025-08-20 10:01:00+08:00,112937.4,112977.9,112921.5,112971.5,21.2442,2399340.24954
2025-08-20 10:02:00+08:00,112971.5,112984.2,112927.2,112930,18.9948,2145307.9559
2025-08-20 10:03:00+08:00,112930,112954.5,112918.1,112927.9,23.529,2657050.81156
2025-08-20 10:04:00+08:00,112927.9,112976.5,112918.1,112919.1,51.4154,5806590.17958
2025-08-20 10:05:00+08:00,112919.1,112996.6,112919.1,112989.8,56.62,6394995.66368
2025-08-20 10:06:00+08:00,112989.8,113091.9,112989.7,113091.9,26.555,3001801.20886
2025-08-20 10:07:00+08:00,113091.9,113133.5,113069.5,113096.3,21.5862,2441418.10974
2025-08-20 10:08:00+08:00,113096.3,113115.9,113046.5,113109.3,20.203,2284567.47956
2025-08-20 10:09:00+08:00,113109.3,113109.4,112991.6,113058.9,32.2308,3644177.10326
2025-08-20 10:10:00+08:00,113058.9,113128.3,113058.9,113128.3,17.3988,1967994.90734
2025-08-20 10:11:00+08:00,113128.3,113145.2,113121.4,113140,11.3904,1288703.1768
2025-08-20 10:12:00+08:00,113140,113176.8,113140,113176.8,27.5568,3118514.18718
2025-08-20 10:13:00+08:00,113176.8,113227,113176.8,113226.9,26.0872,2953087.9605
2025-08-20 10:14:00+08:00,113226.9,113241.8,113206.8,113229.1,53.646,6074084.6156
2025-08-20 10:15:00+08:00,113229.1,113251,113188,113250.8,101.54,11496316.93766
2025-08-20 10:16:00+08:00,113250.8,113268.2,113250.8,113264.8,21.1182,2391864.66764
2025-08-20 10:17:00+08:00,113264.8,113265,113221.9,113246.9,64.1856,7268963.93296
2025-08-20 10:18:00+08:00,113246.9,113270,113246.9,113254.9,21.0474,2383947.68256
2025-08-20 10:19:00+08:00,113254.9,113267.9,113240.7,113267.8,18.7266,2120935.00848
2025-08-20 10:20:00+08:00,113267.8,113271.7,113259,113265.7,28.8352,3266150.88844
2025-08-20 10:21:00+08:00,113265.7,113267.8,113240.2,113240.2,15.5802,1764608.02434
2025-08-20 10:22:00+08:00,113240.2,113265.8,113240.1,113261.5,17.503,1982190.97282
2025-08-20 10:23:00+08:00,113261.5,113271.7,113261.5,113271.7,20.195,2287359.37788
2025-08-20 10:24:00+08:00,113271.7,113271.7,113271.6,113271.6,9.1506,1036503.71414
2025-08-20 10:25:00+08:00,113271.6,113271.7,113271.6,113271.7,5.0906,576620.62482
2025-08-20 10:26:00+08:00,113271.7,113271.7,113262.3,113262.4,6.3388,717954.80656
2025-08-20 10:27:00+08:00,113262.4,113262.4,113247.7,113250.7,16.665,1887338.01262
2025-08-20 10:28:00+08:00,113250.7,113252.8,113250.5,113252.8,7.8102,884510.18072
2025-08-20 10:29:00+08:00,113252.8,113259.1,113252.7,113259.1,3.3284,376968.08378
2025-08-20 10:30:00+08:00,113259.1,113265,113259,113265,17.49,1980978.92532
2025-08-20 10:31:00+08:00,113265,113265.2,113250,113264.7,16.3572,1852573.44952
2025-08-20 10:32:00+08:00,113264.7,113269,113258.1,113268.9,10.9348,1238480.922
2025-08-20 10:33:00+08:00,113268.9,113298.7,113268.9,113280.9,183.7682,20816416.48504
2025-08-20 10:34:00+08:00,113280.9,113292,113260.8,113292,8.9896,1018286.6795
2025-08-20 10:35:00+08:00,113292,113305.7,113292,113305.7,14.8076,1677713.64554
2025-08-20 10:36:00+08:00,113305.7,113305.7,113269.6,113269.6,37.5714,4256977.81804
2025-08-20 10:37:00+08:00,113269.6,113297.3,113269.6,113297.3,6.2176,704345.38036
2025-08-20 10:38:00+08:00,113297.3,113299,113273.8,113273.9,16.7542,1898181.26316
2025-08-20 10:39:00+08:00,113273.9,113297.2,113273.8,113288.1,11.5076,1303692.95832
2025-08-20 10:40:00+08:00,113288.1,113288.1,113250,113266.8,8.3048,940654.50628
2025-08-20 10:41:00+08:00,113266.8,113288.1,113266.6,113278.5,16.2132,1836519.98908
2025-08-20 10:42:00+08:00,113278.5,113288.1,113278.5,113288.1,4.5688,517551.18656
2025-08-20 10:43:00+08:00,113288.1,113300,113288,113300,7.4726,846609.08318
2025-08-20 10:44:00+08:00,113300,113305.7,113300,113305.7,8.5254,965973.32474
2025-08-20 10:45:00+08:00,113305.7,113305.7,113305.6,113305.6,5.7856,655541.2529
2025-08-20 10:46:00+08:00,113305.6,113305.6,113281.8,113299.9,55.7046,6310768.84628
2025-08-20 10:47:00+08:00,113299.9,113300,113257.7,113275.9,12.0648,1366633.35382
2025-08-20 10:48:00+08:00,113275.9,113299.6,113275.9,113299.6,8.0062,907090.45058
2025-08-20 10:49:00+08:00,113299.6,113299.6,113299.5,113299.6,2.7984,317057.48038
2025-08-20 10:50:00+08:00,113299.6,113299.6,113292.6,113292.6,13.8314,1567034.31026
2025-08-20 10:51:00+08:00,113292.6,113329.1,113292.6,113329.1,44.0052,4986185.91816
2025-08-20 10:52:00+08:00,113329.1,113390,113329,113390,29.0808,3296443.75476
2025-08-20 10:53:00+08:00,113390,113411.6,113389.9,113407.7,162.5432,18432839.56372
2025-08-20 10:54:00+08:00,113407.7,113415,113407.6,113415,16.0046,1815113.56432
2025-08-20 10:55:00+08:00,113415,113440,113389.9,113390,132.5006,15028843.62384
2025-08-20 10:56:00+08:00,113390,113415,113389.9,113405.4,111.0784,12596819.50086
2025-08-20 10:57:00+08:00,113405.4,113415,113380.5,113415,71.3188,8087384.63374
2025-08-20 10:58:00+08:00,113415,113415,113390.6,113402.8,12.4624,1413267.42786
2025-08-20 10:59:00+08:00,113402.8,113404.3,113384.1,113384.2,14.9974,1700513.52654
2025-08-20 11:00:00+08:00,113384.2,113434.8,113384.2,113401.8,15.0896,1711287.34074
2025-08-20 11:01:00+08:00,113401.8,113443.6,113401.7,113443.6,9.1794,1041220.7849
2025-08-20 11:02:00+08:00,113443.6,113470.1,113443.5,113469.3,22.4556,2547690.40898
2025-08-20 11:03:00+08:00,113469.3,113469.3,113450,113450.1,23.8624,2707392.09946
2025-08-20 11:04:00+08:00,113450.1,113466.6,113450,113461.8,18.0378,2046506.27506
2025-08-20 11:05:00+08:00,113461.8,113461.9,113350.9,113351,48.2956,5477067.52148
2025-08-20 11:06:00+08:00,113351,113367.7,113301.8,113301.8,32.0478,3632058.32546
2025-08-20 11:07:00+08:00,113301.8,113342,113276.3,113334.8,30.6594,3473706.28602
2025-08-20 11:08:00+08:00,113334.8,113423.3,113334.8,113395.2,33.4778,3795676.88412
2025-08-20 11:09:00+08:00,113395.2,113395.2,113360.7,113360.8,7.4896,849163.68582
2025-08-20 11:10:00+08:00,113360.8,113360.8,113286.1,113294.9,14.1322,1601434.63342
2025-08-20 11:11:00+08:00,113294.9,113318.1,113257.7,113264.7,77.5058,8779412.12304
2025-08-20 11:12:00+08:00,113264.7,113337.4,113264.7,113337.3,11.5858,1312824.31654
2025-08-20 11:13:00+08:00,113337.3,113355.6,113320.9,113331.5,5.8522,663200.7821
2025-08-20 11:14:00+08:00,113331.5,113331.6,113320.8,113321,8.6846,984175.32286
2025-08-20 11:15:00+08:00,113321,113325.7,113318.7,113318.7,12.0122,1361249.92472
2025-08-20 11:16:00+08:00,113318.7,113350,113289,113350,15.481,1754242.87826
2025-08-20 11:17:00+08:00,113350,113406.8,113350,113370.6,10.1726,1153424.21714
2025-08-20 11:18:00+08:00,113370.6,113431.4,113370.6,113431.4,11.5204,1306421.4703
2025-08-20 11:19:00+08:00,113431.4,113458.6,113431.4,113458.6,14.6456,1661578.63734
2025-08-20 11:20:00+08:00,113458.6,113490,113458.6,113490,25.9418,2943734.30154
2025-08-20 11:21:00+08:00,113490,113500,113467.6,113471,34.1794,3878949.41812
2025-08-20 11:22:00+08:00,113471,113485.4,113467.5,113467.5,6.4178,728279.61094
2025-08-20 11:23:00+08:00,113467.5,113494.4,113467.5,113494.4,9.6786,1098265.52258
2025-08-20 11:24:00+08:00,113494.4,113499,113493.4,113495.4,22.0806,2506069.30606
2025-08-20 11:25:00+08:00,113495.4,113536.6,113467.7,113467.7,49.0106,5563099.8348
2025-08-20 11:26:00+08:00,113467.7,113515.1,113467.7,113504.7,18.9554,2151620.91352
2025-08-20 11:27:00+08:00,113504.7,113504.8,113479.3,113479.6,26.1898,2972230.72236
2025-08-20 11:28:00+08:00,113479.6,113555.2,113479.6,113555.1,51.5964,5858139.79178
2025-08-20 11:29:00+08:00,113555.1,113562.3,113531.8,113562.2,24.4612,2777608.22702
2025-08-20 11:30:00+08:00,113562.2,113562.3,113537.3,113559.1,22.5046,2555157.496
2025-08-20 11:31:00+08:00,113559.1,113582.3,113550,113550,95.1148,10802290.03926
2025-08-20 11:32:00+08:00,113550,113575.4,113550,113575.4,17.7134,2011595.40676
2025-08-20 11:33:00+08:00,113575.4,113590.2,113575.4,113585.1,34.169,3881145.19888
2025-08-20 11:34:00+08:00,113585.1,113588,113574.1,113585.2,12.0602,1369812.74204
2025-08-20 11:35:00+08:00,113585.2,113585.2,113531,113531,30.427,3454838.4436
2025-08-20 11:36:00+08:00,113531,113531.1,113484.7,113494.2,12.056,1368381.68226
2025-08-20 11:37:00+08:00,113494.2,113494.3,113454.3,113454.3,25.2668,2867037.69128
2025-08-20 11:38:00+08:00,113454.3,113490.6,113454.3,113476.4,10.0666,1142379.11628
2025-08-20 11:39:00+08:00,113476.4,113476.4,113450,113468.4,36.6554,4159125.40802
2025-08-20 11:40:00+08:00,113468.4,113468.4,113428.3,113448.9,18.6766,2118701.58686
2025-08-20 11:41:00+08:00,113448.9,113449,113433.1,113433.9,11.8652,1345940.1006
2025-08-20 11:42:00+08:00,113433.9,113444.8,113409.2,113409.2,9.898,1122572.66564
2025-08-20 11:43:00+08:00,113409.2,113416.8,113379.5,113389.8,47.1928,5351520.73474
2025-08-20 11:44:00+08:00,113389.8,113429.1,113389.7,113429.1,9.5276,1080571.7807
2025-08-20 11:45:00+08:00,113429.1,113429.5,113404,113415.2,13.0792,1483459.49422
2025-08-20 11:46:00+08:00,113415.2,113415.2,113375.3,113379.6,20.703,2347721.4677
2025-08-20 11:47:00+08:00,113379.6,113397.9,113379.5,113379.7,9.8688,1119035.80542
2025-08-20 11:48:00+08:00,113379.7,113406.5,113377.9,113406.5,4.455,505153.7833
2025-08-20 11:49:00+08:00,113406.5,113411,113379.5,113411,7.7858,882832.04006
2025-08-20 11:50:00+08:00,113411,113418.5,113363.1,113363.1,17.7472,2012242.80314
2025-08-20 11:51:00+08:00,113363.1,113383.5,113357.5,113383.5,190.4856,21594443.03244
2025-08-20 11:52:00+08:00,113383.5,113431.4,113383.4,113425,35.3598,4010532.30938
2025-08-20 11:53:00+08:00,113425,113440,113413.9,113440,6.9398,787167.8187
2025-08-20 11:54:00+08:00,113440,113440,113430.6,113430.6,6.7032,760353.48292
2025-08-20 11:55:00+08:00,113430.6,113445.7,113429.7,113429.8,7.8688,892640.84006
2025-08-20 11:56:00+08:00,113429.8,113488.4,113426.6,113488.4,9.2502,1049402.39502
2025-08-20 11:57:00+08:00,113488.4,113488.4,113476.4,113477.1,33.2528,3773565.90012
2025-08-20 11:58:00+08:00,113477.1,113488.4,113477.1,113480.7,5.255,596356.61792
2025-08-20 11:59:00+08:00,113480.7,113480.8,113467.5,113467.6,6.285,713155.35822
2025-08-20 12:00:00+08:00,113467.6,113478.8,113467.5,113473.3,5.4676,620417.37962
2025-08-20 12:01:00+08:00,113473.3,113530.4,113473.2,113530.3,26.7518,3036663.16398
2025-08-20 12:02:00+08:00,113530.3,113565.1,113520.8,113565.1,15.0416,1707663.62364
2025-08-20 12:03:00+08:00,113565.1,113582,113534.9,113577,16.04,1821481.76122
2025-08-20 12:04:00+08:00,113577,113577,113528,113528.6,41.4692,4708623.52132
2025-08-20 12:05:00+08:00,113528.6,113540.7,113519.1,113531,20.0012,2270841.51814
2025-08-20 12:06:00+08:00,113531,113550.7,113530.9,113550.7,4.121,467888.61996
2025-08-20 12:07:00+08:00,113550.7,113568,113550.7,113568,13.1852,1497360.1781
2025-08-20 12:08:00+08:00,113568,113615,113567.9,113612.9,184.0224,20903986.3988
2025-08-20 12:09:00+08:00,113612.9,113612.9,113586.5,113586.6,66.0688,7505485.97814
2025-08-20 12:10:00+08:00,113586.6,113586.6,113507.3,113527.4,69.514,7892302.44536
2025-08-20 12:11:00+08:00,113527.4,113543.7,113527.3,113541.2,5.2678,598112.16576
2025-08-20 12:12:00+08:00,113541.2,113541.2,113534.6,113534.6,6.5444,743053.97542
2025-08-20 12:13:00+08:00,113534.6,113534.7,113514.3,113528.5,12.2064,1385613.94888
2025-08-20 12:14:00+08:00,113528.5,113547.2,113519.8,113547.1,8.3848,951939.58334
2025-08-20 12:15:00+08:00,113547.1,113547.2,113524.4,113524.5,3.586,407101.2703
2025-08-20 12:16:00+08:00,113524.5,113541.1,113524.5,113541.1,12.8794,1462235.1133
2025-08-20 12:17:00+08:00,113541.1,113563.6,113541.1,113561.4,13.8302,1570546.18264
2025-08-20 12:18:00+08:00,113561.4,113591.2,113561.4,113591.2,11.958,1358183.69004
2025-08-20 12:19:00+08:00,113591.2,113594.7,113577.2,113581.2,10.8428,1231562.87638
2025-08-20 12:20:00+08:00,113581.2,113583,113561.4,113561.5,7.5906,862049.23494
2025-08-20 12:21:00+08:00,113561.5,113581.3,113561.4,113561.4,5.825,661524.50184
2025-08-20 12:22:00+08:00,113561.4,113561.5,113553.6,113553.7,24.3754,2767973.45344
2025-08-20 12:23:00+08:00,113553.7,113581.2,113553.6,113581.2,18.7392,2128146.34338
2025-08-20 12:24:00+08:00,113581.2,113584.8,113565.3,113584.7,39.2338,4456068.70598
2025-08-20 12:25:00+08:00,113584.7,113600,113584.7,113588,15.3874,1747868.53332
2025-08-20 12:26:00+08:00,113588,113590.3,113587.9,113590.2,10.5576,1199229.3724
2025-08-20 12:27:00+08:00,113590.2,113590.3,113585,113585.1,18.055,2050779.39832
2025-08-20 12:28:00+08:00,113585.1,113601.3,113585,113601.3,13.3034,1511201.69842
2025-08-20 12:29:00+08:00,113601.3,113601.3,113573.2,113573.3,16.5354,1878172.7068
2025-08-20 12:30:00+08:00,113573.3,113596.5,113573.2,113596.5,4.9532,562628.20412
2025-08-20 12:31:00+08:00,113596.5,113600,113592.7,113599.9,11.441,1299643.95436
2025-08-20 12:32:00+08:00,113599.9,113603.2,113596.7,113603.1,5.8556,665201.28246
2025-08-20 12:33:00+08:00,113603.1,113632.2,113603.1,113630.1,26.7736,3042058.78304
2025-08-20 12:34:00+08:00,113630.1,113631.3,113630.1,113630.2,7.3274,832616.83082
2025-08-20 12:35:00+08:00,113630.2,113640,113630.1,113632.9,39.45,4482965.7304
2025-08-20 12:36:00+08:00,113632.9,113633,113550,113586.6,27.7106,3147553.56352
2025-08-20 12:37:00+08:00,113586.6,113586.6,113509.4,113509.5,124.0494,14087704.12734
2025-08-20 12:38:00+08:00,113509.5,113509.5,113435.9,113474.1,41.0422,4657016.0104
2025-08-20 12:39:00+08:00,113474.1,113474.1,113451.7,113458.4,14.8612,1686188.82126
2025-08-20 12:40:00+08:00,113458.4,113480.2,113400.5,113401.8,44.6184,5061089.979
2025-08-20 12:41:00+08:00,113401.8,113430.6,113401.7,113424.1,53.9058,6114101.59116
2025-08-20 12:42:00+08:00,113424.1,113476.9,113424.1,113476.9,17.618,1998688.82738
2025-08-20 12:43:00+08:00,113476.9,113500,113476.8,113499.8,7.138,810118.40378
2025-08-20 12:44:00+08:00,113499.8,113499.9,113487.5,113493.6,2.3582,267632.35164
2025-08-20 12:45:00+08:00,113493.6,113500,113493.5,113500,9.106,1033527.72246
2025-08-20 12:46:00+08:00,113500,113500,113458.2,113458.2,5.0402,571964.63606
2025-08-20 12:47:00+08:00,113458.2,113466.7,113423.4,113433,24.336,2760895.23844
2025-08-20 12:48:00+08:00,113433,113459.6,113433,113459.6,16.1224,1828942.7167
2025-08-20 12:49:00+08:00,113459.6,113463.5,113450,113463.4,12.9916,1473938.79264
2025-08-20 12:50:00+08:00,113463.4,113517.9,113463.4,113517.9,19.484,2211666.26364
2025-08-20 12:51:00+08:00,113517.9,113540,113510.7,113540,5.7906,657357.25248
2025-08-20 12:52:00+08:00,113540,113561.4,113540,113561.4,9.0168,1023950.99272
2025-08-20 12:53:00+08:00,113561.4,113561.4,113554.1,113554.2,7.1754,814829.93778
2025-08-20 12:54:00+08:00,113554.2,113554.2,113532.3,113532.3,5.4114,614393.66988
2025-08-20 12:55:00+08:00,113532.3,113532.9,113521.5,113532.8,8.3806,951455.95504
2025-08-20 12:56:00+08:00,113532.8,113533,113532.8,113533,1.9152,217438.2022
2025-08-20 12:57:00+08:00,113533,113533,113526.9,113526.9,11.8414,1344348.02096
2025-08-20 12:58:00+08:00,113526.9,113534,113526.9,113534,2.3914,271496.54792
2025-08-20 12:59:00+08:00,113534,113578.3,113533.9,113575.2,19.8298,2252038.14798
2025-08-20 13:00:00+08:00,113575.2,113583.9,113574.5,113574.5,15.5354,1764451.26
2025-08-20 13:01:00+08:00,113574.5,113574.6,113555.6,113555.7,13.047,1481717.15866
2025-08-20 13:02:00+08:00,113555.7,113567.1,113542.5,113567.1,8.3008,942618.62926
2025-08-20 13:03:00+08:00,113567.1,113570.7,113547.1,113570.6,3.7618,427200.40278
2025-08-20 13:04:00+08:00,113570.6,113575.1,113555.7,113555.7,26.6508,3026794.6131
2025-08-20 13:05:00+08:00,113555.7,113567,113555.7,113557.8,1.9922,226233.9627
2025-08-20 13:06:00+08:00,113557.8,113557.8,113516.8,113516.9,12.1624,1380725.81364
2025-08-20 13:07:00+08:00,113516.9,113516.9,113486,113486.1,9.2712,1052400.0243
2025-08-20 13:08:00+08:00,113486.1,113492.9,113483.9,113490,94.7906,10757253.44158
2025-08-20 13:09:00+08:00,113490,113490,113472.5,113472.5,4.0108,455164.98204
2025-08-20 13:10:00+08:00,113472.5,113472.6,113427.4,113427.5,41.6504,4724953.0861
2025-08-20 13:11:00+08:00,113427.5,113438.4,113427.4,113431.3,13.5434,1536261.31676
2025-08-20 13:12:00+08:00,113431.3,113431.3,113431.2,113431.3,6.0702,688550.46378
2025-08-20 13:13:00+08:00,113431.3,113462,113431.2,113461.9,10.0418,1139186.84026
2025-08-20 13:14:00+08:00,113461.9,113462.1,113461.9,113462,7.0234,796888.88642
2025-08-20 13:15:00+08:00,113462,113494.3,113462,113494.2,8.3214,944253.17486
2025-08-20 13:16:00+08:00,113494.2,113513,113477.5,113477.6,9.3104,1056780.40876
2025-08-20 13:17:00+08:00,113477.6,113477.6,113463.4,113463.4,4.6014,522125.31232
2025-08-20 13:18:00+08:00,113463.4,113463.5,113427.3,113427.3,13.7336,1558040.41896
2025-08-20 13:19:00+08:00,113427.3,113427.4,113400,113425.3,33.413,3789759.12284
2025-08-20 13:20:00+08:00,113425.3,113446.1,113425.3,113439.9,16.4642,1867637.20254
2025-08-20 13:21:00+08:00,113439.9,113447.4,113434.8,113447.3,8.5248,967031.8435
2025-08-20 13:22:00+08:00,113447.3,113492,113447.3,113492,7.8758,893755.97636
2025-08-20 13:23:00+08:00,113492,113533,113491.9,113532.9,7.4102,841173.32754
2025-08-20 13:24:00+08:00,113532.9,113533,113532.8,113532.9,3.2024,363577.67356
2025-08-20 13:25:00+08:00,113532.9,113532.9,113500,113508.6,11.06,1255569.90066
2025-08-20 13:26:00+08:00,113508.6,113508.6,113500,113500,2.1468,243667.61306
2025-08-20 13:27:00+08:00,113500,113536,113494.5,113536,6.8084,772752.61418
2025-08-20 13:28:00+08:00,113536,113549.3,113535.9,113549.3,10.1106,1147939.23688
2025-08-20 13:29:00+08:00,113549.3,113549.3,113548.9,113549,1.9236,218423.13654
2025-08-20 13:30:00+08:00,113549,113549,113508.2,113508.2,10.2962,1168958.03784
2025-08-20 13:31:00+08:00,113508.2,113544.3,113508.2,113527.7,5.1052,579596.47236
2025-08-20 13:32:00+08:00,113527.7,113535.8,113521.8,113535.8,5.1842,588558.97274
2025-08-20 13:33:00+08:00,113535.8,113535.8,113520,113520.1,5.8238,661136.31878
2025-08-20 13:34:00+08:00,113520.1,113558.4,113520,113558.4,9.1452,1038315.48596
2025-08-20 13:35:00+08:00,113558.4,113558.4,113514.9,113514.9,18.59,2110621.87112
2025-08-20 13:36:00+08:00,113514.9,113566,113514.8,113566,12.5314,1422957.43762
2025-08-20 13:37:00+08:00,113566,113569.4,113565.9,113569.3,17.9754,2041399.51228
2025-08-20 13:38:00+08:00,113569.3,113570.3,113569.3,113570.3,20.3658,2312948.14974
2025-08-20 13:39:00+08:00,113570.3,113570.3,113555,113564.1,8.1602,926703.30788
2025-08-20 13:40:00+08:00,113564.1,113570.1,113562.1,113570,6.0136,682946.57614
2025-08-20 13:41:00+08:00,113570,113591,113570,113585.2,26.9234,3057725.5549
2025-08-20 13:42:00+08:00,113585.2,113585.2,113579.8,113579.8,6.4588,733607.67318
2025-08-20 13:43:00+08:00,113579.8,113579.8,113556.9,113556.9,5.386,611652.0777
2025-08-20 13:44:00+08:00,113556.9,113573.9,113556.9,113573.9,3.0736,349074.5239
2025-08-20 13:45:00+08:00,113573.9,113574.2,113542.6,113542.6,5.542,629384.80276
2025-08-20 13:46:00+08:00,113542.6,113572.6,113542.6,113569.7,18.6378,2116648.58364
2025-08-20 13:47:00+08:00,113569.7,113570.3,113569.7,113570.3,3.6582,415461.2959
2025-08-20 13:48:00+08:00,113570.3,113581,113570.3,113581,27.2798,3098333.6866
2025-08-20 13:49:00+08:00,113581,113596.1,113580.9,113588.6,121.4348,13793642.78538
2025-08-20 13:50:00+08:00,113588.6,113590.1,113588.6,113590.1,72.0348,8182358.2622
2025-08-20 13:51:00+08:00,113590.1,113610,113590,113607.5,26.1804,2974238.623
2025-08-20 13:52:00+08:00,113607.5,113674.8,113607.4,113671.1,46.4878,5283750.51392
2025-08-20 13:53:00+08:00,113671.1,113671.8,113664.5,113671.8,8.862,1007320.09538
2025-08-20 13:54:00+08:00,113671.8,113671.8,113670.3,113671.8,28.9368,3289285.59872
2025-08-20 13:55:00+08:00,113671.8,113700.3,113671.7,113700.3,25.3252,2879275.5536
2025-08-20 13:56:00+08:00,113700.3,113711,113700.3,113710.9,13.545,1540201.88626
2025-08-20 13:57:00+08:00,113710.9,113711,113666.9,113666.9,13.974,1588640.05902
2025-08-20 13:58:00+08:00,113666.9,113667,113624.7,113636.5,75.5394,8585129.25192
2025-08-20 13:59:00+08:00,113636.5,113651.6,113632.3,113651.6,12.2364,1390539.01522
2025-08-20 14:00:00+08:00,113651.6,113688.5,113626.4,113626.4,20.2656,2303546.55182
2025-08-20 14:01:00+08:00,113626.4,113626.5,113595.8,113626.5,15.0636,1711408.5039
2025-08-20 14:02:00+08:00,113626.5,113660,113626.4,113660,16.571,1883170.43938
2025-08-20 14:03:00+08:00,113660,113663.8,113660,113663.8,7.9968,908932.27946
2025-08-20 14:04:00+08:00,113663.8,113663.8,113595.3,113615.5,31.9374,3628414.24708
2025-08-20 14:05:00+08:00,113615.5,113625.9,113588,113588,5.3966,613102.93428
2025-08-20 14:06:00+08:00,113588,113604.7,113574.4,113604.6,9.3274,1059449.88954
2025-08-20 14:07:00+08:00,113604.6,113605.5,113549.9,113566.1,76.9502,8737888.04682
2025-08-20 14:08:00+08:00,113566.1,113600,113553.7,113570.3,13.915,1580353.16746
2025-08-20 14:09:00+08:00,113570.3,113599.6,113570.1,113581.5,20.205,2294979.99196
2025-08-20 14:10:00+08:00,113581.5,113581.5,113524.9,113524.9,12.4072,1408772.48546
2025-08-20 14:11:00+08:00,113524.9,113524.9,113477.6,113477.6,82.9918,9419989.40646
2025-08-20 14:12:00+08:00,113477.6,113477.7,113450,113458.2,21.4388,2432651.71318
2025-08-20 14:13:00+08:00,113458.2,113458.2,113448.4,113456,62.652,7107893.4625
2025-08-20 14:14:00+08:00,113456,113468.5,113456,113468.5,12.9786,1472566.5604
2025-08-20 14:15:00+08:00,113468.5,113506.4,113468.4,113484.8,24.0288,2726825.21092
2025-08-20 14:16:00+08:00,113484.8,113530.7,113484.7,113530.7,10.5502,1197502.95674
2025-08-20 14:17:00+08:00,113530.7,113530.7,113441.1,113441.2,22.0144,2497798.15072
2025-08-20 14:18:00+08:00,113441.2,113513.4,113441.1,113513.4,13.7038,1555327.65498
2025-08-20 14:19:00+08:00,113513.4,113554.7,113513.3,113554.6,4.051,459910.88746
2025-08-20 14:20:00+08:00,113554.6,113571.2,113549.3,113559.8,6.86,779038.18214
2025-08-20 14:21:00+08:00,113559.8,113579.4,113554.8,113579.4,2.6208,297614.42278
2025-08-20 14:22:00+08:00,113579.4,113613.4,113579.3,113583.5,11.0878,1259590.35458
2025-08-20 14:23:00+08:00,113583.5,113583.5,113543.5,113564.9,14.331,1627406.3504
2025-08-20 14:24:00+08:00,113564.9,113580.6,113552,113562.6,10.0268,1138807.97686
2025-08-20 14:25:00+08:00,113562.6,113562.6,113539.5,113539.6,16.6052,1885403.5493
2025-08-20 14:26:00+08:00,113539.6,113539.6,113521.9,113533.5,6.3852,724918.15444
2025-08-20 14:27:00+08:00,113533.5,113540.8,113533.5,113534.6,4.8322,548617.85238
2025-08-20 14:28:00+08:00,113534.6,113565.5,113534.6,113565.4,8.284,940599.46606
2025-08-20 14:29:00+08:00,113565.4,113600.1,113565.4,113600.1,9.3104,1057430.35768
2025-08-20 14:30:00+08:00,113600.1,113648.3,113600,113648.3,11.5246,1309622.41564
2025-08-20 14:31:00+08:00,113648.3,113648.3,113598.7,113606.6,8.8786,1008684.49968
2025-08-20 14:32:00+08:00,113606.6,113618,113606.5,113618,26.3468,2993337.75812
2025-08-20 14:33:00+08:00,113618,113624.9,113617.6,113624.4,3.787,430285.33576
2025-08-20 14:34:00+08:00,113624.4,113637,113623.2,113637,7.027,798491.86808
2025-08-20 14:35:00+08:00,113637,113637.5,113623,113623,2.8302,321584.13164
2025-08-20 14:36:00+08:00,113623,113646.5,113623,113646.5,10.7002,1215968.67808
2025-08-20 14:37:00+08:00,113646.5,113669.9,113639,113669.9,26.2268,2980618.07084
2025-08-20 14:38:00+08:00,113669.9,113680.4,113669.9,113680.3,17.659,2007448.77512
2025-08-20 14:39:00+08:00,113680.3,113680.4,113655.6,113655.6,12.826,1457945.43546
2025-08-20 14:40:00+08:00,113655.6,113664.8,113642.9,113663.6,1.939,220367.40178
2025-08-20 14:41:00+08:00,113663.6,113663.6,113644.7,113644.7,7.8898,896717.82488
2025-08-20 14:42:00+08:00,113644.7,113644.8,113644.7,113644.7,1.2918,146806.29512
2025-08-20 14:43:00+08:00,113644.7,113644.8,113614.8,113617,8.8802,1008971.03616
2025-08-20 14:44:00+08:00,113617,113623,113617,113617.5,6.5568,744993.15106
2025-08-20 14:45:00+08:00,113617.5,113617.6,113585.8,113585.8,6.6078,750587.66912
2025-08-20 14:46:00+08:00,113585.8,113585.8,113543.6,113543.6,12.622,1433370.5896
2025-08-20 14:47:00+08:00,113543.6,113543.6,113535.4,113539.3,4.7072,534438.76874
2025-08-20 14:48:00+08:00,113539.3,113539.3,113516.7,113516.7,5.0926,578124.93154
2025-08-20 14:49:00+08:00,113516.7,113529.9,113516.7,113527.5,5.7476,652460.21812
2025-08-20 14:50:00+08:00,113527.5,113563.1,113527.4,113563.1,7.4096,841334.14862
2025-08-20 14:51:00+08:00,113563.1,113563.1,113541,113541,0.9646,109536.3695
2025-08-20 14:52:00+08:00,113541,113541,113516.1,113517.6,16.8496,1912725.83832
2025-08-20 14:53:00+08:00,113517.6,113562.7,113517.5,113562.6,4.002,454421.99304
2025-08-20 14:54:00+08:00,113562.6,113579.8,113562.6,113579.7,21.9416,2491884.22592
2025-08-20 14:55:00+08:00,113579.7,113579.8,113579.7,113579.7,2.1092,239562.48474
2025-08-20 14:56:00+08:00,113579.7,113606,113579.7,113606,4.2622,484131.302
2025-08-20 14:57:00+08:00,113606,113628.6,113606,113628.6,6.8004,772604.96414
2025-08-20 14:58:00+08:00,113628.6,113644.7,113628.5,113632.2,5.4524,619592.83094
2025-08-20 14:59:00+08:00,113632.2,113632.3,113603.5,113603.6,4.89,555529.7997
2025-08-20 15:00:00+08:00,113603.6,113649.7,113603.6,113637.6,14.967,1700835.51966
2025-08-20 15:01:00+08:00,113637.6,113637.6,113582.8,113617.3,16.0856,1827307.8411
2025-08-20 15:02:00+08:00,113617.3,113662.7,113617.3,113662.6,8.6812,986561.8085
2025-08-20 15:03:00+08:00,113662.6,113664.5,113616,113616.1,9.6944,1101687.98804
2025-08-20 15:04:00+08:00,113616.1,113618.1,113609.9,113618.1,4.9846,566338.4185
2025-08-20 15:05:00+08:00,113618.1,113643.8,113575.2,113581.3,15.895,1806022.97546
2025-08-20 15:06:00+08:00,113581.3,113628.3,113581.3,113628.2,5.6394,640706.8781
2025-08-20 15:07:00+08:00,113628.2,113654.9,113628.2,113654.9,13.6438,1550553.88256
2025-08-20 15:08:00+08:00,113654.9,113655,113654.8,113654.9,7.503,852753.13586
2025-08-20 15:09:00+08:00,113654.9,113678.6,113654.9,113678.6,6.224,707436.64676
2025-08-20 15:10:00+08:00,113678.6,113694.4,113664.3,113694.4,6.7654,769082.06658
2025-08-20 15:11:00+08:00,113694.4,113694.4,113656,113656.1,16.5938,1886083.02072
2025-08-20 15:12:00+08:00,113656.1,113656.1,113640.4,113645.6,10.348,1175992.80212
2025-08-20 15:13:00+08:00,113645.6,113646.1,113640,113646.1,9.2836,1055002.86344
2025-08-20 15:14:00+08:00,113646.1,113674.8,113646,113674.8,3.1546,358557.74952
2025-08-20 15:15:00+08:00,113674.8,113698,113674.7,113698,12.5052,1421740.63568
2025-08-20 15:16:00+08:00,113698,113761.5,113697.9,113761.5,89.957,10231380.23712
2025-08-20 15:17:00+08:00,113761.5,113789.1,113754.5,113764.1,39.4626,4489660.07232
2025-08-20 15:18:00+08:00,113764.1,113764.1,113682.6,113715.9,135.8244,15447666.92478
2025-08-20 15:19:00+08:00,113715.9,113734.1,113710,113715.1,17.1856,1954448.5221
2025-08-20 15:20:00+08:00,113715.1,113737.5,113710,113737.5,12.1274,1379078.77014
2025-08-20 15:21:00+08:00,113737.5,113737.5,113723.1,113736.4,10.7394,1221394.5631
2025-08-20 15:22:00+08:00,113736.4,113736.5,113718.7,113723.1,37.0576,4214253.83396
2025-08-20 15:23:00+08:00,113723.1,113723.1,113711.2,113718.8,8.0294,913038.34824
2025-08-20 15:24:00+08:00,113718.8,113719.6,113705.6,113708.5,27.5594,3133765.22292
2025-08-20 15:25:00+08:00,113708.5,113728.8,113669.6,113669.6,19.057,2166657.87258
2025-08-20 15:26:00+08:00,113669.6,113728.8,113669.6,113728.7,7.9742,906668.77186
2025-08-20 15:27:00+08:00,113728.7,113728.8,113713.9,113714,5.6144,638491.30546
2025-08-20 15:28:00+08:00,113714,113714,113672.9,113672.9,8.1876,930900.12034
2025-08-20 15:29:00+08:00,113672.9,113672.9,113658,113658,8.1368,924826.7116
2025-08-20 15:30:00+08:00,113658,113658.1,113581.3,113581.7,46.858,5323912.98366
2025-08-20 15:31:00+08:00,113581.7,113596.2,113553.2,113570,19.535,2218486.30028
2025-08-20 15:32:00+08:00,113570,113627.2,113570,113627.2,26.9354,3059818.61636
2025-08-20 15:33:00+08:00,113627.2,113640.7,113597.1,113597.2,11.5886,1316688.9755
2025-08-20 15:34:00+08:00,113597.2,113597.2,113573.8,113573.9,10.4518,1187184.59404
2025-08-20 15:35:00+08:00,113573.9,113573.9,113520.1,113520.2,19.0586,2164084.7211
2025-08-20 15:36:00+08:00,113520.2,113551.7,113520.1,113551.5,20.7966,2361263.78462
2025-08-20 15:37:00+08:00,113551.5,113596.6,113551.4,113596.6,8.9906,1021106.84192
2025-08-20 15:38:00+08:00,113596.6,113605.3,113596.5,113605.3,7.0814,804437.7456
2025-08-20 15:39:00+08:00,113605.3,113605.3,113558.5,113566.8,8.778,996867.03056
2025-08-20 15:40:00+08:00,113566.8,113583,113559,113582.9,7.5254,854696.09098
2025-08-20 15:41:00+08:00,113582.9,113605.3,113582.9,113596.2,14.7342,1673749.75728
2025-08-20 15:42:00+08:00,113596.2,113596.3,113581.3,113587.7,8.288,941401.41874
2025-08-20 15:43:00+08:00,113587.7,113589.2,113554.3,113554.3,6.207,704947.30112
2025-08-20 15:44:00+08:00,113554.3,113556.2,113546.8,113546.8,12.175,1382476.22618
2025-08-20 15:45:00+08:00,113546.8,113560,113541,113541,5.0648,575088.49616
2025-08-20 15:46:00+08:00,113541,113589.4,113541,113589.4,13.8312,1570752.94822
2025-08-20 15:47:00+08:00,113589.4,113604.8,113589.4,113604.8,3.6402,413499.05348
2025-08-20 15:48:00+08:00,113604.8,113607.2,113604.7,113607.1,4.831,548830.0799
2025-08-20 15:49:00+08:00,113607.1,113607.1,113547.5,113565.8,38.0244,4318432.0105
2025-08-20 15:50:00+08:00,113565.8,113565.9,113520,113542.3,29.4246,3340671.74852
2025-08-20 15:51:00+08:00,113542.3,113542.3,113497.8,113497.9,33.8792,3845387.684
2025-08-20 15:52:00+08:00,113497.9,113500,113497.8,113499.9,5.6824,644950.38788
2025-08-20 15:53:00+08:00,113499.9,113499.9,113460.6,113460.6,11.2866,1280798.83126
2025-08-20 15:54:00+08:00,113460.6,113473.3,113460,113470.4,27.7364,3147026.0196
2025-08-20 15:55:00+08:00,113470.4,113473,113463.5,113466.7,13.7744,1562966.3195
2025-08-20 15:56:00+08:00,113466.7,113466.8,113400.5,113423.7,164.2156,18626086.8705
2025-08-20 15:57:00+08:00,113423.7,113423.7,113360,113400.7,110.2498,12500784.1264
2025-08-20 15:58:00+08:00,113400.7,113400.8,113379.8,113389.9,11.9624,1356366.03248
2025-08-20 15:59:00+08:00,113389.9,113426.8,113389.9,113426.8,15.2126,1725229.29812
2025-08-20 16:00:00+08:00,113426.8,113439.1,113341.4,113350.2,82.0992,9307753.11658
2025-08-20 16:01:00+08:00,113350.2,113393.1,113336,113391.4,80.2706,9099192.67348
2025-08-20 16:02:00+08:00,113391.4,113437.3,113391.3,113421.9,18.7654,2128307.26214
2025-08-20 16:03:00+08:00,113421.9,113473,113421.9,113447.7,30.288,3436434.27254
2025-08-20 16:04:00+08:00,113447.7,113472.4,113427,113472.4,35.882,4070946.23646
2025-08-20 16:05:00+08:00,113472.4,113499.7,113425.7,113436,40.4998,4594835.1185
2025-08-20 16:06:00+08:00,113436,113436,113408.5,113409,11.6602,1322547.74146
2025-08-20 16:07:00+08:00,113409,113409.4,113379.8,113409.3,40.2362,4562534.96976
2025-08-20 16:08:00+08:00,113409.3,113440.6,113409.3,113440.6,12.0572,1367588.27694
2025-08-20 16:09:00+08:00,113440.6,113467.9,113440.5,113449.4,8.2318,933999.69398
2025-08-20 16:10:00+08:00,113449.4,113462.8,113449.4,113462.7,6.5126,738879.24794
2025-08-20 16:11:00+08:00,113462.7,113500,113462.7,113499.9,9.3644,1062730.15394
2025-08-20 16:12:00+08:00,113499.9,113540.6,113499.9,113523.1,31.2082,3542905.05506
2025-08-20 16:13:00+08:00,113523.1,113523.1,113500,113500,6.9016,783345.33642
2025-08-20 16:14:00+08:00,113500,113549.9,113500,113549.9,8.3482,947710.24572
2025-08-20 16:15:00+08:00,113549.9,113581.4,113549.8,113567.6,11.5204,1308382.02356
2025-08-20 16:16:00+08:00,113567.6,113650,113561.4,113650,67.9104,7713550.79692
2025-08-20 16:17:00+08:00,113650,113675,113649.9,113667.4,19.2738,2190736.46702
2025-08-20 16:18:00+08:00,113667.4,113667.5,113635,113640,19.114,2172242.49446
2025-08-20 16:19:00+08:00,113640,113695,113640,113695,17.2226,1957722.40868
2025-08-20 16:20:00+08:00,113695,113695,113666.3,113675.3,20.6314,2345345.06972
2025-08-20 16:21:00+08:00,113675.3,113675.3,113632.3,113632.3,17.5502,1994892.72276
2025-08-20 16:22:00+08:00,113632.3,113725.4,113631,113725.3,104.4532,11873413.60878
2025-08-20 16:23:00+08:00,113725.3,113760,113700.1,113731.1,135.6342,15427762.80778
2025-08-20 16:24:00+08:00,113731.1,113756.1,113712.1,113756.1,18.8724,2146670.0247
2025-08-20 16:25:00+08:00,113756.1,113768.5,113756,113768.4,39.721,4518822.51764
2025-08-20 16:26:00+08:00,113768.4,113791.1,113761.2,113791.1,40.4782,4605643.64404
2025-08-20 16:27:00+08:00,113791.1,113811.8,113776.2,113806.8,96.9802,11035726.57102
2025-08-20 16:28:00+08:00,113806.8,113806.9,113790.6,113794,37.189,4231925.27184
2025-08-20 16:29:00+08:00,113794,113794,113775.6,113786.6,13.6252,1550348.5951
2025-08-20 16:30:00+08:00,113786.6,113793.2,113786,113786,11.4578,1303777.74874
2025-08-20 16:31:00+08:00,113786,113826,113780,113826,27.346,3112214.3525
2025-08-20 16:32:00+08:00,113826,113888.1,113825.9,113888.1,259.8168,29583209.34484
2025-08-20 16:33:00+08:00,113888.1,113899.6,113873.8,113898.5,104.32,11880558.94334
2025-08-20 16:34:00+08:00,113898.5,113898.6,113856.1,113865.3,19.0356,2167689.2206
2025-08-20 16:35:00+08:00,113865.3,113865.4,113780.8,113780.9,88.3358,10053524.95814
2025-08-20 16:36:00+08:00,113780.9,113837,113780.8,113795.1,15.943,1814499.96138
2025-08-20 16:37:00+08:00,113795.1,113795.2,113782.4,113782.4,61.7168,7022754.50322
2025-08-20 16:38:00+08:00,113782.4,113782.5,113740.8,113740.8,16.3774,1862983.14872
2025-08-20 16:39:00+08:00,113740.8,113769.4,113740.8,113763.6,27.7164,3153013.93564
2025-08-20 16:40:00+08:00,113763.6,113783.9,113763.5,113772.9,29.8534,3396617.23572
2025-08-20 16:41:00+08:00,113772.9,113825.3,113772.9,113820.7,86.6372,9860405.2741
2025-08-20 16:42:00+08:00,113820.7,113824.4,113772.9,113788.1,17.1736,1954324.69036
2025-08-20 16:43:00+08:00,113788.1,113865.3,113788.1,113847.5,122.7902,13978258.03592
2025-08-20 16:44:00+08:00,113847.5,113913.5,113842.4,113893.4,236.9876,26985208.23388
2025-08-20 16:45:00+08:00,113893.4,113934,113890.5,113900.1,37.892,4316567.9821
2025-08-20 16:46:00+08:00,113900.1,113900.2,113872.4,113888.7,50.5206,5753112.31544
2025-08-20 16:47:00+08:00,113888.7,113898.4,113881.7,113881.8,284.9772,32456330.49168
2025-08-20 16:48:00+08:00,113881.8,113881.8,113881.7,113881.7,19.0314,2167329.47774
2025-08-20 16:49:00+08:00,113881.7,113881.8,113851.4,113851.4,15.7694,1795701.44492
2025-08-20 16:50:00+08:00,113851.4,113851.5,113848.5,113848.5,14.5192,1652992.29108
2025-08-20 16:51:00+08:00,113848.5,113849.1,113842,113842.1,4.8948,557258.29518
2025-08-20 16:52:00+08:00,113842.1,113846.5,113818.9,113819,55.2492,6289229.35748
2025-08-20 16:53:00+08:00,113819,113835.4,113790.1,113835.4,70.1898,7987715.66712
2025-08-20 16:54:00+08:00,113835.4,113851.5,113835.3,113851.5,32.2032,3665890.814
2025-08-20 16:55:00+08:00,113851.5,113858.2,113851.4,113858.2,14.1904,1615651.10856
2025-08-20 16:56:00+08:00,113858.2,113975.9,113855,113955.7,213.3646,24312823.70654
2025-08-20 16:57:00+08:00,113955.7,113955.7,113855.1,113908.9,132.7156,15117880.7361
2025-08-20 16:58:00+08:00,113908.9,113957.8,113908.8,113957.8,97.4934,11108599.97978
2025-08-20 16:59:00+08:00,113957.8,113957.8,113957.7,113957.7,9.733,1109150.71968
2025-08-20 17:00:00+08:00,113957.7,113957.8,113872.1,113872.2,45.1584,5142922.05816
2025-08-20 17:01:00+08:00,113872.2,113872.2,113809.8,113809.8,23.134,2633219.3042
2025-08-20 17:02:00+08:00,113809.8,113849.9,113809.8,113830,38.9444,4432477.69702
2025-08-20 17:03:00+08:00,113830,113830,113776.5,113776.5,24.9136,2835229.3622
2025-08-20 17:04:00+08:00,113776.5,113776.6,113750.4,113765.2,106.6052,12127844.89852
2025-08-20 17:05:00+08:00,113765.2,113765.3,113762.7,113762.7,8.2264,935864.59
2025-08-20 17:06:00+08:00,113762.7,113834.1,113762.7,113834.1,35.4306,4031123.8577
2025-08-20 17:07:00+08:00,113834.1,113884.7,113812.5,113820.1,39.7364,4523903.11228
2025-08-20 17:08:00+08:00,113820.1,113847,113790.3,113847,25.7864,2934789.46878
2025-08-20 17:09:00+08:00,113847,113847,113805.4,113805.4,10.4094,1184891.9826
2025-08-20 17:10:00+08:00,113805.4,113831.5,113802.4,113831.4,12.3554,1406179.89504
2025-08-20 17:11:00+08:00,113831.4,113839.1,113800,113800.1,3.6206,412104.291
2025-08-20 17:12:00+08:00,113800.1,113822,113772.1,113821.4,21.0268,2392570.50884
2025-08-20 17:13:00+08:00,113821.4,113840.7,113821.3,113840.7,10.729,1221286.55546
2025-08-20 17:14:00+08:00,113840.7,113877.6,113805.2,113805.2,143.4878,16337637.40864
2025-08-20 17:15:00+08:00,113805.2,113814.3,113766.3,113766.4,28.8564,3283888.31656
2025-08-20 17:16:00+08:00,113766.4,113766.4,113750.3,113760.2,57.7726,6571819.1881
2025-08-20 17:17:00+08:00,113760.2,113760.2,113746.5,113746.5,19.5014,2218358.07294
2025-08-20 17:18:00+08:00,113746.5,113762.3,113746.5,113762.2,12.0398,1369503.71938
2025-08-20 17:19:00+08:00,113762.2,113762.3,113750.4,113750.4,9.6222,1094639.61026
2025-08-20 17:20:00+08:00,113750.4,113759.7,113750.1,113750.1,18.9518,2155849.78084
2025-08-20 17:21:00+08:00,113750.1,113763.2,113750,113763.1,23.769,2703829.42388
2025-08-20 17:22:00+08:00,113763.1,113763.2,113754.8,113754.8,17.0204,1936216.47978
2025-08-20 17:23:00+08:00,113754.8,113759.1,113711,113711.1,107.2494,12197430.0371
2025-08-20 17:24:00+08:00,113711.1,113763.1,113700,113763.1,31.6836,3603266.1358
2025-08-20 17:25:00+08:00,113763.1,113763.1,113729.8,113729.9,18.3284,2084951.93376
2025-08-20 17:26:00+08:00,113729.9,113770.8,113729.8,113729.9,37.0414,4213385.94586
2025-08-20 17:27:00+08:00,113729.9,113756.7,113729.9,113730,19.7702,2248666.89632
2025-08-20 17:28:00+08:00,113730,113730,113715.5,113715.5,16.6728,1896106.5589
2025-08-20 17:29:00+08:00,113715.5,113739.3,113715.5,113739.3,44.7668,5090839.87616
2025-08-20 17:30:00+08:00,113739.3,113776.6,113739.2,113776.6,13.7408,1562955.10218
2025-08-20 17:31:00+08:00,113776.6,113776.6,113740.6,113740.6,12.285,1397464.99096
2025-08-20 17:32:00+08:00,113740.6,113761.9,113713.4,113757.2,240.4806,27352010.25134
2025-08-20 17:33:00+08:00,113757.2,113757.2,113757.1,113757.1,6.7416,766905.22466
2025-08-20 17:34:00+08:00,113757.1,113800,113757.1,113800,12.2878,1397894.1823
2025-08-20 17:35:00+08:00,113800,113800,113777.4,113788.6,12.8452,1461768.666
2025-08-20 17:36:00+08:00,113788.6,113800,113788.5,113800,10.6824,1215537.8014
2025-08-20 17:37:00+08:00,113800,113821.4,113799.9,113821.3,21.2962,2423512.41738
2025-08-20 17:38:00+08:00,113821.3,113842.6,113821.3,113842.6,23.2624,2648075.23382
2025-08-20 17:39:00+08:00,113842.6,113842.6,113842.5,113842.6,1.839,209356.5183
2025-08-20 17:40:00+08:00,113842.6,113862.8,113842.5,113862.7,28.3424,3226839.38042
2025-08-20 17:41:00+08:00,113862.7,113908.5,113861,113861.1,53.766,6123514.61656
2025-08-20 17:42:00+08:00,113861.1,113892.9,113861,113892.8,19.0584,2170549.41944
2025-08-20 17:43:00+08:00,113892.8,113892.9,113844.6,113844.7,29.3128,3337589.77418
2025-08-20 17:44:00+08:00,113844.7,113844.7,113816.9,113816.9,29.363,3342606.90596
2025-08-20 17:45:00+08:00,113816.9,113850,113816.9,113837.4,25.3818,2889355.87274
2025-08-20 17:46:00+08:00,113837.4,113839.3,113818.6,113818.6,5.8704,668180.15032
2025-08-20 17:47:00+08:00,113818.6,113846.5,113818.6,113846.4,2.851,324518.85144
2025-08-20 17:48:00+08:00,113846.4,113866.4,113776.9,113777,31.2902,3562172.56022
2025-08-20 17:49:00+08:00,113777,113777,113746.6,113746.7,15.9538,1814912.5387
2025-08-20 17:50:00+08:00,113746.7,113756.4,113738,113738,56.1,6380875.57014
2025-08-20 17:51:00+08:00,113738,113738.1,113715.1,113715.2,19.235,2187354.79398
2025-08-20 17:52:00+08:00,113715.2,113715.2,113640.6,113640.7,71.5552,8133789.3549
2025-08-20 17:53:00+08:00,113640.7,113640.7,113576.3,113582.7,182.705,20753046.42898
2025-08-20 17:54:00+08:00,113582.7,113583.2,113582.6,113583.1,28.2844,3212628.03258
2025-08-20 17:55:00+08:00,113583.1,113625.8,113583.1,113625.2,40.8498,4640964.20098
2025-08-20 17:56:00+08:00,113625.2,113627.5,113603.6,113603.7,54.5132,6193186.77424
2025-08-20 17:57:00+08:00,113603.7,113619,113603.6,113618.7,47.081,5349214.6183
2025-08-20 17:58:00+08:00,113618.7,113651.9,113618.6,113651.8,35.5194,4036201.00878
2025-08-20 17:59:00+08:00,113651.8,113660.6,113648.4,113655.8,142.649,16212486.8654
2025-08-20 18:00:00+08:00,113655.8,113688.4,113655.7,113688.4,170.2952,19358598.57692
2025-08-20 18:01:00+08:00,113688.4,113715.1,113688.3,113699.1,43.2254,4914904.09342
2025-08-20 18:02:00+08:00,113699.1,113738.3,113699,113731.3,34.626,3937372.89468
2025-08-20 18:03:00+08:00,113731.3,113736.7,113716.1,113736.7,31.3106,3560675.05332
2025-08-20 18:04:00+08:00,113736.7,113773.4,113736.6,113769,40.407,4597060.29778
2025-08-20 18:05:00+08:00,113769,113769,113730,113758.8,30.6082,3481497.32156
2025-08-20 18:06:00+08:00,113758.8,113758.8,113726.2,113726.2,5.7938,659065.47488
2025-08-20 18:07:00+08:00,113726.2,113726.2,113711.5,113711.6,5.866,667045.85832
2025-08-20 18:08:00+08:00,113711.6,113719.7,113689.6,113719.7,13.2526,1506785.90188
2025-08-20 18:09:00+08:00,113719.7,113719.7,113681.5,113681.5,40.5284,4608166.8955
2025-08-20 18:10:00+08:00,113681.5,113681.5,113653.1,113653.1,38.3244,4356424.35946
2025-08-20 18:11:00+08:00,113653.1,113653.1,113620,113632.6,23.5224,2672891.78908
2025-08-20 18:12:00+08:00,113632.6,113632.6,113592.6,113608.6,18.9246,2149810.7583
2025-08-20 18:13:00+08:00,113608.6,113640.2,113608.6,113622.6,13.5154,1535718.25518
2025-08-20 18:14:00+08:00,113622.6,113622.7,113606.4,113616,20.1592,2290339.66284
2025-08-20 18:15:00+08:00,113616,113666.6,113615.9,113666.6,12.0812,1373007.82262
2025-08-20 18:16:00+08:00,113666.6,113709.4,113666.6,113709.4,31.408,3570849.9762
2025-08-20 18:17:00+08:00,113709.4,113714.5,113709.3,113709.3,7.0364,800129.47496
2025-08-20 18:18:00+08:00,113709.3,113745.6,113709.3,113742.5,15.34,1744654.88124
2025-08-20 18:19:00+08:00,113742.5,113749,113725.8,113739.8,20.5624,2338644.27526
2025-08-20 18:20:00+08:00,113739.8,113739.8,113698.3,113712.1,5.5872,635367.08678
2025-08-20 18:21:00+08:00,113712.1,113712.1,113701,113711.9,14.5166,1650582.74316
2025-08-20 18:22:00+08:00,113711.9,113712,113663.9,113663.9,5.4322,617578.1471
2025-08-20 18:23:00+08:00,113663.9,113664,113630.6,113630.7,5.7828,657174.59626
2025-08-20 18:24:00+08:00,113630.7,113630.7,113561,113561,17.0938,1941613.6152
2025-08-20 18:25:00+08:00,113561,113564.8,113532.1,113564.8,20.5692,2335536.98366
2025-08-20 18:26:00+08:00,113564.8,113578.8,113547.2,113547.3,13.122,1490222.84868
2025-08-20 18:27:00+08:00,113547.3,113556.8,113547.2,113556.8,9.5012,1078867.92786
2025-08-20 18:28:00+08:00,113556.8,113556.8,113544.9,113545,8.0592,915116.82834
2025-08-20 18:29:00+08:00,113545,113545,113537.2,113537.2,4.0352,458158.12606
2025-08-20 18:30:00+08:00,113537.2,113542.9,113537.2,113542.9,6.958,790028.86774
2025-08-20 18:31:00+08:00,113542.9,113560.8,113542.9,113548,9.24,1049247.56208
2025-08-20 18:32:00+08:00,113548,113568.8,113548,113568.8,6.6764,758132.06098
2025-08-20 18:33:00+08:00,113568.8,113583.7,113568.7,113573.5,2.45,278261.1164
2025-08-20 18:34:00+08:00,113573.5,113587.2,113570,113570,3.4628,393300.88594
2025-08-20 18:35:00+08:00,113570,113575.4,113570,113573.5,2.1952,249312.3617
2025-08-20 18:36:00+08:00,113573.5,113573.6,113544.9,113544.9,15.8824,1803684.80528
2025-08-20 18:37:00+08:00,113544.9,113607.1,113539.5,113607.1,11.6424,1322088.77932
2025-08-20 18:38:00+08:00,113607.1,113632.6,113574.9,113579.9,7.594,862757.8313
2025-08-20 18:39:00+08:00,113579.9,113631.9,113579.8,113631.9,5.2838,600335.81946
2025-08-20 18:40:00+08:00,113631.9,113713.1,113631.9,113713.1,29.1046,3308203.68336
2025-08-20 18:41:00+08:00,113713.1,113721.7,113665,113665.1,10.9918,1249684.95478
2025-08-20 18:42:00+08:00,113665.1,113706.9,113664.8,113706.8,6.075,690613.45508
2025-08-20 18:43:00+08:00,113706.8,113714.2,113703,113714.2,5.7852,657833.6203
2025-08-20 18:44:00+08:00,113714.2,113733.9,113714.2,113727.3,3.3536,381404.65962
2025-08-20 18:45:00+08:00,113727.3,113727.4,113727.3,113727.3,5.228,594566.68386
2025-08-20 18:46:00+08:00,113727.3,113727.4,113694.5,113694.5,9.9144,1127269.66292
2025-08-20 18:47:00+08:00,113694.5,113717.2,113694.5,113709.9,8.2048,933004.36564
2025-08-20 18:48:00+08:00,113709.9,113709.9,113709.8,113709.8,1.9484,221552.3242
2025-08-20 18:49:00+08:00,113709.8,113773.4,113709.8,113773.4,31.266,3556249.84374
2025-08-20 18:50:00+08:00,113773.4,113823.9,113773.3,113823.9,19.0242,2165125.56742
2025-08-20 18:51:00+08:00,113823.9,113823.9,113805.6,113805.7,13.9718,1590123.68656
2025-08-20 18:52:00+08:00,113805.7,113805.7,113805.6,113805.7,7.343,835674.82002
2025-08-20 18:53:00+08:00,113805.7,113805.7,113800,113800,7.5478,858969.81546
2025-08-20 18:54:00+08:00,113800,113800.1,113800,113800,3.7102,422220.9942
2025-08-20 18:55:00+08:00,113800,113800.1,113762.1,113762.1,128.0618,14571004.96694
2025-08-20 18:56:00+08:00,113762.1,113774.4,113738.8,113774.3,14.443,1642967.95884
2025-08-20 18:57:00+08:00,113774.3,113800,113774.3,113791.5,2.9484,335499.11854
2025-08-20 18:58:00+08:00,113791.5,113791.5,113762.2,113762.2,1.6808,191254.60164
2025-08-20 18:59:00+08:00,113762.2,113762.2,113740.3,113740.4,5.5096,626714.15834
2025-08-20 19:00:00+08:00,113740.4,113778.8,113740.4,113772.7,3.0102,342449.69586
2025-08-20 19:01:00+08:00,113772.7,113790,113759.3,113759.3,9.3654,1065574.72174
2025-08-20 19:02:00+08:00,113759.3,113800,113751.2,113793.4,23.3686,2659074.62834
2025-08-20 19:03:00+08:00,113793.4,113793.4,113761.4,113765,2.275,258818.03698
2025-08-20 19:04:00+08:00,113765,113814,113765,113813.9,18.9108,2152007.154
2025-08-20 19:05:00+08:00,113813.9,113814,113760.6,113760.6,4.7484,540307.75662
2025-08-20 19:06:00+08:00,113760.6,113760.6,113731.9,113731.9,6.863,780616.86204
2025-08-20 19:07:00+08:00,113731.9,113731.9,113726.2,113727.8,11.222,1276268.06654
2025-08-20 19:08:00+08:00,113727.8,113727.8,113676.1,113676.1,28.7782,3272030.52714
2025-08-20 19:09:00+08:00,113676.1,113676.1,113640.3,113640.3,10.36,1177525.5411
2025-08-20 19:10:00+08:00,113640.3,113640.4,113530.6,113536.8,49.4004,5611281.01966
2025-08-20 19:11:00+08:00,113536.8,113559.3,113535,113543.1,16.4582,1868761.52498
2025-08-20 19:12:00+08:00,113543.1,113560.5,113543,113560.4,33.8056,3838565.8687
2025-08-20 19:13:00+08:00,113560.4,113560.5,113517.6,113532.9,24.5562,2787736.4047
2025-08-20 19:14:00+08:00,113532.9,113546.8,113532.8,113546.8,7.115,807875.07824
2025-08-20 19:15:00+08:00,113546.8,113554.8,113524.6,113524.6,41.4506,4706901.12554
2025-08-20 19:16:00+08:00,113524.6,113524.6,113472.6,113472.6,45.5738,5172446.00834
2025-08-20 19:17:00+08:00,113472.6,113492.9,113472,113492.9,26.7316,3033475.63046
2025-08-20 19:18:00+08:00,113492.9,113492.9,113453.8,113469.8,36.7378,4168469.5514
2025-08-20 19:19:00+08:00,113469.8,113508.7,113469.8,113508.7,14.6102,1658048.01028
2025-08-20 19:20:00+08:00,113508.7,113508.7,113496,113506.3,3.237,367407.05586
2025-08-20 19:21:00+08:00,113506.3,113534.8,113499.8,113503.2,12.273,1393173.58478
2025-08-20 19:22:00+08:00,113503.2,113503.2,113451,113451,12.2404,1389031.00914
2025-08-20 19:23:00+08:00,113451,113459.8,113451,113459.7,7.35,833867.59754
2025-08-20 19:24:00+08:00,113459.7,113459.8,113422.7,113422.7,52.8708,5997698.8328
2025-08-20 19:25:00+08:00,113422.7,113498.4,113420,113498.3,29.8858,3390290.17976
2025-08-20 19:26:00+08:00,113498.3,113498.4,113457.6,113463.2,8.3254,944827.59004
2025-08-20 19:27:00+08:00,113463.2,113472.8,113445.2,113445.2,23.9402,2716193.39348
2025-08-20 19:28:00+08:00,113445.2,113448.5,113418.2,113418.2,13.383,1518156.64616
2025-08-20 19:29:00+08:00,113418.2,113418.3,113402.8,113402.9,64.9246,7363074.5072
2025-08-20 19:30:00+08:00,113402.9,113402.9,113352.8,113352.8,91.1184,10330295.20584
2025-08-20 19:31:00+08:00,113352.8,113352.9,113278.1,113278.1,268.9768,30481599.86676
2025-08-20 19:32:00+08:00,113278.1,113278.2,113157.5,113190.9,407.5578,46143420.01392
2025-08-20 19:33:00+08:00,113190.9,113274.1,113177.8,113274,89.816,10169651.87478
2025-08-20 19:34:00+08:00,113274,113303.2,113239.9,113239.9,163.4728,18514771.20028
2025-08-20 19:35:00+08:00,113239.9,113270.5,113232.5,113253.8,84.8144,9606114.50684
2025-08-20 19:36:00+08:00,113253.8,113280.3,113240,113280.3,72.1696,8172800.5017
2025-08-20 19:37:00+08:00,113280.3,113297,113251.7,113251.8,17.6744,2002098.94342
2025-08-20 19:38:00+08:00,113251.8,113256.6,113251.7,113256.6,13.7614,1558502.97758
2025-08-20 19:39:00+08:00,113256.6,113311.3,113220,113220.1,43.83,4963974.52924
2025-08-20 19:40:00+08:00,113220.1,113235.4,113161.5,113161.5,81.818,9262244.55114
2025-08-20 19:41:00+08:00,113161.5,113171.3,113103.1,113154.3,102.9822,11651049.99306
2025-08-20 19:42:00+08:00,113154.3,113207.3,113143.7,113146.9,56.786,6427533.34862
2025-08-20 19:43:00+08:00,113146.9,113160.6,113003.2,113017.5,213.202,24105724.74194
2025-08-20 19:44:00+08:00,113017.5,113127,113017.5,113126.9,50.9868,5765269.90402
2025-08-20 19:45:00+08:00,113126.9,113209.7,113113,113113.1,48.221,5457153.32518
2025-08-20 19:46:00+08:00,113113.1,113228,113071.2,113227.8,44.4082,5025458.60396
2025-08-20 19:47:00+08:00,113227.8,113320.9,113202.5,113204.6,50.486,5718468.0592
2025-08-20 19:48:00+08:00,113204.6,113287.2,113157.4,113283,61.1348,6922252.21226
2025-08-20 19:49:00+08:00,113283,113374.3,113283,113360,108.8164,12334889.73352
2025-08-20 19:50:00+08:00,113360,113474,113360,113473.9,63.405,7191660.54022
2025-08-20 19:51:00+08:00,113473.9,113510,113443,113509.9,56.4262,6402949.86498
2025-08-20 19:52:00+08:00,113509.9,113592.7,113501,113586.1,106.9752,12146427.64628
2025-08-20 19:53:00+08:00,113586.1,113600.1,113575.8,113589.3,40.5784,4609118.15954
2025-08-20 19:54:00+08:00,113589.3,113589.3,113467.1,113494,149.3978,16957525.20188
2025-08-20 19:55:00+08:00,113494,113531.8,113479.5,113531.8,20.5014,2326674.06616
2025-08-20 19:56:00+08:00,113531.8,113534.5,113531.7,113534.5,10.6188,1205570.9437
2025-08-20 19:57:00+08:00,113534.5,113534.6,113491,113510.1,35.0464,3978153.2663
2025-08-20 19:58:00+08:00,113510.1,113570.4,113510.1,113570.4,24.2262,2750625.62284
2025-08-20 19:59:00+08:00,113570.4,113623.2,113570.3,113623.2,41.3324,4694701.76424
2025-08-20 20:00:00+08:00,113623.2,113741.9,113623.1,113736.4,112.7348,12816865.03022
2025-08-20 20:01:00+08:00,113736.4,113883.5,113720.1,113883.4,93.4046,10630539.50814
2025-08-20 20:02:00+08:00,113883.4,113903.8,113840.1,113866.5,60.6578,6907260.75434
2025-08-20 20:03:00+08:00,113866.5,113866.5,113758.8,113819.4,63.9756,7280668.16874
2025-08-20 20:04:00+08:00,113819.4,113819.5,113754.4,113813.3,38.6322,4395409.1259
2025-08-20 20:05:00+08:00,113813.3,113849.8,113759.6,113805.9,39.3868,4482045.52878
2025-08-20 20:06:00+08:00,113805.9,113816.9,113729.5,113735,43.2334,4918564.57404
2025-08-20 20:07:00+08:00,113735,113888,113730.4,113879.3,44.7818,5097992.0688
2025-08-20 20:08:00+08:00,113879.3,113887.9,113793.3,113810.4,32.4584,3695184.34548
2025-08-20 20:09:00+08:00,113810.4,113833.1,113760.6,113833.1,18.8772,2148146.76408
2025-08-20 20:10:00+08:00,113833.1,113860,113784.5,113851.2,11.6552,1326727.33842
2025-08-20 20:11:00+08:00,113851.2,113863.6,113807.4,113807.5,12.5212,1425390.85334
2025-08-20 20:12:00+08:00,113807.5,113820.4,113782.9,113782.9,15.497,1763510.8657
2025-08-20 20:13:00+08:00,113782.9,113806.7,113705.6,113710.1,61.9398,7043724.4947
2025-08-20 20:14:00+08:00,113710.1,113777.5,113710.1,113777.4,7.8324,890876.85222
2025-08-20 20:15:00+08:00,113777.4,113796.3,113726.6,113733.7,26.6116,3027134.35576
2025-08-20 20:16:00+08:00,113733.7,113828,113733.7,113821,9.5548,1087340.03042
2025-08-20 20:17:00+08:00,113821,113821,113726,113726,7.4992,853090.5914
2025-08-20 20:18:00+08:00,113726,113738.3,113690,113701.4,16.907,1922478.75254
2025-08-20 20:19:00+08:00,113701.4,113706.1,113686.6,113686.6,17.1676,1951907.93458
2025-08-20 20:20:00+08:00,113686.6,113686.7,113593.4,113593.4,52.3576,5950142.6657
2025-08-20 20:21:00+08:00,113593.4,113622.6,113567.6,113567.6,40.9072,4646451.89352
2025-08-20 20:22:00+08:00,113567.6,113567.6,113498.5,113524.7,79.1204,8981818.92706
2025-08-20 20:23:00+08:00,113524.7,113536.8,113457.4,113536.4,44.875,5092771.7167
2025-08-20 20:24:00+08:00,113536.4,113581.9,113536.4,113565.5,25.955,2947583.95834
2025-08-20 20:25:00+08:00,113565.5,113640.5,113565.5,113631.5,21.7236,2468070.65586
2025-08-20 20:26:00+08:00,113631.5,113641.9,113574.8,113641.8,34.5102,3921449.41266
2025-08-20 20:27:00+08:00,113641.8,113687.8,113639,113682.1,16.9966,1931760.6613
2025-08-20 20:28:00+08:00,113682.1,113700,113638.3,113638.4,13.1032,1489527.1743
2025-08-20 20:29:00+08:00,113638.4,113673.4,113609.5,113673.4,12.1326,1378707.1029
2025-08-20 20:30:00+08:00,113673.4,113747.1,113651.6,113747.1,14.1566,1609659.90242
2025-08-20 20:31:00+08:00,113747.1,113765,113711.1,113737.9,25.3938,2888586.67716
2025-08-20 20:32:00+08:00,113737.9,113737.9,113621.3,113629.7,180.2614,20496053.21718
2025-08-20 20:33:00+08:00,113629.7,113691.9,113629.7,113680,16.8224,1912249.08426
2025-08-20 20:34:00+08:00,113680,113749.9,113680,113733.7,17.8858,2033720.69722
2025-08-20 20:35:00+08:00,113733.7,113743.9,113714.8,113714.9,12.243,1392265.39844
2025-08-20 20:36:00+08:00,113714.9,113741.1,113680.7,113689.7,7.628,867284.32744
2025-08-20 20:37:00+08:00,113689.7,113814.8,113689.7,113808.2,151.1012,17190312.4465
2025-08-20 20:38:00+08:00,113808.2,113808.3,113724.8,113739.8,14.783,1681715.01746
2025-08-20 20:39:00+08:00,113739.8,113762.1,113695.4,113695.4,8.9728,1020387.69576
2025-08-20 20:40:00+08:00,113695.4,113770,113695.4,113770,9.4348,1072998.45572
2025-08-20 20:41:00+08:00,113770,113770,113755.8,113764.7,8.2124,934261.60826
2025-08-20 20:42:00+08:00,113764.7,113800,113764.6,113786.7,12.6214,1436053.27846
2025-08-20 20:43:00+08:00,113786.7,113800,113786.7,113795,7.5614,860462.25592
2025-08-20 20:44:00+08:00,113795,113803.6,113776.9,113803.6,15.1086,1719267.72716
2025-08-20 20:45:00+08:00,113803.6,113825.3,113618.8,113656.8,1183.2698,134598335.54658
2025-08-20 20:46:00+08:00,113656.8,113672.2,113651,113665.5,36.0002,4092003.54548
2025-08-20 20:47:00+08:00,113665.5,113681.9,113644.5,113644.5,22.5424,2562531.31174
2025-08-20 20:48:00+08:00,113644.5,113683,113644.5,113683,14.4952,1647705.01326
2025-08-20 20:49:00+08:00,113683,113724.7,113683,113724.7,40.6172,4618274.66572
2025-08-20 20:50:00+08:00,113724.7,113743.3,113713,113726.1,18.1022,2058677.60754
2025-08-20 20:51:00+08:00,113726.1,113726.2,113645.5,113656.3,18.1966,2068434.87824
2025-08-20 20:52:00+08:00,113656.3,113663.9,113605.1,113606.5,33.6564,3824218.14256
2025-08-20 20:53:00+08:00,113606.5,113680.7,113606.5,113673.9,20.1578,2290903.20928
2025-08-20 20:54:00+08:00,113673.9,113679.2,113665.1,113670.7,2.0514,233190.62348
2025-08-20 20:55:00+08:00,113670.7,113670.7,113655.6,113669.5,2.006,228006.89812
2025-08-20 20:56:00+08:00,113669.5,113700,113669.5,113700,4.9892,567176.49912
2025-08-20 20:57:00+08:00,113700,113700,113635.4,113635.4,13.9584,1586296.9081
2025-08-20 20:58:00+08:00,113635.4,113635.8,113630,113630,2.7684,314586.75082
2025-08-20 20:59:00+08:00,113630,113633.1,113604.1,113604.1,6.4048,727694.38448
2025-08-20 21:00:00+08:00,113604.1,113604.2,113548.3,113551.9,18.7196,2125890.35726
2025-08-20 21:01:00+08:00,113551.9,113585.5,113549.6,113549.7,16.9968,1930185.65388
2025-08-20 21:02:00+08:00,113549.7,113568.3,113374.9,113383.3,136.462,15479386.2702
2025-08-20 21:03:00+08:00,113383.3,113490.6,113383.3,113475.7,28.4942,3232367.88108
2025-08-20 21:04:00+08:00,113475.7,113515,113475.7,113493.3,34.804,3950205.96216
2025-08-20 21:05:00+08:00,113493.3,113493.3,113410.7,113410.7,17.4256,1976700.4982
2025-08-20 21:06:00+08:00,113410.7,113436.8,113410.7,113434.8,8.3382,945811.8536
2025-08-20 21:07:00+08:00,113434.8,113468,113434.8,113456.8,9.236,1047870.07312
2025-08-20 21:08:00+08:00,113456.8,113456.8,113420,113420,13.1578,1492727.59566
2025-08-20 21:09:00+08:00,113420,113422.8,113408.9,113420.1,8.6052,975974.75538
2025-08-20 21:10:00+08:00,113420.1,113420.2,113344.4,113344.4,74.9686,8499706.16972
2025-08-20 21:11:00+08:00,113344.4,113357,113302.8,113304.7,44.8548,5083045.86606
2025-08-20 21:12:00+08:00,113304.7,113304.8,113257.8,113257.8,56.177,6363694.21636
2025-08-20 21:13:00+08:00,113257.8,113290.9,113257.8,113265.8,20.3212,2301798.15154
2025-08-20 21:14:00+08:00,113265.8,113280.7,113256,113270.4,69.851,7911286.35794
2025-08-20 21:15:00+08:00,113270.4,113270.4,113194.4,113221.8,82.747,9368132.26136
2025-08-20 21:16:00+08:00,113221.8,113253.4,113205,113250.2,56.4618,6393467.53792
2025-08-20 21:17:00+08:00,113250.2,113331.2,113250.2,113322.1,78.7268,8919340.3018
2025-08-20 21:18:00+08:00,113322.1,113387.4,113300,113387.3,39.5722,4485214.12444
2025-08-20 21:19:00+08:00,113387.3,113387.4,113300,113300,34.4858,3908839.194
2025-08-20 21:20:00+08:00,113300,113337.9,113245.7,113337.9,22.348,2531706.39138
2025-08-20 21:21:00+08:00,113337.9,113414.2,113314.3,113414.1,79.8586,9052658.32124
2025-08-20 21:22:00+08:00,113414.1,113414.2,113348.1,113364.4,32.5498,3690766.4249
2025-08-20 21:23:00+08:00,113364.4,113396.8,113356.1,113356.1,26.0614,2955071.2574
2025-08-20 21:24:00+08:00,113356.1,113395.3,113356.1,113372.7,19.6214,2224556.72912
2025-08-20 21:25:00+08:00,113372.7,113393.8,113338.2,113377.3,43.8836,4974779.2103
2025-08-20 21:26:00+08:00,113377.3,113377.3,113325.7,113364.3,24.6582,2794810.9663
2025-08-20 21:27:00+08:00,113364.3,113364.4,113327.7,113352.2,11.4534,1298216.33526
2025-08-20 21:28:00+08:00,113352.2,113417.6,113352.2,113397.7,72.5566,8226187.43802
2025-08-20 21:29:00+08:00,113397.7,113403.5,113384.6,113384.6,13.8238,1567623.59866
2025-08-20 21:30:00+08:00,113384.6,113384.6,113162.6,113166.5,73.736,8351097.88156
2025-08-20 21:31:00+08:00,113166.5,113382.5,113150,113277.3,77.78,8810779.00558
2025-08-20 21:32:00+08:00,113277.3,113277.3,113134.8,113174.3,57.2794,6483204.08942
2025-08-20 21:33:00+08:00,113174.3,113297.9,113170.9,113260.4,39.1704,4435675.7857
2025-08-20 21:34:00+08:00,113260.4,113274.7,113204.7,113215.2,19.2874,2184204.54092
2025-08-20 21:35:00+08:00,113215.2,113348.9,113201.8,113274.4,45.9576,5205235.56968
2025-08-20 21:36:00+08:00,113274.4,113525.9,113272.6,113457.7,69.9106,7930436.11586
2025-08-20 21:37:00+08:00,113457.7,113582.6,113393.2,113565.9,82.6024,9376658.63482
2025-08-20 21:38:00+08:00,113565.9,113608.6,113431.7,113502.9,55.9712,6354893.64572
2025-08-20 21:39:00+08:00,113502.9,113511,113297.4,113297.4,39.7082,4502984.64258
2025-08-20 21:40:00+08:00,113297.4,113345.3,113228.5,113228.6,213.5998,24197494.58768
2025-08-20 21:41:00+08:00,113228.6,113244.8,113071.8,113168.4,199.1172,22525543.58114
2025-08-20 21:42:00+08:00,113168.4,113445.8,113168.4,113398.4,63.296,7171388.43404
2025-08-20 21:43:00+08:00,113398.4,113405.7,113223.9,113234.7,127.5662,14455882.85972
2025-08-20 21:44:00+08:00,113234.7,113234.8,113080,113089.8,41.6356,4710516.82458
2025-08-20 21:45:00+08:00,113089.8,113115,112867.2,112870.1,396.4214,44778032.94952
2025-08-20 21:46:00+08:00,112870.1,112968.7,112839.4,112845.6,249.8758,28214245.6482
2025-08-20 21:47:00+08:00,112845.6,112903.1,112783,112783.1,218.264,24629490.01434
2025-08-20 21:48:00+08:00,112783.1,112844.9,112781,112781.1,103.6288,11691590.86434
2025-08-20 21:49:00+08:00,112781.1,112836.6,112713.2,112714,266.3778,30037319.77264
2025-08-20 21:50:00+08:00,112714,112714,112571.5,112651.8,396.0062,44610092.30094
2025-08-20 21:51:00+08:00,112651.8,112667.3,112540,112540.1,168.7742,19000618.86232
2025-08-20 21:52:00+08:00,112540.1,112690.4,112540,112675,137.8748,15528438.81684
2025-08-20 21:53:00+08:00,112675,112718.5,112567,112577.1,230.6468,25990413.5046
2025-08-20 21:54:00+08:00,112577.1,112618.8,112560.6,112603.3,89.3144,10055928.49908
2025-08-20 21:55:00+08:00,112603.3,112791.9,112603.3,112700.2,244.8284,27592693.95298
