timestamp,open,high,low,close,volume,Denominated_Coin_Volume
2025-08-19 04:27:00+08:00,0.22373,0.22389,0.22373,0.22389,36904,8258.51482
2025-08-19 04:28:00+08:00,0.22389,0.22409,0.22386,0.22408,137414,30781.10158
2025-08-19 04:29:00+08:00,0.22408,0.22412,0.22398,0.22412,134308,30086.77762
2025-08-19 04:30:00+08:00,0.22412,0.22429,0.2241,0.22428,442900,99298.6261
2025-08-19 04:31:00+08:00,0.22428,0.22428,0.22389,0.22398,550234,123248.46768
2025-08-19 04:32:00+08:00,0.22398,0.2241,0.22392,0.22392,3538,792.57846
2025-08-19 04:33:00+08:00,0.22392,0.22392,0.22379,0.22379,247532,55407.66182
2025-08-19 04:34:00+08:00,0.22379,0.22379,0.22367,0.22376,53558,11983.65336
2025-08-19 04:35:00+08:00,0.22376,0.22376,0.22349,0.22358,144862,32390.2092
2025-08-19 04:36:00+08:00,0.22358,0.22377,0.22344,0.22349,659512,147527.4024
2025-08-19 04:37:00+08:00,0.22349,0.22362,0.22309,0.22316,1856554,414296.16324
2025-08-19 04:38:00+08:00,0.22316,0.22325,0.22243,0.22243,3253144,724930.445
2025-08-19 04:39:00+08:00,0.22243,0.22282,0.22243,0.2228,966146,215049.82578
2025-08-19 04:40:00+08:00,0.2228,0.2228,0.22231,0.22238,578006,128583.3319
2025-08-19 04:41:00+08:00,0.22238,0.2227,0.222,0.2227,3922512,871619.42308
2025-08-19 04:42:00+08:00,0.2227,0.22294,0.22269,0.22294,468556,104403.6044
2025-08-19 04:43:00+08:00,0.22294,0.22297,0.22271,0.22297,40862,9107.9415
2025-08-19 04:44:00+08:00,0.22297,0.22305,0.22284,0.22289,154700,34478.24532
2025-08-19 04:45:00+08:00,0.22289,0.22308,0.22265,0.22265,40186,8961.46522
2025-08-19 04:46:00+08:00,0.22265,0.223,0.22265,0.22291,35238,7851.51742
2025-08-19 04:47:00+08:00,0.22291,0.22316,0.22289,0.22305,312576,69735.3087
2025-08-19 04:48:00+08:00,0.22305,0.22347,0.22305,0.22343,155294,34682.79318
2025-08-19 04:49:00+08:00,0.22343,0.22359,0.22331,0.22346,281092,62794.15626
2025-08-19 04:50:00+08:00,0.22346,0.22357,0.22345,0.22351,181938,40657.31376
2025-08-19 04:51:00+08:00,0.22351,0.22359,0.22332,0.22357,958364,214149.97666
2025-08-19 04:52:00+08:00,0.22357,0.22357,0.2234,0.22345,125946,28143.31464
2025-08-19 04:53:00+08:00,0.22345,0.22347,0.22326,0.22347,496946,110997.35154
2025-08-19 04:54:00+08:00,0.22347,0.22377,0.22347,0.22377,101094,22612.48552
2025-08-19 04:55:00+08:00,0.22377,0.22396,0.22372,0.22393,1397434,312807.2659
2025-08-19 04:56:00+08:00,0.22393,0.22412,0.22389,0.22389,301000,67427.78986
2025-08-19 04:57:00+08:00,0.22389,0.22397,0.2238,0.22397,408832,91513.60424
2025-08-19 04:58:00+08:00,0.22397,0.22397,0.22372,0.22381,25586,5728.95622
2025-08-19 04:59:00+08:00,0.22381,0.22393,0.22376,0.22376,48546,10865.99334
2025-08-19 05:00:00+08:00,0.22376,0.22382,0.22371,0.22377,53396,11947.51624
2025-08-19 05:01:00+08:00,0.22377,0.2239,0.22369,0.22381,363472,81378.24638
2025-08-19 05:02:00+08:00,0.22381,0.22404,0.22381,0.22402,171930,38506.48894
2025-08-19 05:03:00+08:00,0.22402,0.22408,0.22398,0.22408,55724,12483.40338
2025-08-19 05:04:00+08:00,0.22408,0.2241,0.22396,0.22407,309106,69256.0063
2025-08-19 05:05:00+08:00,0.22407,0.22411,0.22404,0.22404,278966,62501.77538
2025-08-19 05:06:00+08:00,0.22404,0.22413,0.22394,0.22394,52306,11715.52746
2025-08-19 05:07:00+08:00,0.22394,0.22394,0.22386,0.22391,612890,137228.13616
2025-08-19 05:08:00+08:00,0.22391,0.22399,0.22364,0.22364,572368,128125.89926
2025-08-19 05:09:00+08:00,0.22364,0.22378,0.22363,0.22378,206768,46265.93356
2025-08-19 05:10:00+08:00,0.22378,0.22382,0.22372,0.22373,198804,44483.37546
2025-08-19 05:11:00+08:00,0.22373,0.22387,0.22372,0.22386,322778,72247.12322
2025-08-19 05:12:00+08:00,0.22386,0.22406,0.22386,0.2239,772440,172998.61956
2025-08-19 05:13:00+08:00,0.2239,0.22418,0.22389,0.22417,384300,86112.41174
2025-08-19 05:14:00+08:00,0.22417,0.22465,0.22417,0.22458,2374074,532523.1204
2025-08-19 05:15:00+08:00,0.22458,0.22473,0.2245,0.22451,1256212,282187.59698
2025-08-19 05:16:00+08:00,0.22451,0.22451,0.22428,0.22448,420710,94391.66514
2025-08-19 05:17:00+08:00,0.22448,0.2245,0.22435,0.22449,521348,117012.23136
2025-08-19 05:18:00+08:00,0.22449,0.22474,0.22449,0.22474,227316,51080.88326
2025-08-19 05:19:00+08:00,0.22474,0.22486,0.22465,0.22475,2133268,479449.88216
2025-08-19 05:20:00+08:00,0.22475,0.22475,0.2244,0.22445,1191598,267560.08686
2025-08-19 05:21:00+08:00,0.22445,0.22461,0.22445,0.22448,217168,48757.44014
2025-08-19 05:22:00+08:00,0.22448,0.22463,0.22448,0.22463,13460,3023.03714
2025-08-19 05:23:00+08:00,0.22463,0.22474,0.22463,0.22469,444178,99811.23296
2025-08-19 05:24:00+08:00,0.22469,0.22471,0.2246,0.2247,195350,43890.4461
2025-08-19 05:25:00+08:00,0.2247,0.22473,0.22458,0.22458,111846,25124.62586
2025-08-19 05:26:00+08:00,0.22458,0.22499,0.22458,0.22492,177690,39940.0312
2025-08-19 05:27:00+08:00,0.22492,0.2251,0.22488,0.22508,88362,19882.62602
2025-08-19 05:28:00+08:00,0.22508,0.22508,0.22483,0.22495,256092,57585.1065
2025-08-19 05:29:00+08:00,0.22495,0.225,0.22495,0.22498,70856,15940.31634
2025-08-19 05:30:00+08:00,0.22498,0.22509,0.22489,0.22503,198100,44567.13328
2025-08-19 05:31:00+08:00,0.22503,0.22503,0.22462,0.22475,427614,96081.96732
2025-08-19 05:32:00+08:00,0.22475,0.22476,0.22463,0.2247,312858,70307.62462
2025-08-19 05:33:00+08:00,0.2247,0.2247,0.22457,0.22459,6668,1497.60548
2025-08-19 05:34:00+08:00,0.22459,0.22476,0.22459,0.22476,30428,6838.17292
2025-08-19 05:35:00+08:00,0.22476,0.22477,0.22447,0.22447,166160,37323.8106
2025-08-19 05:36:00+08:00,0.22447,0.2245,0.22418,0.22425,618612,138709.58898
2025-08-19 05:37:00+08:00,0.22425,0.22445,0.22422,0.2244,323840,72677.18164
2025-08-19 05:38:00+08:00,0.2244,0.22441,0.22417,0.22438,254968,57196.21222
2025-08-19 05:39:00+08:00,0.22438,0.22457,0.22438,0.22456,207026,46481.51384
2025-08-19 05:40:00+08:00,0.22456,0.22461,0.22448,0.22455,75338,16917.84872
2025-08-19 05:41:00+08:00,0.22455,0.22455,0.22429,0.22429,121788,27330.63532
2025-08-19 05:42:00+08:00,0.22429,0.22432,0.22423,0.22425,220132,49364.38646
2025-08-19 05:43:00+08:00,0.22425,0.22425,0.22408,0.22408,1833246,410922.07786
2025-08-19 05:44:00+08:00,0.22408,0.22413,0.22406,0.22407,803202,179978.4538
2025-08-19 05:45:00+08:00,0.22407,0.22407,0.22404,0.22404,37124,8317.88384
2025-08-19 05:46:00+08:00,0.22404,0.22409,0.22404,0.22409,529618,118669.49428
2025-08-19 05:47:00+08:00,0.22409,0.22424,0.22409,0.22422,181146,40618.43044
2025-08-19 05:48:00+08:00,0.22422,0.22422,0.22417,0.22418,46810,10493.9614
2025-08-19 05:49:00+08:00,0.22418,0.22434,0.22418,0.22434,638686,143243.3611
2025-08-19 05:50:00+08:00,0.22434,0.22443,0.2243,0.22443,360048,80774.541
2025-08-19 05:51:00+08:00,0.22443,0.22443,0.2243,0.2243,284930,63932.4675
2025-08-19 05:52:00+08:00,0.2243,0.22432,0.2243,0.22431,70152,15735.81512
2025-08-19 05:53:00+08:00,0.22431,0.22445,0.22431,0.22445,261062,58562.67684
2025-08-19 05:54:00+08:00,0.22445,0.2247,0.22444,0.2247,182066,40880.38226
2025-08-19 05:55:00+08:00,0.2247,0.2248,0.22469,0.2248,121108,27215.541
2025-08-19 05:56:00+08:00,0.2248,0.22519,0.22476,0.22517,1060694,238803.3248
2025-08-19 05:57:00+08:00,0.22517,0.22543,0.22517,0.22543,1844508,415593.62936
2025-08-19 05:58:00+08:00,0.22543,0.22546,0.22512,0.22513,537438,121016.54648
2025-08-19 05:59:00+08:00,0.22513,0.22513,0.22488,0.22496,927244,208559.41852
2025-08-19 06:00:00+08:00,0.22496,0.22532,0.22487,0.22502,1354134,304781.4423
2025-08-19 06:01:00+08:00,0.22502,0.22541,0.225,0.2253,297460,66997.00902
2025-08-19 06:02:00+08:00,0.2253,0.2256,0.2253,0.22548,1347294,303819.43144
2025-08-19 06:03:00+08:00,0.22548,0.22581,0.22543,0.22564,926058,209006.74024
2025-08-19 06:04:00+08:00,0.22564,0.226,0.22564,0.22598,924380,208726.79696
2025-08-19 06:05:00+08:00,0.22598,0.22619,0.22587,0.226,3661072,827715.4079
2025-08-19 06:06:00+08:00,0.226,0.22629,0.22599,0.22628,1541204,348492.18892
2025-08-19 06:07:00+08:00,0.22628,0.22643,0.22611,0.22615,1017444,230247.5368
2025-08-19 06:08:00+08:00,0.22615,0.22621,0.22605,0.22605,238934,54041.13792
2025-08-19 06:09:00+08:00,0.22605,0.22647,0.22602,0.22645,556294,125931.90722
2025-08-19 06:10:00+08:00,0.22645,0.22649,0.22632,0.22649,868366,196626.17524
2025-08-19 06:11:00+08:00,0.22649,0.22654,0.22645,0.22645,321896,72913.31748
2025-08-19 06:12:00+08:00,0.22645,0.22647,0.22637,0.22638,463476,104930.62464
2025-08-19 06:13:00+08:00,0.22638,0.22647,0.22627,0.22629,187284,42400.17034
2025-08-19 06:14:00+08:00,0.22629,0.22647,0.22629,0.22647,722672,163562.47344
2025-08-19 06:15:00+08:00,0.22647,0.22673,0.22647,0.22671,698934,158419.66994
2025-08-19 06:16:00+08:00,0.22671,0.22675,0.22661,0.22663,998196,226306.2803
2025-08-19 06:17:00+08:00,0.22663,0.22671,0.22655,0.22656,12292,2785.40794
2025-08-19 06:18:00+08:00,0.22656,0.22656,0.22629,0.22631,1877806,425126.87168
2025-08-19 06:19:00+08:00,0.22631,0.2265,0.22618,0.22649,1711226,387425.0547
2025-08-19 06:20:00+08:00,0.22649,0.2267,0.22649,0.22659,198824,45057.68808
2025-08-19 06:21:00+08:00,0.22659,0.2266,0.22649,0.22657,125558,28446.02868
2025-08-19 06:22:00+08:00,0.22657,0.22678,0.22651,0.22673,900212,204112.37412
2025-08-19 06:23:00+08:00,0.22673,0.22683,0.22666,0.22682,408092,92553.04276
2025-08-19 06:24:00+08:00,0.22682,0.22696,0.22681,0.22682,4358976,989100.24624
2025-08-19 06:25:00+08:00,0.22682,0.22682,0.22666,0.22666,120222,27260.67404
2025-08-19 06:26:00+08:00,0.22666,0.22675,0.22665,0.22666,262988,59625.29252
2025-08-19 06:27:00+08:00,0.22666,0.22676,0.22666,0.22671,838600,190116.4765
2025-08-19 06:28:00+08:00,0.22671,0.22684,0.22671,0.22683,143904,32638.54754
2025-08-19 06:29:00+08:00,0.22683,0.22683,0.22663,0.22668,1183768,268338.6015
2025-08-19 06:30:00+08:00,0.22668,0.22683,0.22654,0.22654,627610,142220.36576
2025-08-19 06:31:00+08:00,0.22654,0.22655,0.22643,0.22648,447808,101427.69122
2025-08-19 06:32:00+08:00,0.22648,0.22664,0.22642,0.22661,359850,81530.53762
2025-08-19 06:33:00+08:00,0.22661,0.2268,0.2265,0.22666,413140,93638.28778
2025-08-19 06:34:00+08:00,0.22666,0.22676,0.22664,0.22675,263936,59846.96456
2025-08-19 06:35:00+08:00,0.22675,0.2268,0.22651,0.22663,868296,196782.81504
2025-08-19 06:36:00+08:00,0.22663,0.22669,0.22663,0.22669,453736,102841.3664
2025-08-19 06:37:00+08:00,0.22669,0.22669,0.22637,0.22639,178854,40499.1981
2025-08-19 06:38:00+08:00,0.22639,0.22644,0.22625,0.22641,537170,121561.62356
2025-08-19 06:39:00+08:00,0.22641,0.22647,0.2262,0.22626,2615710,592179.22084
2025-08-19 06:40:00+08:00,0.22626,0.22631,0.22607,0.22608,330512,74751.61392
2025-08-19 06:41:00+08:00,0.22608,0.22621,0.22608,0.22614,427090,96585.947
2025-08-19 06:42:00+08:00,0.22614,0.22614,0.22584,0.22595,2886092,652413.74802
2025-08-19 06:43:00+08:00,0.22595,0.22614,0.22591,0.22608,128354,29018.6387
2025-08-19 06:44:00+08:00,0.22608,0.22621,0.22605,0.22605,881758,199379.68372
2025-08-19 06:45:00+08:00,0.22605,0.22627,0.22591,0.22591,1865180,421777.96564
2025-08-19 06:46:00+08:00,0.22591,0.22602,0.22583,0.22583,228332,51585.2653
2025-08-19 06:47:00+08:00,0.22583,0.22586,0.22548,0.22548,14824996,3346302.14386
2025-08-19 06:48:00+08:00,0.22548,0.22562,0.22547,0.22553,813950,183587.4048
2025-08-19 06:49:00+08:00,0.22553,0.22578,0.22553,0.22568,742488,167522.85096
2025-08-19 06:50:00+08:00,0.22568,0.22569,0.22545,0.22548,2411246,543829.40856
2025-08-19 06:51:00+08:00,0.22548,0.22556,0.22527,0.22531,821938,185232.38234
2025-08-19 06:52:00+08:00,0.22531,0.2255,0.22531,0.2254,1100626,248098.26056
2025-08-19 06:53:00+08:00,0.2254,0.22544,0.22523,0.22524,81016,18255.34262
2025-08-19 06:54:00+08:00,0.22524,0.22526,0.22505,0.22505,63412,14280.63342
2025-08-19 06:55:00+08:00,0.22505,0.22505,0.22472,0.22472,1654504,372102.61458
2025-08-19 06:56:00+08:00,0.22472,0.22485,0.22453,0.22455,2296510,516137.49846
2025-08-19 06:57:00+08:00,0.22455,0.22463,0.22438,0.22451,1084766,243574.28458
2025-08-19 06:58:00+08:00,0.22451,0.22477,0.22451,0.22477,921862,207095.47696
2025-08-19 06:59:00+08:00,0.22477,0.22477,0.22446,0.2246,2235380,502174.00432
2025-08-19 07:00:00+08:00,0.2246,0.2247,0.22451,0.22452,523822,117657.96242
2025-08-19 07:01:00+08:00,0.22452,0.22477,0.22452,0.22476,2573036,578282.85864
2025-08-19 07:02:00+08:00,0.22476,0.22493,0.22466,0.22491,748568,168300.91048
2025-08-19 07:03:00+08:00,0.22491,0.225,0.22484,0.22489,649600,146094.68164
2025-08-19 07:04:00+08:00,0.22489,0.22508,0.22488,0.22495,197154,44359.59044
2025-08-19 07:05:00+08:00,0.22495,0.22512,0.22492,0.22508,339232,76314.64226
2025-08-19 07:06:00+08:00,0.22508,0.22512,0.22499,0.225,130062,29269.81886
2025-08-19 07:07:00+08:00,0.225,0.225,0.22473,0.22473,303272,68220.444
2025-08-19 07:08:00+08:00,0.22473,0.22483,0.22469,0.22472,302522,67998.45982
2025-08-19 07:09:00+08:00,0.22472,0.22482,0.22465,0.22478,353842,79506.54826
2025-08-19 07:10:00+08:00,0.22478,0.22482,0.22471,0.22471,366248,82320.44678
2025-08-19 07:11:00+08:00,0.22471,0.22474,0.22468,0.22468,189670,42624.62868
2025-08-19 07:12:00+08:00,0.22468,0.22468,0.22449,0.22452,223964,50302.87558
2025-08-19 07:13:00+08:00,0.22452,0.2247,0.22452,0.22456,1021888,229518.39358
2025-08-19 07:14:00+08:00,0.22456,0.22458,0.22439,0.2244,437128,98135.08902
2025-08-19 07:15:00+08:00,0.2244,0.22444,0.22426,0.22427,526550,118128.99266
2025-08-19 07:16:00+08:00,0.22427,0.22441,0.22422,0.22436,177860,39888.91444
2025-08-19 07:17:00+08:00,0.22436,0.22441,0.22407,0.22407,4136124,927522.39944
2025-08-19 07:18:00+08:00,0.22407,0.22412,0.22395,0.22395,1243672,278630.1985
2025-08-19 07:19:00+08:00,0.22395,0.22397,0.22373,0.22379,7276458,1628330.93
2025-08-19 07:20:00+08:00,0.22379,0.2238,0.22369,0.22379,4716028,1055115.7346
2025-08-19 07:21:00+08:00,0.22379,0.22379,0.2236,0.22375,1466288,327951.45832
2025-08-19 07:22:00+08:00,0.22375,0.22397,0.22346,0.22388,3687442,824506.59628
2025-08-19 07:23:00+08:00,0.22388,0.2239,0.22383,0.22389,660860,147933.70004
2025-08-19 07:24:00+08:00,0.22389,0.22393,0.22372,0.22376,321444,71932.68412
2025-08-19 07:25:00+08:00,0.22376,0.22397,0.22376,0.22395,276658,61931.10024
2025-08-19 07:26:00+08:00,0.22395,0.22397,0.2239,0.22397,192948,43206.46434
2025-08-19 07:27:00+08:00,0.22397,0.22397,0.22389,0.2239,190210,42591.71654
2025-08-19 07:28:00+08:00,0.2239,0.2239,0.22353,0.22353,332178,74283.94114
2025-08-19 07:29:00+08:00,0.22353,0.22358,0.22348,0.22358,119814,26779.8756
2025-08-19 07:30:00+08:00,0.22358,0.22384,0.22357,0.22363,424716,94998.39806
2025-08-19 07:31:00+08:00,0.22363,0.22371,0.2236,0.2236,86196,19276.10464
2025-08-19 07:32:00+08:00,0.2236,0.22362,0.22336,0.22336,374752,83752.97736
2025-08-19 07:33:00+08:00,0.22336,0.22352,0.22334,0.22334,145638,32544.3635
2025-08-19 07:34:00+08:00,0.22334,0.2234,0.22304,0.22307,1190304,265674.43656
2025-08-19 07:35:00+08:00,0.22307,0.22313,0.22296,0.22306,1545556,344694.6563
2025-08-19 07:36:00+08:00,0.22306,0.22324,0.22305,0.22315,53906,12029.4588
2025-08-19 07:37:00+08:00,0.22315,0.22315,0.22259,0.22273,907834,202194.38016
2025-08-19 07:38:00+08:00,0.22273,0.22287,0.22245,0.22256,1775614,395301.85606
2025-08-19 07:39:00+08:00,0.22256,0.2226,0.22238,0.22248,318032,70746.76844
2025-08-19 07:40:00+08:00,0.22248,0.22262,0.22248,0.22262,660836,147067.91476
2025-08-19 07:41:00+08:00,0.22262,0.22263,0.22256,0.22263,366524,81589.21724
2025-08-19 07:42:00+08:00,0.22263,0.22266,0.22226,0.22245,550622,122485.99616
2025-08-19 07:43:00+08:00,0.22245,0.22245,0.22218,0.22232,1727536,383870.07306
2025-08-19 07:44:00+08:00,0.22232,0.22241,0.22217,0.22241,511906,113777.67618
2025-08-19 07:45:00+08:00,0.22241,0.22245,0.22227,0.22229,265734,59104.78474
2025-08-19 07:46:00+08:00,0.22229,0.2223,0.22214,0.22215,133486,29659.45252
2025-08-19 07:47:00+08:00,0.22215,0.22222,0.22204,0.2221,941784,209152.9854
2025-08-19 07:48:00+08:00,0.2221,0.22227,0.22184,0.22194,2459522,545822.57662
2025-08-19 07:49:00+08:00,0.22194,0.22194,0.22173,0.22186,598848,132832.50994
2025-08-19 07:50:00+08:00,0.22186,0.2223,0.2218,0.22226,533556,118437.79446
2025-08-19 07:51:00+08:00,0.22226,0.22236,0.22219,0.2223,311540,69257.79872
2025-08-19 07:52:00+08:00,0.2223,0.22253,0.2223,0.22253,236210,52552.41786
2025-08-19 07:53:00+08:00,0.22253,0.22255,0.22233,0.22233,540704,120304.28156
2025-08-19 07:54:00+08:00,0.22233,0.22242,0.22233,0.22242,137812,30648.24946
2025-08-19 07:55:00+08:00,0.22242,0.22242,0.22233,0.22233,13516,3005.95374
2025-08-19 07:56:00+08:00,0.22233,0.22237,0.22221,0.22228,111232,24726.5158
2025-08-19 07:57:00+08:00,0.22228,0.22242,0.22228,0.22236,44556,9907.41414
2025-08-19 07:58:00+08:00,0.22236,0.22236,0.2222,0.2223,306118,68027.9236
2025-08-19 07:59:00+08:00,0.2223,0.22261,0.22229,0.22261,1902738,423245.95534
2025-08-19 08:00:00+08:00,0.22261,0.22275,0.22255,0.22263,13537686,3013742.88658
2025-08-19 08:01:00+08:00,0.22263,0.22263,0.22228,0.22242,136302,30318.65944
2025-08-19 08:02:00+08:00,0.22242,0.2227,0.2223,0.2227,337104,75026.5732
2025-08-19 08:03:00+08:00,0.2227,0.22297,0.2227,0.22295,2113732,471084.73668
2025-08-19 08:04:00+08:00,0.22295,0.22295,0.22272,0.22279,61788,13764.12996
2025-08-19 08:05:00+08:00,0.22279,0.22296,0.22279,0.22285,83164,18535.59078
2025-08-19 08:06:00+08:00,0.22285,0.22285,0.22277,0.22283,89816,20012.88588
2025-08-19 08:07:00+08:00,0.22283,0.22313,0.22283,0.22299,762038,169974.01482
2025-08-19 08:08:00+08:00,0.22299,0.22299,0.2229,0.22292,77876,17360.74302
2025-08-19 08:09:00+08:00,0.22292,0.22313,0.22292,0.22313,170638,38055.31534
2025-08-19 08:10:00+08:00,0.22313,0.22329,0.22311,0.22324,538502,120207.08498
2025-08-19 08:11:00+08:00,0.22324,0.22324,0.22298,0.22303,488726,109021.03576
2025-08-19 08:12:00+08:00,0.22303,0.22326,0.22303,0.22326,117508,26226.43748
2025-08-19 08:13:00+08:00,0.22326,0.22327,0.22317,0.22317,56586,12630.87982
2025-08-19 08:14:00+08:00,0.22317,0.22324,0.22315,0.2232,179974,40164.96376
2025-08-19 08:15:00+08:00,0.2232,0.2232,0.22285,0.22288,1707780,380734.82114
2025-08-19 08:16:00+08:00,0.22288,0.22336,0.22288,0.22336,6885500,1536029.09414
2025-08-19 08:17:00+08:00,0.22336,0.22346,0.22329,0.22338,426804,95357.00054
2025-08-19 08:18:00+08:00,0.22338,0.22338,0.22316,0.22326,71802,16029.1631
2025-08-19 08:19:00+08:00,0.22326,0.22334,0.22314,0.22327,20600,4599.25714
2025-08-19 08:20:00+08:00,0.22327,0.22327,0.22313,0.22313,178166,39761.79446
2025-08-19 08:21:00+08:00,0.22313,0.22328,0.22308,0.22308,117212,26152.6448
2025-08-19 08:22:00+08:00,0.22308,0.22315,0.22197,0.22198,3552552,790763.00742
2025-08-19 08:23:00+08:00,0.22198,0.2226,0.22169,0.22247,8827220,1960060.02214
2025-08-19 08:24:00+08:00,0.22247,0.22247,0.22225,0.22237,407544,90627.88262
2025-08-19 08:25:00+08:00,0.22237,0.22241,0.2215,0.22153,6209636,1377607.52714
2025-08-19 08:26:00+08:00,0.22153,0.22197,0.22153,0.22186,1854436,411461.88226
2025-08-19 08:27:00+08:00,0.22186,0.22198,0.22183,0.22188,537296,119219.5292
2025-08-19 08:28:00+08:00,0.22188,0.22209,0.22168,0.22171,1369650,303979.27418
2025-08-19 08:29:00+08:00,0.22171,0.22174,0.22127,0.22127,3215374,712162.39338
2025-08-19 08:30:00+08:00,0.22127,0.22154,0.22092,0.22092,2610254,577350.95764
2025-08-19 08:31:00+08:00,0.22092,0.22101,0.21954,0.21963,39302110,8659377.5026
2025-08-19 08:32:00+08:00,0.21963,0.2211,0.21915,0.22071,9436710,2077265.72162
2025-08-19 08:33:00+08:00,0.22071,0.2208,0.2202,0.22032,2317326,511174.27374
2025-08-19 08:34:00+08:00,0.22032,0.22187,0.22032,0.22182,2909888,643910.89404
2025-08-19 08:35:00+08:00,0.22182,0.22248,0.22172,0.22248,12610248,2798575.7986
2025-08-19 08:36:00+08:00,0.22248,0.22261,0.22197,0.22206,1343880,298838.51086
2025-08-19 08:37:00+08:00,0.22206,0.22258,0.22202,0.22248,429282,95429.64084
2025-08-19 08:38:00+08:00,0.22248,0.22249,0.22227,0.22228,355446,79035.31334
2025-08-19 08:39:00+08:00,0.22228,0.22228,0.22203,0.22206,1623478,360641.91644
2025-08-19 08:40:00+08:00,0.22206,0.22247,0.22206,0.22236,2303926,512376.36014
2025-08-19 08:41:00+08:00,0.22236,0.22246,0.22187,0.222,2461740,547053.66064
2025-08-19 08:42:00+08:00,0.222,0.22219,0.22199,0.22204,1667758,370394.45384
2025-08-19 08:43:00+08:00,0.22204,0.22204,0.2218,0.22182,762046,169133.78446
2025-08-19 08:44:00+08:00,0.22182,0.22254,0.22182,0.22217,2119658,471291.58536
2025-08-19 08:45:00+08:00,0.22217,0.22303,0.22207,0.22303,2442908,543885.85066
2025-08-19 08:46:00+08:00,0.22303,0.2236,0.22289,0.22346,3766282,841111.12978
2025-08-19 08:47:00+08:00,0.22346,0.2241,0.22346,0.22406,1955234,437285.00876
2025-08-19 08:48:00+08:00,0.22406,0.22432,0.224,0.22426,3594978,805808.15272
2025-08-19 08:49:00+08:00,0.22426,0.22426,0.22382,0.224,435314,97497.11622
2025-08-19 08:50:00+08:00,0.224,0.22466,0.224,0.22457,2088274,468804.65832
2025-08-19 08:51:00+08:00,0.22457,0.22461,0.2243,0.22461,1911558,429192.85258
2025-08-19 08:52:00+08:00,0.22461,0.22461,0.22416,0.22438,1134136,254369.2788
2025-08-19 08:53:00+08:00,0.22438,0.2246,0.22437,0.2246,539624,121139.52668
2025-08-19 08:54:00+08:00,0.2246,0.2246,0.22426,0.22435,912038,204681.77994
2025-08-19 08:55:00+08:00,0.22435,0.22458,0.22423,0.22447,1653848,371129.2097
2025-08-19 08:56:00+08:00,0.22447,0.22476,0.22447,0.22469,1164774,261689.74184
2025-08-19 08:57:00+08:00,0.22469,0.22474,0.22451,0.22451,192998,43342.04818
2025-08-19 08:58:00+08:00,0.22451,0.22455,0.22437,0.22447,1020388,229026.25878
2025-08-19 08:59:00+08:00,0.22447,0.22485,0.22439,0.22477,5605474,1259093.6743
2025-08-19 09:00:00+08:00,0.22477,0.2249,0.22456,0.22469,14129496,3174299.59202
2025-08-19 09:01:00+08:00,0.22469,0.22519,0.22469,0.22519,15522974,3494072.86888
2025-08-19 09:02:00+08:00,0.22519,0.2252,0.22492,0.22515,9446120,2125489.5509
2025-08-19 09:03:00+08:00,0.22515,0.22553,0.22513,0.22553,1060736,239063.33388
2025-08-19 09:04:00+08:00,0.22553,0.22564,0.22544,0.22558,766908,172990.38302
2025-08-19 09:05:00+08:00,0.22558,0.22565,0.22539,0.22561,1595030,359676.46458
2025-08-19 09:06:00+08:00,0.22561,0.2257,0.22496,0.22516,4120116,928317.96696
2025-08-19 09:07:00+08:00,0.22516,0.22547,0.22513,0.22545,1674856,377245.13544
2025-08-19 09:08:00+08:00,0.22545,0.22545,0.22485,0.22485,849272,191217.6924
2025-08-19 09:09:00+08:00,0.22485,0.22499,0.22459,0.2246,1542122,346508.09154
2025-08-19 09:10:00+08:00,0.2246,0.22486,0.2245,0.22466,1255118,281946.60884
2025-08-19 09:11:00+08:00,0.22466,0.22479,0.22465,0.22479,616522,138560.6018
2025-08-19 09:12:00+08:00,0.22479,0.22479,0.22459,0.2246,1212008,272258.8672
2025-08-19 09:13:00+08:00,0.2246,0.22473,0.22446,0.22464,2096258,470725.71308
2025-08-19 09:14:00+08:00,0.22464,0.22464,0.22414,0.22419,178958,40144.25086
2025-08-19 09:15:00+08:00,0.22419,0.22443,0.22419,0.22443,1766982,396405.48856
2025-08-19 09:16:00+08:00,0.22443,0.22469,0.22441,0.22449,427256,95934.6038
2025-08-19 09:17:00+08:00,0.22449,0.22461,0.22441,0.22441,867656,194746.71706
2025-08-19 09:18:00+08:00,0.22441,0.22444,0.22432,0.22442,277674,62303.90216
2025-08-19 09:19:00+08:00,0.22442,0.22442,0.22381,0.22381,1721724,385785.456
2025-08-19 09:20:00+08:00,0.22381,0.22401,0.22381,0.22399,650140,145559.68556
2025-08-19 09:21:00+08:00,0.22399,0.22408,0.22391,0.22395,366510,82105.68124
2025-08-19 09:22:00+08:00,0.22395,0.22395,0.22365,0.2237,292838,65521.75602
2025-08-19 09:23:00+08:00,0.2237,0.22378,0.22363,0.22371,154854,34647.58654
2025-08-19 09:24:00+08:00,0.22371,0.22379,0.22359,0.2237,174440,39014.35266
2025-08-19 09:25:00+08:00,0.2237,0.22398,0.2237,0.22382,332938,74526.62024
2025-08-19 09:26:00+08:00,0.22382,0.22389,0.22369,0.22379,76060,17019.98948
2025-08-19 09:27:00+08:00,0.22379,0.22379,0.22351,0.22356,12590872,2814983.69266
2025-08-19 09:28:00+08:00,0.22356,0.22358,0.22331,0.22331,6825326,1524579.55302
2025-08-19 09:29:00+08:00,0.22331,0.2235,0.22318,0.22318,840054,187666.52532
2025-08-19 09:30:00+08:00,0.22318,0.22318,0.22236,0.22241,3512104,783035.2706
2025-08-19 09:31:00+08:00,0.22241,0.22252,0.22234,0.22243,798658,177631.2624
2025-08-19 09:32:00+08:00,0.22243,0.22264,0.22243,0.22253,589400,131174.5765
2025-08-19 09:33:00+08:00,0.22253,0.2226,0.22212,0.22212,621306,138156.38812
2025-08-19 09:34:00+08:00,0.22212,0.22249,0.22212,0.22227,128630,28605.38266
2025-08-19 09:35:00+08:00,0.22227,0.22237,0.22216,0.22216,649120,144250.79212
2025-08-19 09:36:00+08:00,0.22216,0.22243,0.22201,0.22208,426616,94785.53064
2025-08-19 09:37:00+08:00,0.22208,0.22236,0.22208,0.22234,506498,112592.82888
2025-08-19 09:38:00+08:00,0.22234,0.22242,0.22212,0.22212,168044,37332.87448
2025-08-19 09:39:00+08:00,0.22212,0.22261,0.22208,0.22237,629460,139992.45826
2025-08-19 09:40:00+08:00,0.22237,0.22248,0.22229,0.22229,279562,62159.09406
2025-08-19 09:41:00+08:00,0.22229,0.22233,0.2221,0.22212,399942,88835.14692
2025-08-19 09:42:00+08:00,0.22212,0.22227,0.22212,0.22221,719852,159949.85412
2025-08-19 09:43:00+08:00,0.22221,0.22229,0.22191,0.22191,324784,72133.29746
2025-08-19 09:44:00+08:00,0.22191,0.22204,0.22183,0.22191,217948,48355.84136
2025-08-19 09:45:00+08:00,0.22191,0.22218,0.22191,0.22202,79062,17559.20034
2025-08-19 09:46:00+08:00,0.22202,0.22221,0.22182,0.22189,141262,31356.80068
2025-08-19 09:47:00+08:00,0.22189,0.22202,0.22146,0.22148,1366510,302976.457
2025-08-19 09:48:00+08:00,0.22148,0.22171,0.22148,0.22151,576228,127663.66822
2025-08-19 09:49:00+08:00,0.22151,0.22186,0.22151,0.22186,244276,54171.82684
2025-08-19 09:50:00+08:00,0.22186,0.22186,0.22134,0.2214,407938,90344.3555
2025-08-19 09:51:00+08:00,0.2214,0.22168,0.22126,0.22165,391178,86615.4495
2025-08-19 09:52:00+08:00,0.22165,0.22165,0.22124,0.22138,727370,161011.38056
2025-08-19 09:53:00+08:00,0.22138,0.22154,0.22129,0.22154,246976,54670.7055
2025-08-19 09:54:00+08:00,0.22154,0.22172,0.22141,0.22168,759444,168344.482
2025-08-19 09:55:00+08:00,0.22168,0.22208,0.22164,0.22185,1237652,274598.05464
2025-08-19 09:56:00+08:00,0.22185,0.22185,0.22162,0.22174,103802,23012.49886
2025-08-19 09:57:00+08:00,0.22174,0.2219,0.22174,0.22182,1005334,222963.19176
2025-08-19 09:58:00+08:00,0.22182,0.22194,0.2217,0.2217,129978,28845.3561
2025-08-19 09:59:00+08:00,0.2217,0.22191,0.22161,0.22191,162144,35944.0309
2025-08-19 10:00:00+08:00,0.22191,0.22195,0.2217,0.22173,327034,72550.4448
2025-08-19 10:01:00+08:00,0.22173,0.22173,0.22141,0.2215,914410,202597.07744
2025-08-19 10:02:00+08:00,0.2215,0.22194,0.22148,0.22148,1012770,224452.48864
2025-08-19 10:03:00+08:00,0.22148,0.22168,0.22135,0.22145,3720282,823599.51134
2025-08-19 10:04:00+08:00,0.22145,0.22145,0.22115,0.22124,1378932,305153.58198
2025-08-19 10:05:00+08:00,0.22124,0.22137,0.22112,0.22114,202986,44911.92896
2025-08-19 10:06:00+08:00,0.22114,0.2213,0.22107,0.2212,1120348,247770.40434
2025-08-19 10:07:00+08:00,0.2212,0.22139,0.2212,0.22138,407788,90256.46298
2025-08-19 10:08:00+08:00,0.22138,0.2214,0.22122,0.2213,187162,41419.85168
2025-08-19 10:09:00+08:00,0.2213,0.22131,0.22113,0.22122,231376,51184.42624
2025-08-19 10:10:00+08:00,0.22122,0.22156,0.22122,0.22122,305544,67649.24874
2025-08-19 10:11:00+08:00,0.22122,0.22134,0.22117,0.22132,82656,18291.1867
2025-08-19 10:12:00+08:00,0.22132,0.22187,0.22132,0.22187,1866462,413626.01244
2025-08-19 10:13:00+08:00,0.22187,0.22189,0.22171,0.22184,1287906,285675.36858
2025-08-19 10:14:00+08:00,0.22184,0.22184,0.22161,0.22167,274394,60828.11546
2025-08-19 10:15:00+08:00,0.22167,0.22192,0.22157,0.22188,441650,97947.10868
2025-08-19 10:16:00+08:00,0.22188,0.22193,0.22173,0.22179,175872,39009.42072
2025-08-19 10:17:00+08:00,0.22179,0.22179,0.22121,0.22125,219154,48544.713
2025-08-19 10:18:00+08:00,0.22125,0.22129,0.22072,0.22072,3920468,866376.53558
2025-08-19 10:19:00+08:00,0.22072,0.22104,0.22066,0.22091,416852,92092.68508
2025-08-19 10:20:00+08:00,0.22091,0.221,0.22085,0.22096,37210,8221.07186
2025-08-19 10:21:00+08:00,0.22096,0.22099,0.22071,0.22071,444650,98251.9269
2025-08-19 10:22:00+08:00,0.22071,0.22109,0.22061,0.22098,225106,49678.60196
2025-08-19 10:23:00+08:00,0.22098,0.22108,0.22088,0.22106,338856,74867.85778
2025-08-19 10:24:00+08:00,0.22106,0.22127,0.22106,0.22108,80420,17789.69368
2025-08-19 10:25:00+08:00,0.22108,0.22139,0.22108,0.22127,184754,40857.4522
2025-08-19 10:26:00+08:00,0.22127,0.22148,0.22112,0.22148,76324,16893.68858
2025-08-19 10:27:00+08:00,0.22148,0.22182,0.22147,0.22182,839628,186090.97254
2025-08-19 10:28:00+08:00,0.22182,0.22185,0.22155,0.22157,185796,41178.15946
2025-08-19 10:29:00+08:00,0.22157,0.22167,0.22157,0.2216,253920,56273.19558
2025-08-19 10:30:00+08:00,0.2216,0.22212,0.22153,0.22206,916142,203417.56488
2025-08-19 10:31:00+08:00,0.22206,0.22206,0.22187,0.22201,300912,66771.51054
2025-08-19 10:32:00+08:00,0.22201,0.22201,0.22174,0.22185,1047390,232378.1822
2025-08-19 10:33:00+08:00,0.22185,0.22185,0.22152,0.22157,13238,2934.13732
2025-08-19 10:34:00+08:00,0.22157,0.22175,0.22122,0.22122,453782,100471.28688
2025-08-19 10:35:00+08:00,0.22122,0.22137,0.22103,0.22127,478304,105781.25328
2025-08-19 10:36:00+08:00,0.22127,0.22157,0.22127,0.22141,255208,56512.26666
2025-08-19 10:37:00+08:00,0.22141,0.22179,0.22141,0.22179,111500,24715.82468
2025-08-19 10:38:00+08:00,0.22179,0.22179,0.2216,0.2216,120216,26656.97402
2025-08-19 10:39:00+08:00,0.2216,0.22198,0.2216,0.22197,99268,22029.60774
2025-08-19 10:40:00+08:00,0.22197,0.22207,0.22185,0.22203,92342,20495.26706
2025-08-19 10:41:00+08:00,0.22203,0.22238,0.22203,0.22235,1123094,249585.98118
2025-08-19 10:42:00+08:00,0.22235,0.22235,0.22202,0.22205,203700,45253.38674
2025-08-19 10:43:00+08:00,0.22205,0.22214,0.22181,0.22183,129178,28679.82914
2025-08-19 10:44:00+08:00,0.22183,0.22187,0.22149,0.22156,404306,89601.74108
2025-08-19 10:45:00+08:00,0.22156,0.2217,0.22135,0.22167,223654,49536.61178
2025-08-19 10:46:00+08:00,0.22167,0.22175,0.22146,0.22168,6082664,1348003.94212
2025-08-19 10:47:00+08:00,0.22168,0.22168,0.22144,0.22164,175150,38796.53404
2025-08-19 10:48:00+08:00,0.22164,0.22165,0.22144,0.22161,150804,33417.81286
2025-08-19 10:49:00+08:00,0.22161,0.22194,0.22161,0.22194,98078,21761.759
2025-08-19 10:50:00+08:00,0.22194,0.22205,0.22181,0.22202,722038,160269.69304
2025-08-19 10:51:00+08:00,0.22202,0.22245,0.22202,0.22236,470570,104558.88104
2025-08-19 10:52:00+08:00,0.22236,0.22236,0.22208,0.22219,322598,71678.76508
2025-08-19 10:53:00+08:00,0.22219,0.22219,0.22166,0.22177,1450578,321856.96556
2025-08-19 10:54:00+08:00,0.22177,0.22181,0.22158,0.2216,192252,42622.21968
2025-08-19 10:55:00+08:00,0.2216,0.22165,0.22145,0.22158,1044614,231439.50742
2025-08-19 10:56:00+08:00,0.22158,0.2216,0.22129,0.22129,109036,24149.13468
2025-08-19 10:57:00+08:00,0.22129,0.22129,0.221,0.221,495278,109518.07638
2025-08-19 10:58:00+08:00,0.221,0.22105,0.2207,0.22099,1461490,322796.4715
2025-08-19 10:59:00+08:00,0.22099,0.22106,0.22085,0.22093,407466,90027.98422
2025-08-19 11:00:00+08:00,0.22093,0.22106,0.22039,0.22039,2709168,597567.7947
2025-08-19 11:01:00+08:00,0.22039,0.2209,0.22028,0.22059,5101292,1125340.49024
2025-08-19 11:02:00+08:00,0.22059,0.22073,0.22041,0.22052,917520,202362.572
2025-08-19 11:03:00+08:00,0.22052,0.22057,0.22036,0.22057,660062,145494.13974
2025-08-19 11:04:00+08:00,0.22057,0.22057,0.22034,0.22044,519112,114415.29602
2025-08-19 11:05:00+08:00,0.22044,0.22044,0.2195,0.2195,4828652,1061812.13264
2025-08-19 11:06:00+08:00,0.2195,0.22035,0.21936,0.21988,4694098,1031427.71122
2025-08-19 11:07:00+08:00,0.21988,0.22015,0.21988,0.22006,742816,163404.43494
2025-08-19 11:08:00+08:00,0.22006,0.22013,0.21978,0.22009,805386,177102.07708
2025-08-19 11:09:00+08:00,0.22009,0.22027,0.21987,0.22,896118,197218.18736
2025-08-19 11:10:00+08:00,0.22,0.22009,0.21987,0.22009,994482,218798.62682
2025-08-19 11:11:00+08:00,0.22009,0.22048,0.22009,0.22024,1534774,338080.59906
2025-08-19 11:12:00+08:00,0.22024,0.22037,0.22012,0.22037,427114,94056.68722
2025-08-19 11:13:00+08:00,0.22037,0.22051,0.2202,0.22026,437204,96362.5904
2025-08-19 11:14:00+08:00,0.22026,0.22046,0.22026,0.2204,260146,57344.46428
2025-08-19 11:15:00+08:00,0.2204,0.22068,0.22028,0.22028,634374,139881.69202
2025-08-19 11:16:00+08:00,0.22028,0.22033,0.21995,0.21997,1046856,230411.37498
2025-08-19 11:17:00+08:00,0.21997,0.22028,0.21997,0.22016,899636,198009.77906
2025-08-19 11:18:00+08:00,0.22016,0.22048,0.22016,0.22043,783654,172662.2491
2025-08-19 11:19:00+08:00,0.22043,0.22074,0.22038,0.22074,213368,47082.05028
2025-08-19 11:20:00+08:00,0.22074,0.22074,0.22017,0.2202,400034,88139.05494
2025-08-19 11:21:00+08:00,0.2202,0.2202,0.21969,0.21969,1116172,245538.21894
2025-08-19 11:22:00+08:00,0.21969,0.22008,0.21943,0.21946,544982,119790.15022
2025-08-19 11:23:00+08:00,0.21946,0.21946,0.21891,0.21926,10083634,2209034.06796
2025-08-19 11:24:00+08:00,0.21926,0.21945,0.21917,0.21928,754146,165341.46984
2025-08-19 11:25:00+08:00,0.21928,0.21934,0.21906,0.21927,413136,90555.96628
2025-08-19 11:26:00+08:00,0.21927,0.21931,0.21909,0.21911,576272,126322.15196
2025-08-19 11:27:00+08:00,0.21911,0.21945,0.21911,0.21941,359684,78882.20668
2025-08-19 11:28:00+08:00,0.21941,0.21947,0.21916,0.21916,286778,62875.6448
2025-08-19 11:29:00+08:00,0.21916,0.21923,0.21901,0.21902,2515122,551042.54494
2025-08-19 11:30:00+08:00,0.21902,0.21904,0.21854,0.21876,5366808,1173887.0113
2025-08-19 11:31:00+08:00,0.21876,0.21899,0.21873,0.2189,239588,52446.18846
2025-08-19 11:32:00+08:00,0.2189,0.2189,0.21848,0.21849,2881090,629853.78452
2025-08-19 11:33:00+08:00,0.21849,0.21855,0.21841,0.21848,661708,144570.95388
2025-08-19 11:34:00+08:00,0.21848,0.21856,0.21831,0.21856,571612,124851.15208
2025-08-19 11:35:00+08:00,0.21856,0.21878,0.21848,0.21877,2227580,487047.56848
2025-08-19 11:36:00+08:00,0.21877,0.21877,0.2185,0.21852,2805144,613244.12822
2025-08-19 11:37:00+08:00,0.21852,0.21874,0.21816,0.2184,8423400,1839946.29052
2025-08-19 11:38:00+08:00,0.2184,0.21861,0.2183,0.21848,4234184,925014.24676
2025-08-19 11:39:00+08:00,0.21848,0.21848,0.21794,0.21794,4080144,889887.79648
2025-08-19 11:40:00+08:00,0.21794,0.21833,0.21794,0.21822,2228978,486231.18152
2025-08-19 11:41:00+08:00,0.21822,0.21832,0.218,0.21806,2588100,564309.6435
2025-08-19 11:42:00+08:00,0.21806,0.21806,0.21761,0.21765,2109184,459359.7461
2025-08-19 11:43:00+08:00,0.21765,0.21769,0.21568,0.21591,53727760,11626052.31356
2025-08-19 11:44:00+08:00,0.21591,0.21695,0.21567,0.21677,7618078,1647334.47674
2025-08-19 11:45:00+08:00,0.21677,0.21687,0.21621,0.21623,4402564,952986.04494
2025-08-19 11:46:00+08:00,0.21623,0.21654,0.21612,0.21612,6642344,1436507.81842
2025-08-19 11:47:00+08:00,0.21612,0.21643,0.21611,0.21635,5659396,1224394.64568
2025-08-19 11:48:00+08:00,0.21635,0.21655,0.21606,0.21643,19389502,4193837.79558
2025-08-19 11:49:00+08:00,0.21643,0.21654,0.21629,0.21644,1708274,369721.7259
2025-08-19 11:50:00+08:00,0.21644,0.21675,0.21632,0.21674,2871794,621562.41596
2025-08-19 11:51:00+08:00,0.21674,0.21697,0.21653,0.21653,1172824,254212.28388
2025-08-19 11:52:00+08:00,0.21653,0.21653,0.21598,0.21598,1417178,306382.8079
2025-08-19 11:53:00+08:00,0.21598,0.21607,0.21583,0.21606,909882,196466.55076
2025-08-19 11:54:00+08:00,0.21606,0.21632,0.21605,0.21622,1276658,276021.7596
2025-08-19 11:55:00+08:00,0.21622,0.21668,0.21622,0.21666,447280,96849.65716
2025-08-19 11:56:00+08:00,0.21666,0.21672,0.21645,0.21649,368624,79824.44026
2025-08-19 11:57:00+08:00,0.21649,0.21659,0.21628,0.21646,599972,129821.24366
2025-08-19 11:58:00+08:00,0.21646,0.21652,0.21634,0.21639,1312474,284043.93882
2025-08-19 11:59:00+08:00,0.21639,0.21644,0.21628,0.21632,669848,144919.20728
2025-08-19 12:00:00+08:00,0.21632,0.21643,0.2161,0.21642,1850000,400027.81556
2025-08-19 12:01:00+08:00,0.21642,0.21653,0.21618,0.21624,214282,46370.39164
2025-08-19 12:02:00+08:00,0.21624,0.21646,0.2159,0.21626,2222722,480566.2085
2025-08-19 12:03:00+08:00,0.21626,0.21631,0.21547,0.2157,4615296,995317.95668
2025-08-19 12:04:00+08:00,0.2157,0.21608,0.2157,0.21591,2187774,472446.91522
2025-08-19 12:05:00+08:00,0.21591,0.21638,0.21591,0.21597,2202510,476196.45672
2025-08-19 12:06:00+08:00,0.21597,0.21611,0.21597,0.21607,635276,137251.95774
2025-08-19 12:07:00+08:00,0.21607,0.21653,0.21583,0.21586,1326276,286772.01934
2025-08-19 12:08:00+08:00,0.21586,0.21587,0.21476,0.2148,38996072,8387885.43702
2025-08-19 12:09:00+08:00,0.2148,0.21571,0.2143,0.21509,17278318,3711906.37278
2025-08-19 12:10:00+08:00,0.21509,0.21574,0.21509,0.21519,2259996,486982.83994
2025-08-19 12:11:00+08:00,0.21519,0.21527,0.2148,0.21493,1525448,328046.5064
2025-08-19 12:12:00+08:00,0.21493,0.21585,0.21493,0.21582,2860034,616345.01072
2025-08-19 12:13:00+08:00,0.21582,0.21603,0.21523,0.21542,2111702,455702.56116
2025-08-19 12:14:00+08:00,0.21542,0.21565,0.21518,0.21523,1710994,368545.50996
2025-08-19 12:15:00+08:00,0.21523,0.21535,0.21476,0.21499,2846156,612017.72844
2025-08-19 12:16:00+08:00,0.21499,0.21569,0.21499,0.21562,1392440,300038.03082
2025-08-19 12:17:00+08:00,0.21562,0.21602,0.21562,0.21574,1330944,287362.15066
2025-08-19 12:18:00+08:00,0.21574,0.21577,0.21538,0.21539,234832,50603.30222
2025-08-19 12:19:00+08:00,0.21539,0.21621,0.21539,0.2162,3691446,796973.52416
2025-08-19 12:20:00+08:00,0.2162,0.2162,0.2156,0.21574,758464,163758.0182
2025-08-19 12:21:00+08:00,0.21574,0.21582,0.21534,0.21551,947998,204272.68002
2025-08-19 12:22:00+08:00,0.21551,0.21566,0.21549,0.21561,673444,145167.48602
2025-08-19 12:23:00+08:00,0.21561,0.21561,0.21499,0.21532,2630566,566038.75138
2025-08-19 12:24:00+08:00,0.21532,0.21551,0.21525,0.21545,1669122,359577.28166
2025-08-19 12:25:00+08:00,0.21545,0.21549,0.21477,0.21484,2223150,478014.0929
2025-08-19 12:26:00+08:00,0.21484,0.21534,0.21484,0.21515,872086,187717.07574
2025-08-19 12:27:00+08:00,0.21515,0.21544,0.21515,0.21533,480346,103403.5806
2025-08-19 12:28:00+08:00,0.21533,0.21545,0.21522,0.21528,154408,33242.66324
2025-08-19 12:29:00+08:00,0.21528,0.21543,0.21525,0.21543,725718,156319.31222
2025-08-19 12:30:00+08:00,0.21543,0.21578,0.2153,0.21568,248984,53689.29526
2025-08-19 12:31:00+08:00,0.21568,0.21601,0.21562,0.21601,1284708,277228.90814
2025-08-19 12:32:00+08:00,0.21601,0.21603,0.21565,0.2157,374676,80846.94024
2025-08-19 12:33:00+08:00,0.2157,0.21583,0.21557,0.21569,280716,60551.57288
2025-08-19 12:34:00+08:00,0.21569,0.21592,0.21564,0.21592,401348,86635.38138
2025-08-19 12:35:00+08:00,0.21592,0.21598,0.21562,0.2157,1550968,334675.10954
2025-08-19 12:36:00+08:00,0.2157,0.21619,0.2157,0.21619,1380102,298134.14606
2025-08-19 12:37:00+08:00,0.21619,0.21632,0.21602,0.21607,1242100,268555.3501
2025-08-19 12:38:00+08:00,0.21607,0.21615,0.2158,0.21615,1690656,365114.88068
2025-08-19 12:39:00+08:00,0.21615,0.21631,0.216,0.21629,803216,173681.4926
2025-08-19 12:40:00+08:00,0.21629,0.21633,0.2161,0.21631,244896,52951.6367
2025-08-19 12:41:00+08:00,0.21631,0.21651,0.2163,0.21651,1119074,242128.44768
2025-08-19 12:42:00+08:00,0.21651,0.2168,0.21644,0.21674,1282194,277826.66642
2025-08-19 12:43:00+08:00,0.21674,0.2168,0.21661,0.21671,2137984,463270.2484
2025-08-19 12:44:00+08:00,0.21671,0.2171,0.21663,0.21708,4212908,914068.87882
2025-08-19 12:45:00+08:00,0.21708,0.21708,0.21653,0.21656,655942,142134.95116
2025-08-19 12:46:00+08:00,0.21656,0.21678,0.21643,0.21678,275912,59764.78712
2025-08-19 12:47:00+08:00,0.21678,0.21678,0.21647,0.21665,904112,195829.11112
2025-08-19 12:48:00+08:00,0.21665,0.21686,0.21665,0.21676,420430,91140.8294
2025-08-19 12:49:00+08:00,0.21676,0.21686,0.21648,0.21652,735042,159307.38764
2025-08-19 12:50:00+08:00,0.21652,0.21673,0.2165,0.21662,303580,65762.59124
2025-08-19 12:51:00+08:00,0.21662,0.21688,0.21658,0.2168,717928,155608.52464
2025-08-19 12:52:00+08:00,0.2168,0.21704,0.21669,0.21702,1153612,250244.02586
2025-08-19 12:53:00+08:00,0.21702,0.21734,0.21698,0.21715,8896734,1932148.42976
2025-08-19 12:54:00+08:00,0.21715,0.21733,0.21714,0.21722,709470,154106.19538
2025-08-19 12:55:00+08:00,0.21722,0.21722,0.21703,0.21716,584098,126805.6178
2025-08-19 12:56:00+08:00,0.21716,0.21741,0.21716,0.21739,1216512,264368.88964
2025-08-19 12:57:00+08:00,0.21739,0.21755,0.21736,0.21749,938818,204196.48744
2025-08-19 12:58:00+08:00,0.21749,0.21768,0.21747,0.21768,542474,118072.86904
2025-08-19 12:59:00+08:00,0.21768,0.21774,0.21757,0.21774,579724,126184.08836
2025-08-19 13:00:00+08:00,0.21774,0.21814,0.2176,0.2181,1684132,367169.06694
2025-08-19 13:01:00+08:00,0.2181,0.2183,0.218,0.21822,880728,192149.43002
2025-08-19 13:02:00+08:00,0.21822,0.21822,0.21791,0.21791,1209128,263562.04618
2025-08-19 13:03:00+08:00,0.21791,0.21794,0.21736,0.21743,798462,173763.7304
2025-08-19 13:04:00+08:00,0.21743,0.2177,0.21738,0.2177,1196594,260266.9918
2025-08-19 13:05:00+08:00,0.2177,0.2181,0.2177,0.21796,4899924,1067877.08614
2025-08-19 13:06:00+08:00,0.21796,0.21796,0.21741,0.21743,582130,126640.08134
2025-08-19 13:07:00+08:00,0.21743,0.21754,0.21729,0.2175,313234,68117.8707
2025-08-19 13:08:00+08:00,0.2175,0.2175,0.21717,0.21722,727946,158224.06478
2025-08-19 13:09:00+08:00,0.21722,0.21732,0.21708,0.21708,340190,73898.14794
2025-08-19 13:10:00+08:00,0.21708,0.21715,0.21689,0.21689,445390,96666.00752
2025-08-19 13:11:00+08:00,0.21689,0.21706,0.21686,0.21696,2984680,647336.41736
2025-08-19 13:12:00+08:00,0.21696,0.21699,0.21686,0.21688,973082,211082.03402
2025-08-19 13:13:00+08:00,0.21688,0.21693,0.21672,0.21693,1402342,304056.66296
2025-08-19 13:14:00+08:00,0.21693,0.21721,0.21693,0.21715,495416,107543.44306
2025-08-19 13:15:00+08:00,0.21715,0.21741,0.21709,0.21717,2260564,491221.34776
2025-08-19 13:16:00+08:00,0.21717,0.21719,0.21702,0.21711,351622,76322.92342
2025-08-19 13:17:00+08:00,0.21711,0.21745,0.21711,0.21732,203406,44206.24844
2025-08-19 13:18:00+08:00,0.21732,0.21735,0.21717,0.21729,155828,33853.586
2025-08-19 13:19:00+08:00,0.21729,0.21734,0.21711,0.21721,1237286,268806.7059
2025-08-19 13:20:00+08:00,0.21721,0.21745,0.21721,0.21741,1952126,424346.8426
2025-08-19 13:21:00+08:00,0.21741,0.21748,0.21731,0.2174,1019718,221709.4422
2025-08-19 13:22:00+08:00,0.2174,0.2174,0.21678,0.21681,775640,168261.849
2025-08-19 13:23:00+08:00,0.21681,0.21691,0.21672,0.21689,1930616,418524.69898
2025-08-19 13:24:00+08:00,0.21689,0.21706,0.21689,0.21706,16204,3515.99774
2025-08-19 13:25:00+08:00,0.21706,0.2175,0.21703,0.2175,948164,206158.78054
2025-08-19 13:26:00+08:00,0.2175,0.2175,0.21712,0.21732,295818,64291.19866
2025-08-19 13:27:00+08:00,0.21732,0.21773,0.21732,0.21769,2199932,478814.52062
2025-08-19 13:28:00+08:00,0.21769,0.21786,0.21763,0.21781,505120,109954.76536
2025-08-19 13:29:00+08:00,0.21781,0.21794,0.21772,0.2178,2212056,481862.50796
2025-08-19 13:30:00+08:00,0.2178,0.21799,0.21765,0.21799,1733294,377779.07454
2025-08-19 13:31:00+08:00,0.21799,0.21799,0.21776,0.21784,102472,22323.34088
2025-08-19 13:32:00+08:00,0.21784,0.21787,0.21744,0.21744,386850,84171.50226
2025-08-19 13:33:00+08:00,0.21744,0.21776,0.21744,0.21776,179440,39040.05836
2025-08-19 13:34:00+08:00,0.21776,0.21776,0.21736,0.21736,548076,119191.73154
2025-08-19 13:35:00+08:00,0.21736,0.21747,0.21723,0.21732,82750,17985.28238
2025-08-19 13:36:00+08:00,0.21732,0.21752,0.21729,0.2175,81560,17735.54446
2025-08-19 13:37:00+08:00,0.2175,0.21752,0.21735,0.21747,323478,70333.28662
2025-08-19 13:38:00+08:00,0.21747,0.21763,0.21736,0.2176,68086,14811.42016
2025-08-19 13:39:00+08:00,0.2176,0.2177,0.2175,0.2177,151460,32965.29596
2025-08-19 13:40:00+08:00,0.2177,0.21809,0.21768,0.21809,1051308,229175.81384
2025-08-19 13:41:00+08:00,0.21809,0.2183,0.218,0.21824,496680,108364.57624
2025-08-19 13:42:00+08:00,0.21824,0.21833,0.21814,0.2183,577688,126084.5376
2025-08-19 13:43:00+08:00,0.2183,0.21834,0.21807,0.2182,1591038,347149.32996
2025-08-19 13:44:00+08:00,0.2182,0.2182,0.21784,0.21787,215282,46948.6385
2025-08-19 13:45:00+08:00,0.21787,0.21795,0.21764,0.21772,165106,35970.80634
2025-08-19 13:46:00+08:00,0.21772,0.21772,0.21734,0.21747,1013598,220462.14366
2025-08-19 13:47:00+08:00,0.21747,0.21764,0.21735,0.21742,1049492,228273.51212
2025-08-19 13:48:00+08:00,0.21742,0.21765,0.21739,0.21765,307864,66966.55742
2025-08-19 13:49:00+08:00,0.21765,0.21779,0.21765,0.21779,83596,18200.55654
2025-08-19 13:50:00+08:00,0.21779,0.21788,0.21761,0.21777,159786,34790.01742
2025-08-19 13:51:00+08:00,0.21777,0.21777,0.21739,0.21739,65044,14144.77686
2025-08-19 13:52:00+08:00,0.21739,0.21741,0.21726,0.21727,3361568,730547.33736
2025-08-19 13:53:00+08:00,0.21727,0.21732,0.21717,0.21717,104888,22788.3801
2025-08-19 13:54:00+08:00,0.21717,0.21751,0.21717,0.21749,546038,118641.81254
2025-08-19 13:55:00+08:00,0.21749,0.21752,0.2174,0.2174,159496,34685.42306
2025-08-19 13:56:00+08:00,0.2174,0.21746,0.2172,0.21732,152932,33236.30076
2025-08-19 13:57:00+08:00,0.21732,0.21732,0.21721,0.21726,44284,9620.38966
2025-08-19 13:58:00+08:00,0.21726,0.21726,0.2171,0.21718,57090,12395.95352
2025-08-19 13:59:00+08:00,0.21718,0.21718,0.21692,0.217,532368,115491.59382
2025-08-19 14:00:00+08:00,0.217,0.21709,0.21674,0.21709,813082,176288.42122
2025-08-19 14:01:00+08:00,0.21709,0.21713,0.21693,0.21712,1976868,429137.06496
2025-08-19 14:02:00+08:00,0.21712,0.21728,0.21668,0.21683,1101872,239027.05838
2025-08-19 14:03:00+08:00,0.21683,0.21706,0.21679,0.21706,524532,113761.1732
2025-08-19 14:04:00+08:00,0.21706,0.21714,0.21672,0.21672,416956,90460.08892
2025-08-19 14:05:00+08:00,0.21672,0.21697,0.21655,0.2169,331928,71920.16266
2025-08-19 14:06:00+08:00,0.2169,0.21704,0.2169,0.21702,417198,90527.37392
2025-08-19 14:07:00+08:00,0.21702,0.21726,0.21702,0.2171,538884,117014.32872
2025-08-19 14:08:00+08:00,0.2171,0.21721,0.217,0.21717,158362,34378.518
2025-08-19 14:09:00+08:00,0.21717,0.21748,0.21717,0.21748,445944,96940.60732
2025-08-19 14:10:00+08:00,0.21748,0.21765,0.21729,0.21764,190706,41466.50272
2025-08-19 14:11:00+08:00,0.21764,0.21767,0.21753,0.21767,368324,80153.58826
2025-08-19 14:12:00+08:00,0.21767,0.21791,0.21752,0.21752,446042,97104.59256
2025-08-19 14:13:00+08:00,0.21752,0.21764,0.21745,0.21758,671466,146101.13928
2025-08-19 14:14:00+08:00,0.21758,0.21762,0.21726,0.21739,948064,206009.8348
2025-08-19 14:15:00+08:00,0.21739,0.21739,0.2167,0.21702,2079542,450986.02186
2025-08-19 14:16:00+08:00,0.21702,0.21742,0.21702,0.21726,504976,109749.97942
2025-08-19 14:17:00+08:00,0.21726,0.21729,0.21701,0.21717,662406,143801.01758
2025-08-19 14:18:00+08:00,0.21717,0.21733,0.21707,0.2172,345040,74924.85388
2025-08-19 14:19:00+08:00,0.2172,0.21797,0.2172,0.2179,1332120,290002.43464
2025-08-19 14:20:00+08:00,0.2179,0.21816,0.2178,0.21784,895710,195260.8224
2025-08-19 14:21:00+08:00,0.21784,0.21786,0.21755,0.21772,275686,60017.06804
2025-08-19 14:22:00+08:00,0.21772,0.21772,0.21746,0.21751,184708,40173.26638
2025-08-19 14:23:00+08:00,0.21751,0.21772,0.21751,0.21772,871254,189571.85688
2025-08-19 14:24:00+08:00,0.21772,0.21803,0.21766,0.21797,1047480,228066.0138
2025-08-19 14:25:00+08:00,0.21797,0.21826,0.21787,0.21826,1146170,249949.60858
2025-08-19 14:26:00+08:00,0.21826,0.21839,0.21789,0.21793,1946708,424778.23924
2025-08-19 14:27:00+08:00,0.21793,0.2181,0.21785,0.21795,260316,56750.41386
2025-08-19 14:28:00+08:00,0.21795,0.21795,0.2177,0.21787,266776,58105.102
2025-08-19 14:29:00+08:00,0.21787,0.21797,0.21785,0.21792,55144,12015.29402
2025-08-19 14:30:00+08:00,0.21792,0.21797,0.21783,0.21789,240264,52360.04466
2025-08-19 14:31:00+08:00,0.21789,0.21795,0.21761,0.21763,348170,75805.60798
2025-08-19 14:32:00+08:00,0.21763,0.21798,0.21763,0.21796,65364,14246.0738
2025-08-19 14:33:00+08:00,0.21796,0.218,0.21777,0.21783,112720,24562.1768
2025-08-19 14:34:00+08:00,0.21783,0.21799,0.21775,0.21775,82952,18072.75396
2025-08-19 14:35:00+08:00,0.21775,0.2181,0.21769,0.2181,251374,54792.79908
2025-08-19 14:36:00+08:00,0.2181,0.21832,0.218,0.21831,717828,156595.03588
2025-08-19 14:37:00+08:00,0.21831,0.21835,0.21815,0.21823,645416,140871.97926
2025-08-19 14:38:00+08:00,0.21823,0.21836,0.21812,0.21819,917018,200164.59182
2025-08-19 14:39:00+08:00,0.21819,0.21822,0.218,0.218,127364,27786.59438
2025-08-19 14:40:00+08:00,0.218,0.21821,0.218,0.21818,10998,2398.49224
2025-08-19 14:41:00+08:00,0.21818,0.21826,0.21807,0.21807,93754,20452.4012
2025-08-19 14:42:00+08:00,0.21807,0.21829,0.21807,0.21817,89774,19584.7239
2025-08-19 14:43:00+08:00,0.21817,0.21827,0.21801,0.21804,100314,21882.79024
2025-08-19 14:44:00+08:00,0.21804,0.21812,0.21787,0.21787,408246,88976.26406
2025-08-19 14:45:00+08:00,0.21787,0.21809,0.21782,0.21809,63274,13796.42012
2025-08-19 14:46:00+08:00,0.21809,0.21822,0.21781,0.21787,116632,25418.268
2025-08-19 14:47:00+08:00,0.21787,0.21789,0.21741,0.21747,395370,86063.34228
2025-08-19 14:48:00+08:00,0.21747,0.21764,0.21747,0.21748,695410,151262.65106
2025-08-19 14:49:00+08:00,0.21748,0.21767,0.21747,0.21764,424120,92307.5965
2025-08-19 14:50:00+08:00,0.21764,0.21777,0.21754,0.21774,605978,131911.62902
2025-08-19 14:51:00+08:00,0.21774,0.21803,0.21774,0.218,522390,113803.1656
2025-08-19 14:52:00+08:00,0.218,0.21828,0.21798,0.21826,925834,201947.82604
2025-08-19 14:53:00+08:00,0.21826,0.21826,0.21806,0.21815,269676,58831.00142
2025-08-19 14:54:00+08:00,0.21815,0.21815,0.21775,0.21778,30664,6678.21742
2025-08-19 14:55:00+08:00,0.21778,0.21795,0.21778,0.21795,152760,33293.99406
2025-08-19 14:56:00+08:00,0.21795,0.21796,0.21781,0.21791,27506,5994.24374
2025-08-19 14:57:00+08:00,0.21791,0.21803,0.21791,0.21799,464154,101182.196
2025-08-19 14:58:00+08:00,0.21799,0.21799,0.21779,0.21789,21898,4770.16826
2025-08-19 14:59:00+08:00,0.21789,0.21806,0.2178,0.21806,23538,5132.25056
2025-08-19 15:00:00+08:00,0.21806,0.21822,0.21788,0.21788,153948,33577.60388
2025-08-19 15:01:00+08:00,0.21788,0.21792,0.21754,0.21754,287388,62574.02882
2025-08-19 15:02:00+08:00,0.21754,0.21774,0.21746,0.21761,2928444,637409.03512
2025-08-19 15:03:00+08:00,0.21761,0.21819,0.21758,0.21808,626672,136662.3885
2025-08-19 15:04:00+08:00,0.21808,0.21819,0.21793,0.21801,117158,25550.35346
2025-08-19 15:05:00+08:00,0.21801,0.21801,0.21779,0.2178,438274,95519.03842
2025-08-19 15:06:00+08:00,0.2178,0.21785,0.21756,0.21778,454026,98834.53672
2025-08-19 15:07:00+08:00,0.21778,0.21785,0.21761,0.21761,94864,20661.47756
2025-08-19 15:08:00+08:00,0.21761,0.21774,0.21752,0.21773,106992,23287.09912
2025-08-19 15:09:00+08:00,0.21773,0.21773,0.21744,0.21752,161130,35048.17202
2025-08-19 15:10:00+08:00,0.21752,0.21761,0.21732,0.21738,1244726,270636.45168
2025-08-19 15:11:00+08:00,0.21738,0.2175,0.21737,0.21738,474122,103081.09556
2025-08-19 15:12:00+08:00,0.21738,0.21753,0.21732,0.2174,155370,33773.20912
2025-08-19 15:13:00+08:00,0.2174,0.21741,0.21733,0.21735,55330,12026.71316
2025-08-19 15:14:00+08:00,0.21735,0.2177,0.21734,0.21764,1533600,333700.35504
2025-08-19 15:15:00+08:00,0.21764,0.21767,0.21737,0.21739,421096,91622.93052
2025-08-19 15:16:00+08:00,0.21739,0.21743,0.21709,0.21711,965832,209825.85236
2025-08-19 15:17:00+08:00,0.21711,0.21725,0.2168,0.21688,2162260,469140.69742
2025-08-19 15:18:00+08:00,0.21688,0.21704,0.21681,0.21683,913706,198219.49318
2025-08-19 15:19:00+08:00,0.21683,0.217,0.21664,0.217,1375744,298171.1425
2025-08-19 15:20:00+08:00,0.217,0.2171,0.21682,0.21688,814370,176613.20898
2025-08-19 15:21:00+08:00,0.21688,0.21688,0.21653,0.21676,1711618,370748.45042
2025-08-19 15:22:00+08:00,0.21676,0.21705,0.21676,0.21705,378420,82072.89692
2025-08-19 15:23:00+08:00,0.21705,0.21705,0.21622,0.21632,3416646,739350.17828
2025-08-19 15:24:00+08:00,0.21632,0.21674,0.21632,0.21659,1197824,259266.23106
2025-08-19 15:25:00+08:00,0.21659,0.21679,0.21659,0.21666,312388,67691.84816
2025-08-19 15:26:00+08:00,0.21666,0.2167,0.21646,0.21655,568218,123030.27048
2025-08-19 15:27:00+08:00,0.21655,0.21696,0.21654,0.21683,554502,120141.11234
2025-08-19 15:28:00+08:00,0.21683,0.2171,0.21681,0.2171,331774,71992.65508
2025-08-19 15:29:00+08:00,0.2171,0.2171,0.21671,0.21673,130990,28407.27446
2025-08-19 15:30:00+08:00,0.21673,0.21702,0.21667,0.21701,4329016,938273.21298
2025-08-19 15:31:00+08:00,0.21701,0.21704,0.21677,0.21677,407642,88402.3443
2025-08-19 15:32:00+08:00,0.21677,0.21681,0.21655,0.21658,3094602,670722.29166
2025-08-19 15:33:00+08:00,0.21658,0.21678,0.21655,0.21656,174714,37856.10666
2025-08-19 15:34:00+08:00,0.21656,0.21676,0.21656,0.21673,213666,46288.46672
2025-08-19 15:35:00+08:00,0.21673,0.21674,0.21648,0.2165,560814,121471.36518
2025-08-19 15:36:00+08:00,0.2165,0.21651,0.21636,0.21642,207384,44879.705
2025-08-19 15:37:00+08:00,0.21642,0.21665,0.21642,0.21659,221420,47951.13172
2025-08-19 15:38:00+08:00,0.21659,0.21737,0.21659,0.21736,10369734,2250141.17962
2025-08-19 15:39:00+08:00,0.21736,0.21746,0.21697,0.21697,1803194,391387.47744
2025-08-19 15:40:00+08:00,0.21697,0.21719,0.21693,0.21705,451632,98025.45824
2025-08-19 15:41:00+08:00,0.21705,0.21716,0.217,0.21704,625838,135845.20208
2025-08-19 15:42:00+08:00,0.21704,0.21715,0.21687,0.21691,1758846,381543.56524
2025-08-19 15:43:00+08:00,0.21691,0.21707,0.21686,0.217,49158,10668.6683
2025-08-19 15:44:00+08:00,0.217,0.2171,0.21691,0.21708,1450694,314905.62062
2025-08-19 15:45:00+08:00,0.21708,0.21713,0.21699,0.21713,263604,57217.42798
2025-08-19 15:46:00+08:00,0.21713,0.21727,0.21713,0.21717,266676,57919.68758
2025-08-19 15:47:00+08:00,0.21717,0.21749,0.21705,0.21749,1474094,320235.3335
2025-08-19 15:48:00+08:00,0.21749,0.21763,0.21743,0.21748,1062638,231228.69098
2025-08-19 15:49:00+08:00,0.21748,0.21748,0.21717,0.21718,1582778,343834.72498
2025-08-19 15:50:00+08:00,0.21718,0.21724,0.21696,0.21707,654420,142096.52084
2025-08-19 15:51:00+08:00,0.21707,0.21748,0.21707,0.21748,1417920,308337.92826
2025-08-19 15:52:00+08:00,0.21748,0.21751,0.21718,0.21729,1626080,353476.54628
2025-08-19 15:53:00+08:00,0.21729,0.21743,0.21724,0.21743,447932,97368.47576
2025-08-19 15:54:00+08:00,0.21743,0.21778,0.21742,0.2177,5017788,1092212.73276
2025-08-19 15:55:00+08:00,0.2177,0.2177,0.21748,0.21751,110416,24028.34502
2025-08-19 15:56:00+08:00,0.21751,0.21753,0.2174,0.21741,1198138,260577.09862
2025-08-19 15:57:00+08:00,0.21741,0.21761,0.21741,0.21761,50068,10890.16652
2025-08-19 15:58:00+08:00,0.21761,0.21773,0.21751,0.21772,1685650,366907.99776
2025-08-19 15:59:00+08:00,0.21772,0.21779,0.21765,0.21779,419384,91302.01544
2025-08-19 16:00:00+08:00,0.21779,0.21785,0.21769,0.21781,404900,88172.54036
2025-08-19 16:01:00+08:00,0.21781,0.21803,0.2176,0.21782,862266,187895.78916
2025-08-19 16:02:00+08:00,0.21782,0.21789,0.2176,0.2177,720888,156964.8955
2025-08-19 16:03:00+08:00,0.2177,0.2177,0.21756,0.2177,556490,121095.26214
2025-08-19 16:04:00+08:00,0.2177,0.21773,0.21736,0.21736,1117446,243032.11128
2025-08-19 16:05:00+08:00,0.21736,0.21737,0.21715,0.21731,217748,47303.46868
2025-08-19 16:06:00+08:00,0.21731,0.21731,0.21676,0.21692,1465476,317786.29948
2025-08-19 16:07:00+08:00,0.21692,0.21701,0.2168,0.21684,3080268,668043.42812
2025-08-19 16:08:00+08:00,0.21684,0.2169,0.21651,0.21666,15773780,3418017.14366
2025-08-19 16:09:00+08:00,0.21666,0.21682,0.21654,0.21682,778960,168710.45936
2025-08-19 16:10:00+08:00,0.21682,0.21687,0.21668,0.21673,638896,138475.73492
2025-08-19 16:11:00+08:00,0.21673,0.21679,0.21649,0.21652,661976,143370.7342
2025-08-19 16:12:00+08:00,0.21652,0.21676,0.21648,0.21674,807960,175060.01336
2025-08-19 16:13:00+08:00,0.21674,0.2168,0.21657,0.21675,218296,47289.08662
2025-08-19 16:14:00+08:00,0.21675,0.21699,0.21667,0.21699,1456088,315737.92836
2025-08-19 16:15:00+08:00,0.21699,0.21739,0.2169,0.21707,1039414,225704.27278
2025-08-19 16:16:00+08:00,0.21707,0.21707,0.21677,0.2168,851378,184686.9126
2025-08-19 16:17:00+08:00,0.2168,0.21683,0.21661,0.21672,623612,135173.2268
2025-08-19 16:18:00+08:00,0.21672,0.21678,0.21659,0.21676,354612,76838.39364
2025-08-19 16:19:00+08:00,0.21676,0.21678,0.21657,0.21664,131844,28567.14328
2025-08-19 16:20:00+08:00,0.21664,0.21668,0.21648,0.21668,922320,199677.04516
2025-08-19 16:21:00+08:00,0.21668,0.21668,0.21655,0.21664,114884,24888.41712
2025-08-19 16:22:00+08:00,0.21664,0.21677,0.21653,0.21677,44212,9580.50162
2025-08-19 16:23:00+08:00,0.21677,0.21677,0.21657,0.2167,519502,112550.37954
2025-08-19 16:24:00+08:00,0.2167,0.21695,0.21665,0.21695,149214,32347.44768
2025-08-19 16:25:00+08:00,0.21695,0.21713,0.21692,0.21711,680814,147789.06744
2025-08-19 16:26:00+08:00,0.21711,0.21724,0.21681,0.21682,1377942,299008.80598
2025-08-19 16:27:00+08:00,0.21682,0.21703,0.21682,0.21702,539208,116966.98274
2025-08-19 16:28:00+08:00,0.21702,0.21706,0.21689,0.21695,547396,118774.2696
2025-08-19 16:29:00+08:00,0.21695,0.21703,0.21684,0.21684,50956,11055.00236
2025-08-19 16:30:00+08:00,0.21684,0.21684,0.21654,0.21655,903046,195681.6152
2025-08-19 16:31:00+08:00,0.21655,0.21666,0.21643,0.21652,1479582,320408.89112
2025-08-19 16:32:00+08:00,0.21652,0.21652,0.21629,0.2163,597134,129206.41982
2025-08-19 16:33:00+08:00,0.2163,0.21673,0.21629,0.21664,325828,70537.45816
2025-08-19 16:34:00+08:00,0.21664,0.21665,0.21641,0.21644,132004,28573.08118
2025-08-19 16:35:00+08:00,0.21644,0.21656,0.2163,0.21644,342688,74148.17178
2025-08-19 16:36:00+08:00,0.21644,0.21659,0.21643,0.21656,1158518,250828.96282
2025-08-19 16:37:00+08:00,0.21656,0.21668,0.2165,0.2165,70982,15372.68756
2025-08-19 16:38:00+08:00,0.2165,0.21651,0.21632,0.21634,754536,163308.00706
2025-08-19 16:39:00+08:00,0.21634,0.21639,0.21628,0.21632,253050,54742.77092
2025-08-19 16:40:00+08:00,0.21632,0.21665,0.21632,0.21647,2979590,645302.71372
2025-08-19 16:41:00+08:00,0.21647,0.21652,0.2164,0.21642,188436,40786.81858
2025-08-19 16:42:00+08:00,0.21642,0.21674,0.21642,0.21674,30496,6604.09208
2025-08-19 16:43:00+08:00,0.21674,0.217,0.2167,0.21699,410164,88946.53894
2025-08-19 16:44:00+08:00,0.21699,0.21699,0.21672,0.21674,2998640,650094.65574
2025-08-19 16:45:00+08:00,0.21674,0.2168,0.2166,0.2168,25914,5616.2728
2025-08-19 16:46:00+08:00,0.2168,0.21707,0.2167,0.21707,349910,75930.70868
2025-08-19 16:47:00+08:00,0.21707,0.21727,0.21707,0.21718,198610,43139.54376
2025-08-19 16:48:00+08:00,0.21718,0.21753,0.21709,0.2175,1638392,356224.71736
2025-08-19 16:49:00+08:00,0.2175,0.21762,0.21726,0.21762,4156288,903440.98348
2025-08-19 16:50:00+08:00,0.21762,0.21779,0.21762,0.21778,558998,121714.97694
2025-08-19 16:51:00+08:00,0.21778,0.21799,0.21776,0.21799,2349236,511750.52034
2025-08-19 16:52:00+08:00,0.21799,0.21854,0.21785,0.21831,4498324,981884.39398
2025-08-19 16:53:00+08:00,0.21831,0.21831,0.21784,0.21789,2121554,462630.74952
2025-08-19 16:54:00+08:00,0.21789,0.2182,0.21777,0.21817,259934,56652.6478
2025-08-19 16:55:00+08:00,0.21817,0.2182,0.21795,0.21804,314218,68520.35396
2025-08-19 16:56:00+08:00,0.21804,0.21811,0.21797,0.21797,214368,46738.57138
2025-08-19 16:57:00+08:00,0.21797,0.21798,0.21779,0.2179,241870,52685.29938
2025-08-19 16:58:00+08:00,0.2179,0.218,0.21781,0.21795,183420,39972.79696
2025-08-19 16:59:00+08:00,0.21795,0.21795,0.21776,0.21777,94350,20549.93708
2025-08-19 17:00:00+08:00,0.21777,0.21801,0.21777,0.21801,273168,59520.59758
2025-08-19 17:01:00+08:00,0.21801,0.21801,0.21767,0.21792,153690,33484.8666
2025-08-19 17:02:00+08:00,0.21792,0.21799,0.21767,0.21767,2492830,542865.75504
2025-08-19 17:03:00+08:00,0.21767,0.21802,0.21765,0.218,889090,193737.78292
2025-08-19 17:04:00+08:00,0.218,0.21817,0.21791,0.21794,4261576,929436.17446
2025-08-19 17:05:00+08:00,0.21794,0.21846,0.21792,0.21846,1120714,244679.0917
2025-08-19 17:06:00+08:00,0.21846,0.21878,0.21841,0.21876,3629454,793516.50072
2025-08-19 17:07:00+08:00,0.21876,0.21935,0.21864,0.21919,9455500,2071395.2213
2025-08-19 17:08:00+08:00,0.21919,0.21919,0.21878,0.2188,575404,125974.75426
2025-08-19 17:09:00+08:00,0.2188,0.21887,0.21862,0.21868,306022,66937.14698
2025-08-19 17:10:00+08:00,0.21868,0.2189,0.21868,0.21879,494038,108077.58542
2025-08-19 17:11:00+08:00,0.21879,0.21908,0.21872,0.21904,729432,159690.46564
2025-08-19 17:12:00+08:00,0.21904,0.21906,0.21882,0.21891,375966,82312.78346
2025-08-19 17:13:00+08:00,0.21891,0.21892,0.2187,0.2187,363292,79510.36118
2025-08-19 17:14:00+08:00,0.2187,0.2188,0.21857,0.21862,710466,155372.04974
2025-08-19 17:15:00+08:00,0.21862,0.21862,0.2184,0.21858,5844140,1276885.72616
2025-08-19 17:16:00+08:00,0.21858,0.21859,0.21814,0.21819,4849384,1058091.18422
2025-08-19 17:17:00+08:00,0.21819,0.21834,0.21816,0.21834,139894,30529.72174
2025-08-19 17:18:00+08:00,0.21834,0.21856,0.21834,0.21851,310700,67882.3533
2025-08-19 17:19:00+08:00,0.21851,0.21851,0.2182,0.2182,57086,12464.33548
2025-08-19 17:20:00+08:00,0.2182,0.21856,0.2182,0.21855,415728,90808.53004
2025-08-19 17:21:00+08:00,0.21855,0.21861,0.21843,0.21854,1271140,277760.07292
2025-08-19 17:22:00+08:00,0.21854,0.21887,0.21854,0.21883,581516,127251.70818
2025-08-19 17:23:00+08:00,0.21883,0.21885,0.21873,0.21878,860100,188210.06376
2025-08-19 17:24:00+08:00,0.21878,0.21898,0.21876,0.21876,306178,67038.37978
2025-08-19 17:25:00+08:00,0.21876,0.21886,0.21866,0.21883,1015868,222305.193
2025-08-19 17:26:00+08:00,0.21883,0.21889,0.21864,0.21886,544248,119075.94014
2025-08-19 17:27:00+08:00,0.21886,0.21886,0.21868,0.21873,67130,14685.2202
2025-08-19 17:28:00+08:00,0.21873,0.21892,0.21872,0.21874,227222,49703.134
2025-08-19 17:29:00+08:00,0.21874,0.21915,0.21874,0.21909,6565376,1437275.8516
2025-08-19 17:30:00+08:00,0.21909,0.21939,0.21896,0.21939,3463168,759145.37786
2025-08-19 17:31:00+08:00,0.21939,0.21952,0.21921,0.21928,2054368,450665.1187
2025-08-19 17:32:00+08:00,0.21928,0.21991,0.21907,0.21985,3182150,699013.31414
2025-08-19 17:33:00+08:00,0.21985,0.21985,0.21938,0.21947,1166482,256089.94956
2025-08-19 17:34:00+08:00,0.21947,0.2196,0.21939,0.21939,1200810,263613.66866
2025-08-19 17:35:00+08:00,0.21939,0.21954,0.2193,0.21941,512522,112446.78224
2025-08-19 17:36:00+08:00,0.21941,0.21947,0.21933,0.21935,1139372,249970.11328
2025-08-19 17:37:00+08:00,0.21935,0.21954,0.21926,0.21954,157230,34496.30872
2025-08-19 17:38:00+08:00,0.21954,0.21954,0.21919,0.21922,216886,47554.30234
2025-08-19 17:39:00+08:00,0.21922,0.21928,0.21911,0.21913,355870,78006.59228
2025-08-19 17:40:00+08:00,0.21913,0.21913,0.21884,0.21884,3478222,761392.12358
2025-08-19 17:41:00+08:00,0.21884,0.21896,0.21873,0.21896,664578,145386.03038
2025-08-19 17:42:00+08:00,0.21896,0.21899,0.21862,0.21863,419902,91847.53978
2025-08-19 17:43:00+08:00,0.21863,0.21876,0.2186,0.21871,522094,114161.4475
2025-08-19 17:44:00+08:00,0.21871,0.21871,0.21859,0.21868,673022,147167.59666
2025-08-19 17:45:00+08:00,0.21868,0.21897,0.21867,0.21879,405304,88706.39752
2025-08-19 17:46:00+08:00,0.21879,0.21886,0.21872,0.21873,92742,20290.1223
2025-08-19 17:47:00+08:00,0.21873,0.21873,0.21854,0.21863,763504,166897.97676
2025-08-19 17:48:00+08:00,0.21863,0.21865,0.2183,0.2183,403112,88060.63614
2025-08-19 17:49:00+08:00,0.2183,0.21834,0.21827,0.21827,253610,55362.16336
2025-08-19 17:50:00+08:00,0.21827,0.21837,0.21827,0.2183,156242,34110.12392
2025-08-19 17:51:00+08:00,0.2183,0.21854,0.2183,0.21845,664974,145293.57008
2025-08-19 17:52:00+08:00,0.21845,0.21862,0.21839,0.21856,288848,63138.57562
2025-08-19 17:53:00+08:00,0.21856,0.21856,0.21842,0.21849,60464,13209.14548
2025-08-19 17:54:00+08:00,0.21849,0.2187,0.21849,0.2187,581000,126995.0924
2025-08-19 17:55:00+08:00,0.2187,0.21872,0.21861,0.21863,28682,6271.92702
2025-08-19 17:56:00+08:00,0.21863,0.21869,0.21859,0.21862,444212,97118.57528
2025-08-19 17:57:00+08:00,0.21862,0.21883,0.21859,0.21873,281878,61649.87758
2025-08-19 17:58:00+08:00,0.21873,0.21876,0.2186,0.21873,447346,97840.00312
2025-08-19 17:59:00+08:00,0.21873,0.21875,0.21868,0.21875,563970,123361.50398
2025-08-19 18:00:00+08:00,0.21875,0.21878,0.21863,0.21869,474242,103725.69526
2025-08-19 18:01:00+08:00,0.21869,0.21869,0.21845,0.21847,100970,22071.52288
2025-08-19 18:02:00+08:00,0.21847,0.21853,0.21841,0.21849,74330,16238.80108
2025-08-19 18:03:00+08:00,0.21849,0.21863,0.21842,0.21855,135698,29646.12158
2025-08-19 18:04:00+08:00,0.21855,0.21857,0.21845,0.21845,10596,2315.36382
2025-08-19 18:05:00+08:00,0.21845,0.2191,0.21845,0.21901,167846,36733.3934
2025-08-19 18:06:00+08:00,0.21901,0.21901,0.21883,0.21891,121752,26653.57332
2025-08-19 18:07:00+08:00,0.21891,0.2192,0.2189,0.21915,222290,48708.75948
2025-08-19 18:08:00+08:00,0.21915,0.21922,0.21901,0.21906,298850,65499.07358
2025-08-19 18:09:00+08:00,0.21906,0.21912,0.21897,0.21912,114446,25067.49338
2025-08-19 18:10:00+08:00,0.21912,0.21932,0.21912,0.2192,455272,99805.36272
2025-08-19 18:11:00+08:00,0.2192,0.21938,0.21919,0.21919,407084,89279.97474
2025-08-19 18:12:00+08:00,0.21919,0.21919,0.21897,0.21898,82386,18042.68034
2025-08-19 18:13:00+08:00,0.21898,0.21919,0.21898,0.21919,5861548,1284010.65238
2025-08-19 18:14:00+08:00,0.21919,0.21924,0.21905,0.21916,96478,21140.92374
2025-08-19 18:15:00+08:00,0.21916,0.21927,0.21905,0.21924,165116,36188.35632
2025-08-19 18:16:00+08:00,0.21924,0.21943,0.21913,0.21927,50954,11171.25046
2025-08-19 18:17:00+08:00,0.21927,0.21943,0.21922,0.21943,118590,26002.2181
2025-08-19 18:18:00+08:00,0.21943,0.2195,0.21931,0.21939,392002,86008.3586
2025-08-19 18:19:00+08:00,0.21939,0.21939,0.21911,0.21929,764844,167657.03316
2025-08-19 18:20:00+08:00,0.21929,0.21949,0.21927,0.21935,169216,37128.56676
2025-08-19 18:21:00+08:00,0.21935,0.21957,0.21935,0.21952,1543238,338752.8304
2025-08-19 18:22:00+08:00,0.21952,0.21968,0.2194,0.21963,682540,149881.87424
2025-08-19 18:23:00+08:00,0.21963,0.21976,0.21959,0.21962,538208,118207.58694
2025-08-19 18:24:00+08:00,0.21962,0.21974,0.21962,0.21962,64398,14145.79508
2025-08-19 18:25:00+08:00,0.21962,0.21976,0.21951,0.21975,173220,38047.47652
2025-08-19 18:26:00+08:00,0.21975,0.21984,0.21958,0.21967,449680,98839.29124
2025-08-19 18:27:00+08:00,0.21967,0.21994,0.21967,0.21992,1105664,243117.66042
2025-08-19 18:28:00+08:00,0.21992,0.21995,0.21978,0.21978,142786,31386.66598
2025-08-19 18:29:00+08:00,0.21978,0.21983,0.21971,0.21975,103976,22853.12548
2025-08-19 18:30:00+08:00,0.21975,0.21978,0.2195,0.2195,237056,52059.1494
2025-08-19 18:31:00+08:00,0.2195,0.21955,0.21921,0.21921,1021714,224070.25122
2025-08-19 18:32:00+08:00,0.21921,0.21939,0.2192,0.2192,130464,28617.1948
2025-08-19 18:33:00+08:00,0.2192,0.21928,0.21907,0.21928,12235750,2681315.85814
2025-08-19 18:34:00+08:00,0.21928,0.21943,0.21914,0.21939,422870,92765.98022
2025-08-19 18:35:00+08:00,0.21939,0.21946,0.21934,0.21945,83852,18396.12332
2025-08-19 18:36:00+08:00,0.21945,0.21976,0.21945,0.21976,191950,42158.16962
2025-08-19 18:37:00+08:00,0.21976,0.21994,0.21971,0.21994,293566,64544.61454
2025-08-19 18:38:00+08:00,0.21994,0.2203,0.21994,0.2203,1073826,236403.21418
2025-08-19 18:39:00+08:00,0.2203,0.22044,0.2203,0.22044,896362,197526.8853
2025-08-19 18:40:00+08:00,0.22044,0.22061,0.22022,0.22026,1738336,383141.87366
2025-08-19 18:41:00+08:00,0.22026,0.22048,0.22014,0.22014,794088,174993.34718
2025-08-19 18:42:00+08:00,0.22014,0.22018,0.21998,0.22003,818756,180191.88574
2025-08-19 18:43:00+08:00,0.22003,0.2202,0.21999,0.22006,673676,148300.74818
2025-08-19 18:44:00+08:00,0.22006,0.22007,0.21989,0.21999,529794,116524.7697
2025-08-19 18:45:00+08:00,0.21999,0.22007,0.21984,0.21987,1067624,234833.2263
2025-08-19 18:46:00+08:00,0.21987,0.21987,0.21959,0.21959,627406,137851.73018
2025-08-19 18:47:00+08:00,0.21959,0.21989,0.21956,0.21982,92654,20357.82538
2025-08-19 18:48:00+08:00,0.21982,0.21999,0.21978,0.21986,1083646,238258.97302
2025-08-19 18:49:00+08:00,0.21986,0.21998,0.21979,0.2199,167430,36812.8915
2025-08-19 18:50:00+08:00,0.2199,0.21991,0.21958,0.21959,477720,104931.48434
2025-08-19 18:51:00+08:00,0.21959,0.21967,0.21938,0.21967,913722,200611.93502
2025-08-19 18:52:00+08:00,0.21967,0.21979,0.21967,0.21979,144072,31657.497
2025-08-19 18:53:00+08:00,0.21979,0.21983,0.21974,0.21975,215566,47373.316
2025-08-19 18:54:00+08:00,0.21975,0.21984,0.21972,0.21981,147480,32408.2687
2025-08-19 18:55:00+08:00,0.21981,0.21982,0.21969,0.21981,49590,10896.35128
2025-08-19 18:56:00+08:00,0.21981,0.21981,0.21963,0.21976,70720,15538.81174
2025-08-19 18:57:00+08:00,0.21976,0.21988,0.21972,0.21975,64208,14115.61406
2025-08-19 18:58:00+08:00,0.21975,0.21985,0.21975,0.2198,22668,4983.17404
2025-08-19 18:59:00+08:00,0.2198,0.21986,0.21972,0.21986,212726,46768.05116
2025-08-19 19:00:00+08:00,0.21986,0.22007,0.21986,0.22006,173954,38266.58242
2025-08-19 19:01:00+08:00,0.22006,0.22009,0.21999,0.22,295538,65028.00418
2025-08-19 19:02:00+08:00,0.22,0.22,0.21973,0.21973,969072,212995.12056
2025-08-19 19:03:00+08:00,0.21973,0.21984,0.21965,0.21979,733954,161257.38066
2025-08-19 19:04:00+08:00,0.21979,0.21979,0.21955,0.21955,430330,94500.75936
2025-08-19 19:05:00+08:00,0.21955,0.21961,0.21938,0.21954,2078192,455935.11708
2025-08-19 19:06:00+08:00,0.21954,0.21963,0.21942,0.21959,239004,52463.37102
2025-08-19 19:07:00+08:00,0.21959,0.21959,0.21943,0.21949,16492,3619.562
2025-08-19 19:08:00+08:00,0.21949,0.21958,0.21942,0.2195,545406,119734.46794
2025-08-19 19:09:00+08:00,0.2195,0.2195,0.21934,0.21941,202766,44500.4308
2025-08-19 19:10:00+08:00,0.21941,0.21952,0.21928,0.21928,684684,150236.93386
2025-08-19 19:11:00+08:00,0.21928,0.2196,0.21928,0.2196,34176,7500.94632
2025-08-19 19:12:00+08:00,0.2196,0.2196,0.21944,0.21952,251412,55191.43064
2025-08-19 19:13:00+08:00,0.21952,0.21964,0.21951,0.21964,91626,20118.82096
2025-08-19 19:14:00+08:00,0.21964,0.21965,0.21961,0.21961,73722,16190.43412
2025-08-19 19:15:00+08:00,0.21961,0.21975,0.21953,0.21975,89212,19593.24778
2025-08-19 19:16:00+08:00,0.21975,0.21975,0.21944,0.21946,29264,6424.90856
2025-08-19 19:17:00+08:00,0.21946,0.21957,0.21942,0.21954,39530,8676.99648
2025-08-19 19:18:00+08:00,0.21954,0.21964,0.21948,0.21948,356292,78227.18698
2025-08-19 19:19:00+08:00,0.21948,0.21949,0.2194,0.21946,101884,22360.91108
2025-08-19 19:20:00+08:00,0.21946,0.21972,0.2194,0.2197,526550,115584.24786
2025-08-19 19:21:00+08:00,0.2197,0.21996,0.21966,0.21996,819404,180116.44966
2025-08-19 19:22:00+08:00,0.21996,0.22033,0.21995,0.22033,1687162,371434.75472
2025-08-19 19:23:00+08:00,0.22033,0.22033,0.22005,0.22024,777968,171332.03112
2025-08-19 19:24:00+08:00,0.22024,0.22032,0.22022,0.22025,338606,74579.17548
2025-08-19 19:25:00+08:00,0.22025,0.22038,0.22015,0.22034,140676,30989.66242
2025-08-19 19:26:00+08:00,0.22034,0.22052,0.22028,0.22052,12625392,2782539.9812
2025-08-19 19:27:00+08:00,0.22052,0.22071,0.22042,0.22048,1512438,333566.90118
2025-08-19 19:28:00+08:00,0.22048,0.22049,0.22015,0.22018,777134,171220.5415
2025-08-19 19:29:00+08:00,0.22018,0.22029,0.22014,0.22018,454336,100030.40446
2025-08-19 19:30:00+08:00,0.22018,0.22039,0.22004,0.22037,210108,46279.6041
2025-08-19 19:31:00+08:00,0.22037,0.22057,0.22018,0.22055,925914,204031.28852
2025-08-19 19:32:00+08:00,0.22055,0.22055,0.22029,0.22038,174282,38422.01862
2025-08-19 19:33:00+08:00,0.22038,0.22041,0.22004,0.22006,854294,188100.54022
2025-08-19 19:34:00+08:00,0.22006,0.22007,0.21974,0.2198,395270,86937.46926
2025-08-19 19:35:00+08:00,0.2198,0.21997,0.21964,0.21971,2623700,576833.7076
2025-08-19 19:36:00+08:00,0.21971,0.21979,0.21961,0.21969,14655218,3219459.15464
2025-08-19 19:37:00+08:00,0.21969,0.21978,0.2196,0.21962,630346,138455.75558
2025-08-19 19:38:00+08:00,0.21962,0.21962,0.21947,0.21948,128566,28222.69612
2025-08-19 19:39:00+08:00,0.21948,0.21955,0.21943,0.21943,324118,71139.045
2025-08-19 19:40:00+08:00,0.21943,0.2195,0.21938,0.2195,69522,15256.00032
2025-08-19 19:41:00+08:00,0.2195,0.21969,0.21945,0.21967,179108,39320.7056
2025-08-19 19:42:00+08:00,0.21967,0.21976,0.21957,0.21966,262150,57583.78838
2025-08-19 19:43:00+08:00,0.21966,0.21967,0.21944,0.21944,1131660,248496.68344
2025-08-19 19:44:00+08:00,0.21944,0.21951,0.21942,0.21947,124730,27373.79798
2025-08-19 19:45:00+08:00,0.21947,0.21949,0.21926,0.21936,952734,209020.77734
2025-08-19 19:46:00+08:00,0.21936,0.21966,0.21936,0.21964,978522,214865.17566
2025-08-19 19:47:00+08:00,0.21964,0.21991,0.21959,0.21987,259194,56961.91742
2025-08-19 19:48:00+08:00,0.21987,0.22001,0.21978,0.21995,1020874,224428.76856
2025-08-19 19:49:00+08:00,0.21995,0.22,0.21986,0.22,274302,60325.29368
2025-08-19 19:50:00+08:00,0.22,0.22,0.21976,0.21981,187710,41269.65204
2025-08-19 19:51:00+08:00,0.21981,0.21995,0.21981,0.21986,167600,36860.82022
2025-08-19 19:52:00+08:00,0.21986,0.21996,0.21986,0.21994,490156,107780.451
2025-08-19 19:53:00+08:00,0.21994,0.22008,0.21994,0.22005,293426,64555.69256
2025-08-19 19:54:00+08:00,0.22005,0.22005,0.21987,0.2199,138334,30417.79052
2025-08-19 19:55:00+08:00,0.2199,0.21994,0.2198,0.21984,140844,30964.44396
2025-08-19 19:56:00+08:00,0.21984,0.22036,0.21984,0.22036,1206728,265499.11124
2025-08-19 19:57:00+08:00,0.22036,0.22039,0.22022,0.22025,139874,30812.14818
2025-08-19 19:58:00+08:00,0.22025,0.22038,0.22015,0.22034,48910,10773.0847
2025-08-19 19:59:00+08:00,0.22034,0.22036,0.22022,0.22029,381888,84138.32148
2025-08-19 20:00:00+08:00,0.22029,0.22029,0.22003,0.22008,295964,65141.5645
2025-08-19 20:01:00+08:00,0.22008,0.22017,0.21998,0.22017,307636,67682.7801
2025-08-19 20:02:00+08:00,0.22017,0.22019,0.22006,0.22019,36326,7994.47666
2025-08-19 20:03:00+08:00,0.22019,0.22021,0.22005,0.22005,164280,36167.54306
2025-08-19 20:04:00+08:00,0.22005,0.22011,0.2199,0.21992,840072,184851.49164
2025-08-19 20:05:00+08:00,0.21992,0.21996,0.21984,0.21995,213926,47038.34654
2025-08-19 20:06:00+08:00,0.21995,0.22004,0.21976,0.21978,208052,45748.86128
2025-08-19 20:07:00+08:00,0.21978,0.21999,0.21978,0.21999,54660,12020.43042
2025-08-19 20:08:00+08:00,0.21999,0.22011,0.21986,0.21986,124944,27487.50702
2025-08-19 20:09:00+08:00,0.21986,0.22011,0.21986,0.22008,180118,39624.81594
2025-08-19 20:10:00+08:00,0.22008,0.22025,0.22005,0.22018,210970,46456.4022
2025-08-19 20:11:00+08:00,0.22018,0.22043,0.22014,0.22043,253836,55923.24108
2025-08-19 20:12:00+08:00,0.22043,0.22043,0.22015,0.2203,392304,86447.89842
2025-08-19 20:13:00+08:00,0.2203,0.22047,0.22022,0.22045,12302434,2711428.589
2025-08-19 20:14:00+08:00,0.22045,0.22048,0.22019,0.22027,949148,209161.0142
2025-08-19 20:15:00+08:00,0.22027,0.22038,0.22027,0.22034,1408498,310322.76912
2025-08-19 20:16:00+08:00,0.22034,0.22034,0.22011,0.22012,414118,91193.21918
2025-08-19 20:17:00+08:00,0.22012,0.22033,0.22012,0.2203,55566,12237.91494
2025-08-19 20:18:00+08:00,0.2203,0.22039,0.22022,0.22022,60094,13237.94682
2025-08-19 20:19:00+08:00,0.22022,0.22022,0.22,0.22,65334,14377.5881
2025-08-19 20:20:00+08:00,0.22,0.22023,0.21996,0.22016,32594,7173.76618
2025-08-19 20:21:00+08:00,0.22016,0.22038,0.22016,0.22033,150188,33077.68372
2025-08-19 20:22:00+08:00,0.22033,0.22033,0.21999,0.21999,12338756,2716336.6649
2025-08-19 20:23:00+08:00,0.21999,0.22015,0.21994,0.22015,297132,65355.73288
2025-08-19 20:24:00+08:00,0.22015,0.2203,0.22014,0.2202,82158,18090.75018
2025-08-19 20:25:00+08:00,0.2202,0.2202,0.22007,0.2201,33714,7420.6414
2025-08-19 20:26:00+08:00,0.2201,0.22034,0.22008,0.22012,251764,55455.8851
2025-08-19 20:27:00+08:00,0.22012,0.22042,0.22006,0.22038,166720,36732.54636
2025-08-19 20:28:00+08:00,0.22038,0.22038,0.22017,0.2202,56604,12467.62236
2025-08-19 20:29:00+08:00,0.2202,0.2202,0.22,0.22004,315036,69321.71368
2025-08-19 20:30:00+08:00,0.22004,0.2201,0.21972,0.21972,320472,70464.78474
2025-08-19 20:31:00+08:00,0.21972,0.21984,0.21962,0.21972,957202,210308.89888
2025-08-19 20:32:00+08:00,0.21972,0.21977,0.21962,0.21962,226088,49668.17994
2025-08-19 20:33:00+08:00,0.21962,0.21962,0.21937,0.21951,1294224,284101.914
2025-08-19 20:34:00+08:00,0.21951,0.21956,0.21934,0.21935,557994,122433.28766
2025-08-19 20:35:00+08:00,0.21935,0.21956,0.21935,0.21956,159724,35050.33682
2025-08-19 20:36:00+08:00,0.21956,0.21966,0.21953,0.21965,404342,88777.17016
2025-08-19 20:37:00+08:00,0.21965,0.21972,0.21961,0.21963,630874,138574.3048
2025-08-19 20:38:00+08:00,0.21963,0.21988,0.21959,0.21988,467052,102652.10776
2025-08-19 20:39:00+08:00,0.21988,0.2199,0.2198,0.2199,254932,56047.55186
2025-08-19 20:40:00+08:00,0.2199,0.22004,0.2199,0.21994,206900,45510.9589
2025-08-19 20:41:00+08:00,0.21994,0.22008,0.21992,0.22008,1045904,230055.37358
2025-08-19 20:42:00+08:00,0.22008,0.2202,0.22005,0.22014,149572,32923.9077
2025-08-19 20:43:00+08:00,0.22014,0.22014,0.21979,0.21979,133316,29324.73868
2025-08-19 20:44:00+08:00,0.21979,0.21997,0.21979,0.21997,583810,128382.72682
2025-08-19 20:45:00+08:00,0.21997,0.22005,0.2196,0.21965,655896,144167.52334
2025-08-19 20:46:00+08:00,0.21965,0.21965,0.21933,0.21933,376440,82628.08628
2025-08-19 20:47:00+08:00,0.21933,0.21949,0.21925,0.21949,673656,147767.68362
2025-08-19 20:48:00+08:00,0.21949,0.21949,0.21932,0.21932,159772,35054.59842
2025-08-19 20:49:00+08:00,0.21932,0.21941,0.21908,0.21927,1030654,225898.53174
2025-08-19 20:50:00+08:00,0.21927,0.21945,0.21925,0.21937,374118,82073.41778
2025-08-19 20:51:00+08:00,0.21937,0.2195,0.21936,0.21938,135676,29766.6221
2025-08-19 20:52:00+08:00,0.21938,0.21956,0.21935,0.21955,120940,26544.33794
2025-08-19 20:53:00+08:00,0.21955,0.21956,0.21944,0.21956,638092,140054.91716
2025-08-19 20:54:00+08:00,0.21956,0.21974,0.21953,0.21965,419230,92065.3885
2025-08-19 20:55:00+08:00,0.21965,0.21992,0.21964,0.21988,140110,30795.73124
2025-08-19 20:56:00+08:00,0.21988,0.2201,0.21984,0.21984,828920,182318.351
2025-08-19 20:57:00+08:00,0.21984,0.22001,0.21973,0.21995,12417888,2731184.28522
2025-08-19 20:58:00+08:00,0.21995,0.22018,0.21995,0.22017,76232,16781.39056
2025-08-19 20:59:00+08:00,0.22017,0.22025,0.22012,0.22025,573874,126341.59468
2025-08-19 21:00:00+08:00,0.22025,0.22036,0.22017,0.22036,450238,99182.96452
2025-08-19 21:01:00+08:00,0.22036,0.22036,0.21997,0.22002,1521314,334700.85978
2025-08-19 21:02:00+08:00,0.22002,0.22028,0.21999,0.22028,182982,40271.22118
2025-08-19 21:03:00+08:00,0.22028,0.22028,0.21996,0.22022,323422,71169.43986
2025-08-19 21:04:00+08:00,0.22022,0.22022,0.22014,0.22015,15488,3409.70478
2025-08-19 21:05:00+08:00,0.22015,0.22015,0.22002,0.22003,34296,7547.09862
2025-08-19 21:06:00+08:00,0.22003,0.22005,0.21977,0.21977,58354,12831.18438
2025-08-19 21:07:00+08:00,0.21977,0.22005,0.21977,0.22005,1365302,300142.51936
2025-08-19 21:08:00+08:00,0.22005,0.22016,0.22003,0.22012,106138,23363.42854
2025-08-19 21:09:00+08:00,0.22012,0.22018,0.22009,0.22014,165786,36497.6071
2025-08-19 21:10:00+08:00,0.22014,0.22035,0.21997,0.22,714312,157201.44034
2025-08-19 21:11:00+08:00,0.22,0.22002,0.21983,0.21983,188248,41402.43246
2025-08-19 21:12:00+08:00,0.21983,0.22,0.21981,0.22,109290,24030.69024
2025-08-19 21:13:00+08:00,0.22,0.22001,0.21982,0.21984,109218,24019.84888
2025-08-19 21:14:00+08:00,0.21984,0.21985,0.21973,0.21975,114108,25078.39052
2025-08-19 21:15:00+08:00,0.21975,0.21982,0.21963,0.21975,479736,105429.68056
2025-08-19 21:16:00+08:00,0.21975,0.21986,0.21973,0.21983,173666,38175.37946
2025-08-19 21:17:00+08:00,0.21983,0.22004,0.21983,0.22002,59378,13059.66118
2025-08-19 21:18:00+08:00,0.22002,0.22024,0.21996,0.22008,271914,59854.73112
2025-08-19 21:19:00+08:00,0.22008,0.22027,0.22008,0.22018,97052,21367.70116
2025-08-19 21:20:00+08:00,0.22018,0.22043,0.22018,0.2204,686476,151268.7744
2025-08-19 21:21:00+08:00,0.2204,0.2204,0.22017,0.22022,122252,26929.60892
2025-08-19 21:22:00+08:00,0.22022,0.22033,0.22013,0.2203,119674,26357.26866
2025-08-19 21:23:00+08:00,0.2203,0.22057,0.22025,0.22051,803852,177227.13126
2025-08-19 21:24:00+08:00,0.22051,0.22084,0.2205,0.22084,982412,216838.70024
2025-08-19 21:25:00+08:00,0.22084,0.22117,0.22073,0.22114,1405122,310455.18732
2025-08-19 21:26:00+08:00,0.22114,0.22134,0.221,0.22114,890170,196874.04286
2025-08-19 21:27:00+08:00,0.22114,0.22144,0.22114,0.22137,869622,192469.42444
2025-08-19 21:28:00+08:00,0.22137,0.22137,0.22102,0.22107,708794,156768.12196
2025-08-19 21:29:00+08:00,0.22107,0.22117,0.22096,0.2211,996522,220252.58086
2025-08-19 21:30:00+08:00,0.2211,0.22235,0.22092,0.22232,5478910,1214871.67004
2025-08-19 21:31:00+08:00,0.22232,0.22234,0.22121,0.22136,3876742,859427.42034
2025-08-19 21:32:00+08:00,0.22136,0.22136,0.21993,0.21997,6956642,1533652.80888
2025-08-19 21:33:00+08:00,0.21997,0.2204,0.21978,0.21986,3202434,704724.78342
2025-08-19 21:34:00+08:00,0.21986,0.22012,0.21954,0.22012,3065790,673663.96666
2025-08-19 21:35:00+08:00,0.22012,0.22027,0.21957,0.21965,1249848,274974.35742
2025-08-19 21:36:00+08:00,0.21965,0.2205,0.21964,0.22041,1581624,348245.32112
2025-08-19 21:37:00+08:00,0.22041,0.22061,0.22019,0.22061,1243190,273924.34458
2025-08-19 21:38:00+08:00,0.22061,0.22067,0.22017,0.2204,230718,50836.11262
2025-08-19 21:39:00+08:00,0.2204,0.2204,0.21961,0.21961,1212044,266669.01624
2025-08-19 21:40:00+08:00,0.21961,0.22012,0.21961,0.21973,2271950,499501.72076
2025-08-19 21:41:00+08:00,0.21973,0.21999,0.21973,0.21999,753124,165581.0759
2025-08-19 21:42:00+08:00,0.21999,0.22015,0.21978,0.2198,2294016,504934.22484
2025-08-19 21:43:00+08:00,0.2198,0.21981,0.21871,0.2188,8296208,1818827.0518
2025-08-19 21:44:00+08:00,0.2188,0.21894,0.21847,0.21869,2410662,527274.42322
2025-08-19 21:45:00+08:00,0.21869,0.2191,0.21863,0.21872,1326940,290312.33696
2025-08-19 21:46:00+08:00,0.21872,0.21887,0.21835,0.21838,1793922,392090.68222
2025-08-19 21:47:00+08:00,0.21838,0.21897,0.21828,0.21869,1328092,290304.67406
2025-08-19 21:48:00+08:00,0.21869,0.21915,0.2186,0.21904,1826856,400025.95562
2025-08-19 21:49:00+08:00,0.21904,0.2192,0.21889,0.21909,587128,128591.1425
2025-08-19 21:50:00+08:00,0.21909,0.2193,0.21874,0.21886,1442938,315982.52974
2025-08-19 21:51:00+08:00,0.21886,0.2195,0.21873,0.21948,673108,147630.16338
2025-08-19 21:52:00+08:00,0.21948,0.21956,0.219,0.21916,2079050,455519.5374
2025-08-19 21:53:00+08:00,0.21916,0.2203,0.21916,0.22025,7389180,1623713.8655
2025-08-19 21:54:00+08:00,0.22025,0.22046,0.21996,0.22011,6222326,1370566.46802
2025-08-19 21:55:00+08:00,0.22011,0.22046,0.21977,0.21987,1028642,226446.3803
2025-08-19 21:56:00+08:00,0.21987,0.22046,0.21972,0.22014,797002,175376.58834
2025-08-19 21:57:00+08:00,0.22014,0.22015,0.21983,0.21999,157384,34616.26492
2025-08-19 21:58:00+08:00,0.21999,0.21999,0.21971,0.2199,611852,134495.3913
2025-08-19 21:59:00+08:00,0.2199,0.21994,0.21976,0.2198,296762,65243.44952
2025-08-19 22:00:00+08:00,0.2198,0.21998,0.21973,0.21977,194922,42856.90322
2025-08-19 22:01:00+08:00,0.21977,0.22051,0.21977,0.22046,702568,154800.82056
2025-08-19 22:02:00+08:00,0.22046,0.22059,0.22025,0.22029,851010,187526.56724
2025-08-19 22:03:00+08:00,0.22029,0.22043,0.22007,0.22039,295000,64974.42656
2025-08-19 22:04:00+08:00,0.22039,0.22079,0.22034,0.22073,791188,174537.3147
2025-08-19 22:05:00+08:00,0.22073,0.22073,0.22037,0.22038,596044,131426.0862
2025-08-19 22:06:00+08:00,0.22038,0.22047,0.21991,0.21993,910880,200681.02688
2025-08-19 22:07:00+08:00,0.21993,0.22028,0.21983,0.22015,653884,143899.5437
2025-08-19 22:08:00+08:00,0.22015,0.22016,0.21939,0.2194,1758960,386567.2734
2025-08-19 22:09:00+08:00,0.2194,0.21984,0.2194,0.21984,315224,69218.2378
2025-08-19 22:10:00+08:00,0.21984,0.21987,0.21937,0.21937,828428,181997.743
2025-08-19 22:11:00+08:00,0.21937,0.21942,0.21907,0.21921,3766120,825857.68372
2025-08-19 22:12:00+08:00,0.21921,0.21937,0.21889,0.21889,837666,183447.74018
2025-08-19 22:13:00+08:00,0.21889,0.21934,0.21888,0.21911,583988,127923.89486
2025-08-19 22:14:00+08:00,0.21911,0.21911,0.21882,0.21886,281992,61733.3202
2025-08-19 22:15:00+08:00,0.21886,0.21907,0.21847,0.2185,2437960,533375.80428
2025-08-19 22:16:00+08:00,0.2185,0.21856,0.21792,0.21802,2494186,544180.387
2025-08-19 22:17:00+08:00,0.21802,0.21844,0.21802,0.21811,4024150,877946.71708
2025-08-19 22:18:00+08:00,0.21811,0.21836,0.21783,0.21786,10540518,2299550.0705
2025-08-19 22:19:00+08:00,0.21786,0.21838,0.21773,0.21802,6058918,1320753.35886
2025-08-19 22:20:00+08:00,0.21802,0.21821,0.21795,0.21813,629058,137175.92706
2025-08-19 22:21:00+08:00,0.21813,0.21834,0.2179,0.218,544940,118840.57508
2025-08-19 22:22:00+08:00,0.218,0.218,0.21754,0.21755,1811790,394477.3162
2025-08-19 22:23:00+08:00,0.21755,0.21775,0.21741,0.21754,1987018,432206.11936
2025-08-19 22:24:00+08:00,0.21754,0.21779,0.21746,0.21768,1323062,287891.3227
2025-08-19 22:25:00+08:00,0.21768,0.21792,0.21733,0.21733,1216904,264699.48552
2025-08-19 22:26:00+08:00,0.21733,0.2174,0.21704,0.21704,3956856,859300.04592
2025-08-19 22:27:00+08:00,0.21704,0.21704,0.21609,0.21619,11162968,2417362.6528
2025-08-19 22:28:00+08:00,0.21619,0.21624,0.21566,0.21569,10492122,2265018.95092
2025-08-19 22:29:00+08:00,0.21569,0.21569,0.21501,0.21513,7365338,1585811.6427
2025-08-19 22:30:00+08:00,0.21513,0.21567,0.21488,0.21493,3236514,696656.70828
2025-08-19 22:31:00+08:00,0.21493,0.21502,0.21399,0.21464,11864368,2544219.4276
2025-08-19 22:32:00+08:00,0.21464,0.216,0.21464,0.2159,7746906,1668935.32428
2025-08-19 22:33:00+08:00,0.2159,0.21613,0.21574,0.21606,4682874,1011100.086
2025-08-19 22:34:00+08:00,0.21606,0.21607,0.2157,0.21587,13948714,3010794.24684
2025-08-19 22:35:00+08:00,0.21587,0.216,0.21536,0.21552,12269496,2646272.1133
2025-08-19 22:36:00+08:00,0.21552,0.21568,0.21504,0.21512,6126160,1318218.31098
2025-08-19 22:37:00+08:00,0.21512,0.21552,0.21512,0.21552,4433758,954743.55234
2025-08-19 22:38:00+08:00,0.21552,0.21578,0.21532,0.21539,2145404,462639.43498
2025-08-19 22:39:00+08:00,0.21539,0.21572,0.21533,0.21556,6528036,1406440.89532
2025-08-19 22:40:00+08:00,0.21556,0.2157,0.21526,0.21529,560980,120878.3812
2025-08-19 22:41:00+08:00,0.21529,0.21542,0.21425,0.21426,6213498,1333284.34776
2025-08-19 22:42:00+08:00,0.21426,0.21468,0.21397,0.21399,9246132,1980522.37422
2025-08-19 22:43:00+08:00,0.21399,0.21459,0.21398,0.2144,4861110,1042531.3086
2025-08-19 22:44:00+08:00,0.2144,0.21496,0.2143,0.21477,2004642,430377.06728
2025-08-19 22:45:00+08:00,0.21477,0.21477,0.21425,0.21425,2444558,524437.5116
2025-08-19 22:46:00+08:00,0.21425,0.21502,0.2142,0.21489,4556938,979213.78452
2025-08-19 22:47:00+08:00,0.21489,0.21511,0.21474,0.21483,1627268,349691.08274
2025-08-19 22:48:00+08:00,0.21483,0.21487,0.21423,0.21428,2474658,531198.83294
2025-08-19 22:49:00+08:00,0.21428,0.21511,0.21427,0.21511,1371766,294638.34246
2025-08-19 22:50:00+08:00,0.21511,0.21524,0.21482,0.2149,839110,180519.03518
2025-08-19 22:51:00+08:00,0.2149,0.21563,0.2149,0.21554,4551762,980240.64208
2025-08-19 22:52:00+08:00,0.21554,0.21572,0.21545,0.21563,2660718,573660.26506
2025-08-19 22:53:00+08:00,0.21563,0.21572,0.21538,0.2156,771232,166237.84508
2025-08-19 22:54:00+08:00,0.2156,0.2157,0.21547,0.21551,530860,114453.19462
2025-08-19 22:55:00+08:00,0.21551,0.21563,0.21526,0.21526,3599136,775251.43324
2025-08-19 22:56:00+08:00,0.21526,0.21535,0.21502,0.21526,1404336,302227.0826
2025-08-19 22:57:00+08:00,0.21526,0.21544,0.21503,0.21504,1545698,332610.49784
2025-08-19 22:58:00+08:00,0.21504,0.21524,0.21493,0.21503,1310352,281887.82244
2025-08-19 22:59:00+08:00,0.21503,0.21519,0.21495,0.215,4165340,895996.6818
2025-08-19 23:00:00+08:00,0.215,0.21547,0.21495,0.21502,990144,213032.33648
2025-08-19 23:01:00+08:00,0.21502,0.21532,0.21478,0.21499,1857412,399364.88796
2025-08-19 23:02:00+08:00,0.21499,0.21541,0.21496,0.21508,2026840,436148.63422
2025-08-19 23:03:00+08:00,0.21508,0.21554,0.21502,0.21551,1829054,393764.07402
2025-08-19 23:04:00+08:00,0.21551,0.21554,0.2152,0.21523,231192,49792.9153
2025-08-19 23:05:00+08:00,0.21523,0.2153,0.21484,0.21485,667070,143380.66256
2025-08-19 23:06:00+08:00,0.21485,0.2152,0.21485,0.21494,360004,77409.16968
2025-08-19 23:07:00+08:00,0.21494,0.21515,0.21395,0.21447,6911718,1481319.25352
2025-08-19 23:08:00+08:00,0.21447,0.21566,0.21447,0.21511,5607312,1208144.15096
2025-08-19 23:09:00+08:00,0.21511,0.21544,0.21495,0.21525,1493742,321428.7291
2025-08-19 23:10:00+08:00,0.21525,0.21535,0.21475,0.2152,3482352,748752.28948
2025-08-19 23:11:00+08:00,0.2152,0.21521,0.21471,0.21476,1769664,380365.31564
2025-08-19 23:12:00+08:00,0.21476,0.21505,0.21476,0.21495,995310,213828.19712
2025-08-19 23:13:00+08:00,0.21495,0.21531,0.21487,0.21531,2452526,527802.74346
2025-08-19 23:14:00+08:00,0.21531,0.21536,0.21508,0.21508,3809344,819614.54292
2025-08-19 23:15:00+08:00,0.21508,0.21547,0.21502,0.21502,846216,182218.726
2025-08-19 23:16:00+08:00,0.21502,0.21533,0.21489,0.21533,977500,210202.73308
2025-08-19 23:17:00+08:00,0.21533,0.21584,0.21531,0.21559,9303328,2006622.4442
2025-08-19 23:18:00+08:00,0.21559,0.21559,0.21533,0.21559,4594156,989709.48382
2025-08-19 23:19:00+08:00,0.21559,0.21559,0.21527,0.21556,5821338,1254004.6155
2025-08-19 23:20:00+08:00,0.21556,0.21604,0.21548,0.21604,1552062,334943.51732
2025-08-19 23:21:00+08:00,0.21604,0.21644,0.21592,0.21638,2775076,599857.88314
2025-08-19 23:22:00+08:00,0.21638,0.21647,0.21599,0.21612,1111278,240371.91144
2025-08-19 23:23:00+08:00,0.21612,0.2167,0.21598,0.21665,2818358,610574.50294
2025-08-19 23:24:00+08:00,0.21665,0.21695,0.21665,0.21672,13349056,2894940.06278
2025-08-19 23:25:00+08:00,0.21672,0.21688,0.21645,0.21666,10898346,2360810.2258
2025-08-19 23:26:00+08:00,0.21666,0.21718,0.21666,0.2171,1510026,327843.29212
2025-08-19 23:27:00+08:00,0.2171,0.21746,0.21698,0.21746,2096184,455246.57428
2025-08-19 23:28:00+08:00,0.21746,0.21747,0.21715,0.21721,915726,199019.9633
2025-08-19 23:29:00+08:00,0.21721,0.2175,0.21715,0.21733,2618694,569216.62676
2025-08-19 23:30:00+08:00,0.21733,0.21751,0.21709,0.21718,4765150,1035660.66116
2025-08-19 23:31:00+08:00,0.21718,0.21719,0.21677,0.21696,1140358,247381.0571
2025-08-19 23:32:00+08:00,0.21696,0.21706,0.21673,0.21674,1636630,354970.4201
2025-08-19 23:33:00+08:00,0.21674,0.21684,0.21661,0.21663,1164444,252340.19996
2025-08-19 23:34:00+08:00,0.21663,0.21687,0.21663,0.21679,2825270,612370.2647
2025-08-19 23:35:00+08:00,0.21679,0.2169,0.21671,0.21672,253950,55058.03356
2025-08-19 23:36:00+08:00,0.21672,0.21672,0.21628,0.2163,1148712,248561.4279
2025-08-19 23:37:00+08:00,0.2163,0.21655,0.2163,0.21646,860816,186314.08058
2025-08-19 23:38:00+08:00,0.21646,0.21647,0.21604,0.21606,733780,158674.1682
2025-08-19 23:39:00+08:00,0.21606,0.21623,0.21599,0.216,408052,88158.26608
2025-08-19 23:40:00+08:00,0.216,0.2163,0.21586,0.21622,2382740,514570.39642
2025-08-19 23:41:00+08:00,0.21622,0.21622,0.2156,0.21581,1468996,316969.2755
2025-08-19 23:42:00+08:00,0.21581,0.21606,0.2158,0.21605,123832,26741.83768
2025-08-19 23:43:00+08:00,0.21605,0.21651,0.216,0.21646,557128,120576.81582
2025-08-19 23:44:00+08:00,0.21646,0.21661,0.2162,0.2162,432616,93593.90304
2025-08-19 23:45:00+08:00,0.2162,0.21629,0.2159,0.21597,359580,77722.78802
2025-08-19 23:46:00+08:00,0.21597,0.21612,0.21572,0.2158,12848298,2772538.3317
2025-08-19 23:47:00+08:00,0.2158,0.2158,0.21478,0.21485,6633066,1427737.6674
2025-08-19 23:48:00+08:00,0.21485,0.21549,0.21485,0.21506,849536,182964.26974
2025-08-19 23:49:00+08:00,0.21506,0.21507,0.21449,0.21472,6102900,1309792.29564
2025-08-19 23:50:00+08:00,0.21472,0.21473,0.21408,0.21433,7493952,1605793.42836
2025-08-19 23:51:00+08:00,0.21433,0.21439,0.21364,0.21373,10828888,2317353.28414
2025-08-19 23:52:00+08:00,0.21373,0.21429,0.21366,0.21426,1227490,262575.48924
2025-08-19 23:53:00+08:00,0.21426,0.21437,0.21419,0.21425,969406,207726.74678
2025-08-19 23:54:00+08:00,0.21425,0.2146,0.21425,0.21446,3079266,660281.9646
2025-08-19 23:55:00+08:00,0.21446,0.21465,0.21427,0.21441,4402598,944140.76662
2025-08-19 23:56:00+08:00,0.21441,0.21469,0.21441,0.21457,153436,32924.35402
2025-08-19 23:57:00+08:00,0.21457,0.21468,0.21448,0.21455,472472,101374.43908
2025-08-19 23:58:00+08:00,0.21455,0.21472,0.21427,0.21427,1826858,391624.41704
2025-08-19 23:59:00+08:00,0.21427,0.21429,0.2141,0.21427,1042960,223349.32056
2025-08-20 00:00:00+08:00,0.21427,0.21457,0.21388,0.21411,5660866,1212183.65982
2025-08-20 00:01:00+08:00,0.21411,0.21431,0.21393,0.21402,1167966,249977.94804
2025-08-20 00:02:00+08:00,0.21402,0.21434,0.21402,0.21419,737690,158055.65234
2025-08-20 00:03:00+08:00,0.21419,0.21448,0.21402,0.21447,1968802,421832.15404
2025-08-20 00:04:00+08:00,0.21447,0.21491,0.21447,0.21448,1508366,323808.90786
2025-08-20 00:05:00+08:00,0.21448,0.21466,0.21407,0.21407,1345458,288283.6914
2025-08-20 00:06:00+08:00,0.21407,0.2144,0.214,0.21438,547712,117299.77736
2025-08-20 00:07:00+08:00,0.21438,0.21455,0.2141,0.2141,193730,41511.46014
2025-08-20 00:08:00+08:00,0.2141,0.21428,0.21401,0.21401,738822,158188.19266
2025-08-20 00:09:00+08:00,0.21401,0.2142,0.21386,0.21415,901662,192933.69458
2025-08-20 00:10:00+08:00,0.21415,0.21473,0.21415,0.21453,914922,196321.7969
2025-08-20 00:11:00+08:00,0.21453,0.21462,0.21424,0.21458,387022,83004.1569
2025-08-20 00:12:00+08:00,0.21458,0.2148,0.21446,0.21453,6422192,1378389.62724
2025-08-20 00:13:00+08:00,0.21453,0.21455,0.21419,0.2142,799488,171436.18716
2025-08-20 00:14:00+08:00,0.2142,0.21436,0.21387,0.21392,848392,181605.02082
2025-08-20 00:15:00+08:00,0.21392,0.21436,0.21375,0.21413,1553204,332577.88618
2025-08-20 00:16:00+08:00,0.21413,0.21455,0.21406,0.21454,845016,180988.46626
2025-08-20 00:17:00+08:00,0.21454,0.21454,0.21406,0.21416,387932,83140.59584
2025-08-20 00:18:00+08:00,0.21416,0.21418,0.21381,0.21418,441660,94504.88808
2025-08-20 00:19:00+08:00,0.21418,0.21445,0.21416,0.21426,171798,36804.46168
2025-08-20 00:20:00+08:00,0.21426,0.21446,0.21409,0.2144,563858,120793.67438
2025-08-20 00:21:00+08:00,0.2144,0.21478,0.21432,0.21433,1237446,265407.81626
2025-08-20 00:22:00+08:00,0.21433,0.21461,0.21425,0.21459,167548,35929.64504
2025-08-20 00:23:00+08:00,0.21459,0.21484,0.21446,0.21472,540080,115870.1994
2025-08-20 00:24:00+08:00,0.21472,0.21472,0.2145,0.21456,112826,24210.45078
2025-08-20 00:25:00+08:00,0.21456,0.21474,0.21429,0.21429,2224376,477266.88558
2025-08-20 00:26:00+08:00,0.21429,0.21433,0.21405,0.21405,4834352,1035072.60238
2025-08-20 00:27:00+08:00,0.21405,0.2142,0.2137,0.21372,1091672,233471.6224
2025-08-20 00:28:00+08:00,0.21372,0.21384,0.21367,0.21384,468146,100044.5522
2025-08-20 00:29:00+08:00,0.21384,0.21403,0.2134,0.21341,4819950,1029118.81492
2025-08-20 00:30:00+08:00,0.21341,0.21361,0.21336,0.21346,717364,153123.7031
2025-08-20 00:31:00+08:00,0.21346,0.21387,0.21308,0.21308,6516060,1389766.79332
2025-08-20 00:32:00+08:00,0.21308,0.21346,0.21304,0.21341,883124,188240.17612
2025-08-20 00:33:00+08:00,0.21341,0.21378,0.21339,0.21361,456908,97547.02582
2025-08-20 00:34:00+08:00,0.21361,0.21364,0.21339,0.21363,467876,99886.58778
2025-08-20 00:35:00+08:00,0.21363,0.21382,0.21355,0.21359,444330,94949.51572
2025-08-20 00:36:00+08:00,0.21359,0.21365,0.2129,0.21296,8651224,1843148.89308
2025-08-20 00:37:00+08:00,0.21296,0.21419,0.21216,0.21363,26817726,5706183.30772
2025-08-20 00:38:00+08:00,0.21363,0.21377,0.21312,0.2132,2499944,533457.87594
2025-08-20 00:39:00+08:00,0.2132,0.21325,0.21263,0.21271,5976056,1271773.6743
2025-08-20 00:40:00+08:00,0.21271,0.21298,0.21239,0.21275,1294504,275362.2757
2025-08-20 00:41:00+08:00,0.21275,0.21318,0.21275,0.21301,1438812,306305.37492
2025-08-20 00:42:00+08:00,0.21301,0.21364,0.21301,0.21348,880192,187901.7674
2025-08-20 00:43:00+08:00,0.21348,0.21365,0.21309,0.2131,89340,19054.45774
2025-08-20 00:44:00+08:00,0.2131,0.21346,0.2131,0.21343,184588,39371.25606
2025-08-20 00:45:00+08:00,0.21343,0.21354,0.21301,0.21307,673286,143591.25714
2025-08-20 00:46:00+08:00,0.21307,0.21311,0.21275,0.21295,1501380,319741.7288
2025-08-20 00:47:00+08:00,0.21295,0.21339,0.21279,0.21289,644626,137329.37636
2025-08-20 00:48:00+08:00,0.21289,0.21289,0.21265,0.21278,5199626,1106124.88832
2025-08-20 00:49:00+08:00,0.21278,0.21278,0.21242,0.21242,2526116,536819.261
2025-08-20 00:50:00+08:00,0.21242,0.21254,0.212,0.21219,3857396,818622.4737
2025-08-20 00:51:00+08:00,0.21219,0.21295,0.21219,0.21279,2259398,480598.00304
2025-08-20 00:52:00+08:00,0.21279,0.21318,0.21275,0.21305,1006198,214352.10006
2025-08-20 00:53:00+08:00,0.21305,0.21357,0.21305,0.21348,832262,177532.9807
2025-08-20 00:54:00+08:00,0.21348,0.21348,0.21294,0.213,173532,36988.32806
2025-08-20 00:55:00+08:00,0.213,0.21312,0.2129,0.2129,987680,210327.13862
2025-08-20 00:56:00+08:00,0.2129,0.21323,0.2129,0.21323,780538,166217.88534
2025-08-20 00:57:00+08:00,0.21323,0.21329,0.21259,0.21279,4354476,926817.3779
2025-08-20 00:58:00+08:00,0.21279,0.21303,0.21279,0.21293,1330436,283297.9306
2025-08-20 00:59:00+08:00,0.21293,0.21302,0.21259,0.21287,1900146,404454.99604
2025-08-20 01:00:00+08:00,0.21287,0.21312,0.21272,0.2131,456048,97133.22774
2025-08-20 01:01:00+08:00,0.2131,0.21345,0.21256,0.21314,2805870,598037.61156
2025-08-20 01:02:00+08:00,0.21314,0.21332,0.21307,0.2132,606586,129318.3231
2025-08-20 01:03:00+08:00,0.2132,0.21347,0.21291,0.21292,1002456,213854.83264
2025-08-20 01:04:00+08:00,0.21292,0.21292,0.21251,0.21253,1309190,278364.3211
2025-08-20 01:05:00+08:00,0.21253,0.21273,0.21178,0.21183,8414476,1784469.6245
2025-08-20 01:06:00+08:00,0.21183,0.21294,0.21155,0.21227,8384392,1778140.26748
2025-08-20 01:07:00+08:00,0.21227,0.2124,0.21211,0.21214,898960,190793.28534
2025-08-20 01:08:00+08:00,0.21214,0.21235,0.21203,0.21225,1148462,243612.5956
2025-08-20 01:09:00+08:00,0.21225,0.21278,0.21225,0.2124,518626,110205.00516
2025-08-20 01:10:00+08:00,0.2124,0.21294,0.21238,0.21292,973178,206880.0539
2025-08-20 01:11:00+08:00,0.21292,0.21334,0.21283,0.21313,6251072,1332753.95692
2025-08-20 01:12:00+08:00,0.21313,0.21339,0.21299,0.21308,2323492,495416.14164
2025-08-20 01:13:00+08:00,0.21308,0.21309,0.21272,0.21283,246430,52461.21112
2025-08-20 01:14:00+08:00,0.21283,0.2137,0.21283,0.21368,1740554,371705.2288
2025-08-20 01:15:00+08:00,0.21368,0.21389,0.2133,0.21332,1889466,403708.81872
2025-08-20 01:16:00+08:00,0.21332,0.21351,0.21319,0.21334,889430,189745.66032
2025-08-20 01:17:00+08:00,0.21334,0.21367,0.2133,0.21358,577436,123242.81346
2025-08-20 01:18:00+08:00,0.21358,0.21372,0.21328,0.21328,1394144,297759.55776
2025-08-20 01:19:00+08:00,0.21328,0.21359,0.21327,0.21358,320072,68300.71436
2025-08-20 01:20:00+08:00,0.21358,0.21376,0.21348,0.21364,436154,93187.2925
2025-08-20 01:21:00+08:00,0.21364,0.21378,0.21335,0.21348,767928,164023.77
2025-08-20 01:22:00+08:00,0.21348,0.21366,0.21334,0.21363,871180,185997.0857
2025-08-20 01:23:00+08:00,0.21363,0.21395,0.21352,0.21394,578926,123767.93118
2025-08-20 01:24:00+08:00,0.21394,0.21419,0.21384,0.21416,271186,58025.04716
2025-08-20 01:25:00+08:00,0.21416,0.21418,0.21389,0.21402,354778,75925.9508
2025-08-20 01:26:00+08:00,0.21402,0.21407,0.21377,0.214,1127982,241208.05572
2025-08-20 01:27:00+08:00,0.214,0.21403,0.21379,0.21394,633174,135451.2033
2025-08-20 01:28:00+08:00,0.21394,0.21425,0.21394,0.2141,574820,123089.10404
2025-08-20 01:29:00+08:00,0.2141,0.21411,0.21397,0.21411,56254,12041.16144
2025-08-20 01:30:00+08:00,0.21411,0.21432,0.21387,0.2143,463732,99297.52622
2025-08-20 01:31:00+08:00,0.2143,0.21444,0.21421,0.21438,942706,202058.97836
2025-08-20 01:32:00+08:00,0.21438,0.21442,0.21412,0.21414,210248,45036.57314
2025-08-20 01:33:00+08:00,0.21414,0.21428,0.21404,0.2142,935420,200330.97114
2025-08-20 01:34:00+08:00,0.2142,0.21433,0.21413,0.21415,427182,91540.13558
2025-08-20 01:35:00+08:00,0.21415,0.21422,0.21376,0.21376,482796,103261.70026
2025-08-20 01:36:00+08:00,0.21376,0.21395,0.21374,0.21377,40856,8735.08718
2025-08-20 01:37:00+08:00,0.21377,0.21405,0.21377,0.21395,144800,30986.04586
2025-08-20 01:38:00+08:00,0.21395,0.21405,0.2136,0.21402,2492270,532838.12718
2025-08-20 01:39:00+08:00,0.21402,0.21404,0.21368,0.21371,525600,112389.77954
2025-08-20 01:40:00+08:00,0.21371,0.21396,0.21371,0.21396,128830,27543.66964
2025-08-20 01:41:00+08:00,0.21396,0.21398,0.21375,0.21375,59980,12830.21976
2025-08-20 01:42:00+08:00,0.21375,0.21382,0.21353,0.21353,131256,28039.636
2025-08-20 01:43:00+08:00,0.21353,0.21374,0.21353,0.21366,60810,12992.92668
2025-08-20 01:44:00+08:00,0.21366,0.21371,0.21361,0.21362,106020,22649.29284
2025-08-20 01:45:00+08:00,0.21362,0.21366,0.21337,0.21337,883606,188671.54126
2025-08-20 01:46:00+08:00,0.21337,0.21343,0.21298,0.21304,2163532,461343.16988
2025-08-20 01:47:00+08:00,0.21304,0.21332,0.21304,0.21317,547986,116835.68768
2025-08-20 01:48:00+08:00,0.21317,0.21338,0.21317,0.21338,117180,25000.17862
2025-08-20 01:49:00+08:00,0.21338,0.21345,0.21329,0.21331,62730,13385.4453
2025-08-20 01:50:00+08:00,0.21331,0.21351,0.21331,0.21347,239534,51116.17652
2025-08-20 01:51:00+08:00,0.21347,0.21377,0.21342,0.21368,240210,51322.82826
2025-08-20 01:52:00+08:00,0.21368,0.21373,0.21326,0.21334,484916,103587.73948
2025-08-20 01:53:00+08:00,0.21334,0.21346,0.21331,0.21346,515262,109933.5823
2025-08-20 01:54:00+08:00,0.21346,0.21346,0.21332,0.21346,109690,23413.06394
2025-08-20 01:55:00+08:00,0.21346,0.21354,0.21338,0.21338,189690,40501.50332
2025-08-20 01:56:00+08:00,0.21338,0.21354,0.21338,0.21339,66578,14211.67992
2025-08-20 01:57:00+08:00,0.21339,0.21373,0.21339,0.21359,169658,36236.84878
2025-08-20 01:58:00+08:00,0.21359,0.21392,0.21354,0.21383,230372,49259.1294
2025-08-20 01:59:00+08:00,0.21383,0.21383,0.21362,0.21367,96082,20533.34148
2025-08-20 02:00:00+08:00,0.21367,0.21374,0.21344,0.21369,1035300,221110.85808
2025-08-20 02:01:00+08:00,0.21369,0.21375,0.21338,0.21343,899990,192169.44926
2025-08-20 02:02:00+08:00,0.21343,0.21378,0.21343,0.21378,36494,7792.70888
2025-08-20 02:03:00+08:00,0.21378,0.21378,0.21339,0.21346,365268,77988.09302
2025-08-20 02:04:00+08:00,0.21346,0.21368,0.21345,0.21368,269858,57643.30966
2025-08-20 02:05:00+08:00,0.21368,0.21368,0.21342,0.21342,117746,25132.7346
2025-08-20 02:06:00+08:00,0.21342,0.21347,0.21335,0.2134,168112,35875.64768
2025-08-20 02:07:00+08:00,0.2134,0.21374,0.2134,0.21362,583038,124547.0709
2025-08-20 02:08:00+08:00,0.21362,0.21372,0.21341,0.21368,1058002,226039.70912
2025-08-20 02:09:00+08:00,0.21368,0.21382,0.21364,0.21382,136546,29180.43382
2025-08-20 02:10:00+08:00,0.21382,0.21382,0.21352,0.21352,752702,160845.21442
2025-08-20 02:11:00+08:00,0.21352,0.21377,0.21352,0.21375,68770,14697.7967
2025-08-20 02:12:00+08:00,0.21375,0.21398,0.21373,0.21398,379744,81214.75228
2025-08-20 02:13:00+08:00,0.21398,0.214,0.2138,0.21383,47334,10125.83122
2025-08-20 02:14:00+08:00,0.21383,0.21396,0.21365,0.21365,215918,46176.30886
2025-08-20 02:15:00+08:00,0.21365,0.21377,0.21347,0.21377,1527334,326432.75578
2025-08-20 02:16:00+08:00,0.21377,0.21398,0.21377,0.21391,537518,114947.25072
2025-08-20 02:17:00+08:00,0.21391,0.21391,0.21371,0.21374,52972,11322.84632
2025-08-20 02:18:00+08:00,0.21374,0.21375,0.21363,0.21363,97956,20935.13016
2025-08-20 02:19:00+08:00,0.21363,0.21381,0.21336,0.2134,507036,108205.79098
2025-08-20 02:20:00+08:00,0.2134,0.21357,0.21333,0.21333,712238,152044.38918
2025-08-20 02:21:00+08:00,0.21333,0.21357,0.2132,0.21352,2204132,470188.45874
2025-08-20 02:22:00+08:00,0.21352,0.2137,0.2135,0.21361,3022274,645688.32516
2025-08-20 02:23:00+08:00,0.21361,0.21367,0.21349,0.21366,562914,120245.55314
2025-08-20 02:24:00+08:00,0.21366,0.21405,0.21366,0.21403,3931172,840610.59778
2025-08-20 02:25:00+08:00,0.21403,0.21435,0.21397,0.21432,231148,49519.02282
2025-08-20 02:26:00+08:00,0.21432,0.21433,0.21413,0.21417,6434630,1378083.66536
2025-08-20 02:27:00+08:00,0.21417,0.21417,0.21383,0.21383,419218,89714.42914
2025-08-20 02:28:00+08:00,0.21383,0.21389,0.21376,0.21389,405242,86631.21362
2025-08-20 02:29:00+08:00,0.21389,0.21389,0.2135,0.21353,179560,38366.21778
2025-08-20 02:30:00+08:00,0.21353,0.21372,0.21341,0.21361,694296,148247.69516
2025-08-20 02:31:00+08:00,0.21361,0.2139,0.21361,0.21378,35432,7574.85824
2025-08-20 02:32:00+08:00,0.21378,0.21402,0.21378,0.21402,81468,17429.68218
2025-08-20 02:33:00+08:00,0.21402,0.21402,0.21375,0.21379,95600,20439.4965
2025-08-20 02:34:00+08:00,0.21379,0.21402,0.21379,0.21393,203274,43494.1668
2025-08-20 02:35:00+08:00,0.21393,0.21413,0.21393,0.21396,103614,22183.52692
2025-08-20 02:36:00+08:00,0.21396,0.21418,0.21387,0.21387,125956,26948.7608
2025-08-20 02:37:00+08:00,0.21387,0.21387,0.2135,0.21356,423412,90488.40196
2025-08-20 02:38:00+08:00,0.21356,0.2137,0.21351,0.21353,2911814,622057.84936
2025-08-20 02:39:00+08:00,0.21353,0.21371,0.21353,0.21358,710406,151722.9232
2025-08-20 02:40:00+08:00,0.21358,0.21373,0.21349,0.21349,248096,52988.05566
2025-08-20 02:41:00+08:00,0.21349,0.21349,0.21281,0.21284,1854854,395240.92046
2025-08-20 02:42:00+08:00,0.21284,0.213,0.21259,0.21272,620050,131936.31694
2025-08-20 02:43:00+08:00,0.21272,0.21284,0.21232,0.21236,1100450,233848.5432
2025-08-20 02:44:00+08:00,0.21236,0.21255,0.21225,0.21249,964266,204715.73502
2025-08-20 02:45:00+08:00,0.21249,0.21265,0.21243,0.21251,962520,204561.97154
2025-08-20 02:46:00+08:00,0.21251,0.21272,0.21251,0.21266,534192,113580.57538
2025-08-20 02:47:00+08:00,0.21266,0.21295,0.21257,0.21257,79726,16964.84052
2025-08-20 02:48:00+08:00,0.21257,0.21275,0.21232,0.21232,376752,80060.5713
2025-08-20 02:49:00+08:00,0.21232,0.21238,0.21191,0.21191,2213328,469572.05718
2025-08-20 02:50:00+08:00,0.21191,0.21211,0.21172,0.21177,1066406,225991.402
2025-08-20 02:51:00+08:00,0.21177,0.21194,0.21113,0.21132,40898282,8646231.8106
2025-08-20 02:52:00+08:00,0.21132,0.21158,0.21115,0.21151,1576426,333020.30542
2025-08-20 02:53:00+08:00,0.21151,0.21197,0.21151,0.21185,2821430,597595.53324
2025-08-20 02:54:00+08:00,0.21185,0.21223,0.21182,0.21221,953448,202171.09016
2025-08-20 02:55:00+08:00,0.21221,0.21249,0.21215,0.21215,807998,171600.19486
2025-08-20 02:56:00+08:00,0.21215,0.21221,0.21192,0.21208,1212632,257092.42582
2025-08-20 02:57:00+08:00,0.21208,0.21216,0.21194,0.21202,570076,120919.91744
2025-08-20 02:58:00+08:00,0.21202,0.21212,0.21192,0.21196,565376,119857.33634
2025-08-20 02:59:00+08:00,0.21196,0.21219,0.21184,0.21188,929626,197034.42036
2025-08-20 03:00:00+08:00,0.21188,0.21191,0.21141,0.21145,4133376,875451.05966
2025-08-20 03:01:00+08:00,0.21145,0.21151,0.21062,0.21064,4906582,1035203.31558
2025-08-20 03:02:00+08:00,0.21064,0.21099,0.21037,0.21064,5028132,1058744.25574
2025-08-20 03:03:00+08:00,0.21064,0.21091,0.21059,0.21066,2324636,489910.79816
2025-08-20 03:04:00+08:00,0.21066,0.21102,0.21046,0.21069,4114638,866619.78822
2025-08-20 03:05:00+08:00,0.21069,0.21135,0.21069,0.21088,1188612,250910.249
2025-08-20 03:06:00+08:00,0.21088,0.21091,0.21042,0.21047,746464,157244.5154
2025-08-20 03:07:00+08:00,0.21047,0.21075,0.21047,0.2107,371798,78320.079
2025-08-20 03:08:00+08:00,0.2107,0.21078,0.2106,0.21063,1025338,216018.81726
2025-08-20 03:09:00+08:00,0.21063,0.211,0.21057,0.21083,1859250,391905.09412
2025-08-20 03:10:00+08:00,0.21083,0.21083,0.21059,0.21067,350674,73866.41898
2025-08-20 03:11:00+08:00,0.21067,0.21084,0.21044,0.21078,1682770,354649.37262
2025-08-20 03:12:00+08:00,0.21078,0.21096,0.21066,0.21092,98304,20730.97072
2025-08-20 03:13:00+08:00,0.21092,0.21115,0.21086,0.21095,720822,152109.7761
2025-08-20 03:14:00+08:00,0.21095,0.21119,0.21092,0.21105,1700772,359025.07288
2025-08-20 03:15:00+08:00,0.21105,0.21105,0.21066,0.21069,313256,66036.72544
2025-08-20 03:16:00+08:00,0.21069,0.21093,0.21056,0.21089,1881612,396367.48168
2025-08-20 03:17:00+08:00,0.21089,0.21109,0.2108,0.21108,976544,205974.4404
2025-08-20 03:18:00+08:00,0.21108,0.21175,0.21108,0.21147,2576250,544965.08642
2025-08-20 03:19:00+08:00,0.21147,0.2121,0.21147,0.21205,760412,161091.2871
2025-08-20 03:20:00+08:00,0.21205,0.21232,0.21191,0.21232,210904,44730.49188
2025-08-20 03:21:00+08:00,0.21232,0.21295,0.21232,0.21287,1572644,334435.0416
2025-08-20 03:22:00+08:00,0.21287,0.21294,0.21266,0.21289,812996,172968.94658
2025-08-20 03:23:00+08:00,0.21289,0.21298,0.21271,0.21288,646640,137653.30578
2025-08-20 03:24:00+08:00,0.21288,0.21322,0.21288,0.21322,274652,58522.05802
2025-08-20 03:25:00+08:00,0.21322,0.21357,0.21322,0.21332,3907774,834314.16122
2025-08-20 03:26:00+08:00,0.21332,0.21358,0.21318,0.21358,457866,97709.9665
2025-08-20 03:27:00+08:00,0.21358,0.21377,0.21358,0.21363,712504,152271.402
2025-08-20 03:28:00+08:00,0.21363,0.21378,0.21359,0.21378,767416,163992.1869
2025-08-20 03:29:00+08:00,0.21378,0.2138,0.21348,0.21361,1248966,266846.37026
2025-08-20 03:30:00+08:00,0.21361,0.21373,0.21352,0.21373,824572,176166.27828
2025-08-20 03:31:00+08:00,0.21373,0.21373,0.21316,0.21317,1424006,303782.91078
2025-08-20 03:32:00+08:00,0.21317,0.21333,0.21303,0.2132,1053982,224747.95422
2025-08-20 03:33:00+08:00,0.2132,0.21346,0.21315,0.21321,417590,89070.50188
2025-08-20 03:34:00+08:00,0.21321,0.2133,0.21309,0.2133,218172,46513.3634
2025-08-20 03:35:00+08:00,0.2133,0.21346,0.2133,0.21336,338380,72191.37734
2025-08-20 03:36:00+08:00,0.21336,0.21354,0.21331,0.21354,349234,74519.86284
2025-08-20 03:37:00+08:00,0.21354,0.21364,0.21346,0.21364,147764,31555.70686
2025-08-20 03:38:00+08:00,0.21364,0.21365,0.2134,0.21342,249962,53386.67064
2025-08-20 03:39:00+08:00,0.21342,0.21348,0.21335,0.21335,246746,52663.15574
2025-08-20 03:40:00+08:00,0.21335,0.21345,0.21321,0.21345,28256,6029.71084
2025-08-20 03:41:00+08:00,0.21345,0.21349,0.21319,0.21336,801852,171027.45818
2025-08-20 03:42:00+08:00,0.21336,0.21347,0.21335,0.21338,755340,161218.83172
2025-08-20 03:43:00+08:00,0.21338,0.2134,0.21317,0.21331,381352,81345.79668
2025-08-20 03:44:00+08:00,0.21331,0.21331,0.21312,0.21321,55596,11852.53662
2025-08-20 03:45:00+08:00,0.21321,0.21325,0.21314,0.21321,94880,20228.81782
2025-08-20 03:46:00+08:00,0.21321,0.21331,0.21308,0.2133,113248,24146.93602
2025-08-20 03:47:00+08:00,0.2133,0.2133,0.2126,0.21265,1060514,225627.86632
2025-08-20 03:48:00+08:00,0.21265,0.21279,0.21262,0.21277,605774,128854.79546
2025-08-20 03:49:00+08:00,0.21277,0.21292,0.21274,0.21274,313808,66791.35952
2025-08-20 03:50:00+08:00,0.21274,0.21274,0.2124,0.2127,671584,142747.18222
2025-08-20 03:51:00+08:00,0.2127,0.21271,0.21227,0.21232,430084,91413.01666
2025-08-20 03:52:00+08:00,0.21232,0.21245,0.21222,0.21228,466756,99087.4916
2025-08-20 03:53:00+08:00,0.21228,0.21229,0.21193,0.2121,985708,209033.22918
2025-08-20 03:54:00+08:00,0.2121,0.21229,0.21207,0.21211,201846,42831.47416
2025-08-20 03:55:00+08:00,0.21211,0.2129,0.21211,0.21243,1125938,239425.14534
2025-08-20 03:56:00+08:00,0.21243,0.21243,0.21216,0.21216,620740,131778.41802
2025-08-20 03:57:00+08:00,0.21216,0.21239,0.21199,0.21199,490924,104102.12244
2025-08-20 03:58:00+08:00,0.21199,0.21209,0.21179,0.21199,192236,40733.6223
2025-08-20 03:59:00+08:00,0.21199,0.21213,0.21186,0.212,657544,139378.52062
2025-08-20 04:00:00+08:00,0.212,0.21227,0.21184,0.21227,1315110,278832.63306
2025-08-20 04:01:00+08:00,0.21227,0.2125,0.21219,0.21233,211572,44912.56856
2025-08-20 04:02:00+08:00,0.21233,0.21233,0.21216,0.21216,635966,134988.51408
2025-08-20 04:03:00+08:00,0.21216,0.21219,0.21207,0.21213,841878,178568.41498
2025-08-20 04:04:00+08:00,0.21213,0.21224,0.21201,0.21221,243656,51690.59858
2025-08-20 04:05:00+08:00,0.21221,0.21231,0.21201,0.21204,171884,36464.47922
2025-08-20 04:06:00+08:00,0.21204,0.21204,0.21162,0.21162,503104,106509.40158
2025-08-20 04:07:00+08:00,0.21162,0.21193,0.21156,0.2118,480580,101769.24206
2025-08-20 04:08:00+08:00,0.2118,0.21187,0.21173,0.21178,211110,44714.39456
2025-08-20 04:09:00+08:00,0.21178,0.2119,0.21139,0.21147,658240,139314.04742
2025-08-20 04:10:00+08:00,0.21147,0.21162,0.21123,0.2113,274102,57920.9028
2025-08-20 04:11:00+08:00,0.2113,0.21146,0.21122,0.21134,176562,37306.2132
2025-08-20 04:12:00+08:00,0.21134,0.21141,0.21108,0.21108,1087648,229675.20398
2025-08-20 04:13:00+08:00,0.21108,0.21147,0.21108,0.21117,1331590,281397.36394
2025-08-20 04:14:00+08:00,0.21117,0.21131,0.21117,0.21127,161914,34200.30812
2025-08-20 04:15:00+08:00,0.21127,0.21139,0.21112,0.21123,415138,87708.97254
2025-08-20 04:16:00+08:00,0.21123,0.21181,0.21123,0.21175,737512,156126.93298
2025-08-20 04:17:00+08:00,0.21175,0.21192,0.21168,0.2118,508656,107738.95762
2025-08-20 04:18:00+08:00,0.2118,0.21203,0.21172,0.21179,356278,75481.23654
2025-08-20 04:19:00+08:00,0.21179,0.21179,0.21158,0.21178,976680,206707.998
2025-08-20 04:20:00+08:00,0.21178,0.21214,0.21177,0.21211,628864,133290.08318
2025-08-20 04:21:00+08:00,0.21211,0.21236,0.2119,0.21226,397718,84371.15836
2025-08-20 04:22:00+08:00,0.21226,0.2123,0.21213,0.21222,243818,51743.63782
2025-08-20 04:23:00+08:00,0.21222,0.21222,0.21187,0.21202,105168,22295.0199
2025-08-20 04:24:00+08:00,0.21202,0.21218,0.212,0.21209,228398,48439.61718
2025-08-20 04:25:00+08:00,0.21209,0.21224,0.21206,0.21215,482518,102365.78544
2025-08-20 04:26:00+08:00,0.21215,0.21255,0.21215,0.21255,426114,90521.9923
2025-08-20 04:27:00+08:00,0.21255,0.21263,0.21244,0.21257,315642,67097.54218
2025-08-20 04:28:00+08:00,0.21257,0.21263,0.21218,0.21224,684206,145320.64792
2025-08-20 04:29:00+08:00,0.21224,0.21224,0.21198,0.21222,707146,149974.03418
2025-08-20 04:30:00+08:00,0.21222,0.21265,0.21222,0.21264,659342,140109.07666
2025-08-20 04:31:00+08:00,0.21264,0.21294,0.21253,0.21271,822898,175014.03482
2025-08-20 04:32:00+08:00,0.21271,0.21273,0.21255,0.21261,1138976,242210.73164
2025-08-20 04:33:00+08:00,0.21261,0.21291,0.21259,0.21285,440632,93776.10486
2025-08-20 04:34:00+08:00,0.21285,0.21298,0.2128,0.21284,121774,25925.6746
2025-08-20 04:35:00+08:00,0.21284,0.21293,0.21276,0.21277,1050400,223528.69184
2025-08-20 04:36:00+08:00,0.21277,0.21295,0.21277,0.21295,47434,10098.2007
2025-08-20 04:37:00+08:00,0.21295,0.21295,0.21283,0.21283,179256,38156.6326
2025-08-20 04:38:00+08:00,0.21283,0.21299,0.21281,0.21299,164258,34960.87582
2025-08-20 04:39:00+08:00,0.21299,0.21314,0.21296,0.21296,240122,51156.04054
2025-08-20 04:40:00+08:00,0.21296,0.21311,0.21289,0.21306,164368,35017.32072
2025-08-20 04:41:00+08:00,0.21306,0.21307,0.21297,0.21306,1309212,278919.14006
2025-08-20 04:42:00+08:00,0.21306,0.21325,0.21302,0.21318,1107850,236212.5119
2025-08-20 04:43:00+08:00,0.21318,0.21318,0.21291,0.21291,404220,86122.69442
2025-08-20 04:44:00+08:00,0.21291,0.213,0.2129,0.213,283304,60330.90596
2025-08-20 04:45:00+08:00,0.213,0.21313,0.213,0.2131,17088,3641.12964
2025-08-20 04:46:00+08:00,0.2131,0.2133,0.2131,0.21329,701844,149671.42902
2025-08-20 04:47:00+08:00,0.21329,0.21341,0.21329,0.21335,1290440,275315.78592
2025-08-20 04:48:00+08:00,0.21335,0.21349,0.21334,0.21347,37648,8034.9168
2025-08-20 04:49:00+08:00,0.21347,0.21353,0.21347,0.21353,85614,18279.22378
2025-08-20 04:50:00+08:00,0.21353,0.21353,0.21337,0.21346,2161122,461215.92814
2025-08-20 04:51:00+08:00,0.21346,0.21349,0.21334,0.21349,67244,14348.46708
2025-08-20 04:52:00+08:00,0.21349,0.21373,0.21347,0.21373,318190,67969.99304
2025-08-20 04:53:00+08:00,0.21373,0.21373,0.2136,0.21368,37420,7995.15968
2025-08-20 04:54:00+08:00,0.21368,0.2138,0.21368,0.21379,231658,49519.75518
2025-08-20 04:55:00+08:00,0.21379,0.21387,0.21367,0.21383,952036,203536.59206
2025-08-20 04:56:00+08:00,0.21383,0.2139,0.21379,0.21384,1357712,290382.66192
2025-08-20 04:57:00+08:00,0.21384,0.21384,0.2136,0.21361,985778,210731.61618
2025-08-20 04:58:00+08:00,0.21361,0.21371,0.21358,0.21369,79292,16938.2729
2025-08-20 04:59:00+08:00,0.21369,0.21375,0.21362,0.21373,1111084,237411.65468
2025-08-20 05:00:00+08:00,0.21373,0.21374,0.21365,0.21366,564152,120566.63202
2025-08-20 05:01:00+08:00,0.21366,0.21371,0.21353,0.21353,68518,14638.40232
2025-08-20 05:02:00+08:00,0.21353,0.21375,0.21353,0.21367,160986,34398.86878
2025-08-20 05:03:00+08:00,0.21367,0.21367,0.21359,0.21359,122120,26088.04718
2025-08-20 05:04:00+08:00,0.21359,0.21391,0.21359,0.21391,573240,122569.13474
2025-08-20 05:05:00+08:00,0.21391,0.21396,0.2137,0.21377,218622,46758.1158
2025-08-20 05:06:00+08:00,0.21377,0.2139,0.21375,0.2139,396048,84679.81878
2025-08-20 05:07:00+08:00,0.2139,0.2139,0.21366,0.21366,140590,30055.60866
2025-08-20 05:08:00+08:00,0.21366,0.21371,0.21358,0.21358,12586,2688.5595
2025-08-20 05:09:00+08:00,0.21358,0.2136,0.21329,0.2133,1418850,302815.3715
2025-08-20 05:10:00+08:00,0.2133,0.21358,0.2133,0.21349,1828436,390267.29452
2025-08-20 05:11:00+08:00,0.21349,0.21369,0.21349,0.21362,1251424,267327.98514
2025-08-20 05:12:00+08:00,0.21362,0.21384,0.21349,0.21376,988138,211164.30702
2025-08-20 05:13:00+08:00,0.21376,0.21389,0.21367,0.21388,821380,175574.09114
2025-08-20 05:14:00+08:00,0.21388,0.21426,0.21387,0.21421,813372,174051.59482
2025-08-20 05:15:00+08:00,0.21421,0.21421,0.21387,0.21396,167466,35855.6285
2025-08-20 05:16:00+08:00,0.21396,0.2142,0.21395,0.21411,387838,83024.88722
2025-08-20 05:17:00+08:00,0.21411,0.2142,0.21378,0.21378,92614,19824.68722
2025-08-20 05:18:00+08:00,0.21378,0.2138,0.21366,0.2138,1454070,310792.9679
2025-08-20 05:19:00+08:00,0.2138,0.21388,0.21346,0.21358,184766,39488.11876
2025-08-20 05:20:00+08:00,0.21358,0.21373,0.21333,0.2134,868840,185508.42194
2025-08-20 05:21:00+08:00,0.2134,0.21348,0.21318,0.2133,875230,186695.65892
2025-08-20 05:22:00+08:00,0.2133,0.21353,0.2133,0.21346,2030440,433484.55728
2025-08-20 05:23:00+08:00,0.21346,0.21355,0.21346,0.21354,34052,7271.15726
2025-08-20 05:24:00+08:00,0.21354,0.2136,0.21349,0.2135,53912,11511.1203
2025-08-20 05:25:00+08:00,0.2135,0.21354,0.21333,0.21337,178964,38189.10782
2025-08-20 05:26:00+08:00,0.21337,0.21351,0.21337,0.21351,46882,10005.0355
2025-08-20 05:27:00+08:00,0.21351,0.21356,0.21349,0.21349,652396,139299.93078
2025-08-20 05:28:00+08:00,0.21349,0.2137,0.21349,0.2137,172536,36858.46672
2025-08-20 05:29:00+08:00,0.2137,0.21381,0.2137,0.21381,69964,14957.17524
2025-08-20 05:30:00+08:00,0.21381,0.21386,0.2135,0.21358,49146,10502.5391
2025-08-20 05:31:00+08:00,0.21358,0.21358,0.21339,0.21351,306548,65432.7067
2025-08-20 05:32:00+08:00,0.21351,0.21359,0.21347,0.21349,147998,31605.57354
2025-08-20 05:33:00+08:00,0.21349,0.21349,0.21345,0.21346,70134,14971.12722
2025-08-20 05:34:00+08:00,0.21346,0.21348,0.21343,0.21346,13962,2980.35198
2025-08-20 05:35:00+08:00,0.21346,0.21368,0.21346,0.21367,68058,14542.12262
2025-08-20 05:36:00+08:00,0.21367,0.21377,0.21364,0.21364,66570,14224.49342
2025-08-20 05:37:00+08:00,0.21364,0.21378,0.21364,0.21378,200598,42875.5112
2025-08-20 05:38:00+08:00,0.21378,0.21388,0.21373,0.21379,249008,53245.0893
2025-08-20 05:39:00+08:00,0.21379,0.2138,0.21363,0.21363,167776,35852.35266
2025-08-20 05:40:00+08:00,0.21363,0.21363,0.21354,0.21357,1895496,404782.18206
2025-08-20 05:41:00+08:00,0.21357,0.21363,0.21357,0.21362,20788,4440.88904
2025-08-20 05:42:00+08:00,0.21362,0.21364,0.21357,0.21363,45420,9702.69032
2025-08-20 05:43:00+08:00,0.21363,0.21364,0.21349,0.21349,182810,39045.68762
2025-08-20 05:44:00+08:00,0.21349,0.2135,0.21343,0.21347,170884,36475.9632
2025-08-20 05:45:00+08:00,0.21347,0.21352,0.21344,0.21344,132988,28388.80644
2025-08-20 05:46:00+08:00,0.21344,0.21346,0.21344,0.21344,7622,1626.93594
2025-08-20 05:47:00+08:00,0.21344,0.21344,0.21341,0.21342,54770,11688.57806
2025-08-20 05:48:00+08:00,0.21342,0.21354,0.21341,0.21354,94358,20146.66018
2025-08-20 05:49:00+08:00,0.21354,0.21356,0.21348,0.21353,34916,7455.3569
2025-08-20 05:50:00+08:00,0.21353,0.21354,0.21353,0.21354,35758,7635.76332
2025-08-20 05:51:00+08:00,0.21354,0.21357,0.21354,0.21357,64840,13847.8788
2025-08-20 05:52:00+08:00,0.21357,0.21359,0.21351,0.21359,30316,6474.03792
2025-08-20 05:53:00+08:00,0.21359,0.21366,0.21359,0.21366,11812,2523.75192
2025-08-20 05:54:00+08:00,0.21366,0.21377,0.21366,0.21374,373508,79821.04768
2025-08-20 05:55:00+08:00,0.21374,0.21374,0.21352,0.21366,236316,50495.8029
2025-08-20 05:56:00+08:00,0.21366,0.21367,0.21366,0.21367,3480,743.5716
2025-08-20 05:57:00+08:00,0.21367,0.21368,0.21359,0.21359,55280,11810.90714
2025-08-20 05:58:00+08:00,0.21359,0.21363,0.21353,0.21363,17246,3683.35626
2025-08-20 05:59:00+08:00,0.21363,0.21363,0.21363,0.21363,0,0
2025-08-20 06:00:00+08:00,0.21363,0.21373,0.21344,0.21348,87218,18631.21332
2025-08-20 06:01:00+08:00,0.21348,0.21356,0.21348,0.21355,135482,28930.42446
2025-08-20 06:02:00+08:00,0.21355,0.21368,0.21254,0.21281,3030352,645559.37238
2025-08-20 06:03:00+08:00,0.21281,0.21314,0.21275,0.21287,1202484,256099.48318
2025-08-20 06:04:00+08:00,0.21287,0.21309,0.21272,0.21294,2339796,498437.63174
2025-08-20 06:05:00+08:00,0.21294,0.21302,0.21246,0.21251,1277392,271602.84518
2025-08-20 06:06:00+08:00,0.21251,0.21264,0.21228,0.21264,7041426,1496177.92428
2025-08-20 06:07:00+08:00,0.21264,0.21267,0.21238,0.21257,272654,57934.50118
2025-08-20 06:08:00+08:00,0.21257,0.21277,0.21257,0.21273,258136,54907.63342
2025-08-20 06:09:00+08:00,0.21273,0.21291,0.21266,0.21281,3397896,722888.54148
2025-08-20 06:10:00+08:00,0.21281,0.213,0.21277,0.21277,378998,80702.01214
2025-08-20 06:11:00+08:00,0.21277,0.21277,0.2123,0.21233,1004788,213495.1792
2025-08-20 06:12:00+08:00,0.21233,0.21262,0.21233,0.21252,69782,14830.90492
2025-08-20 06:13:00+08:00,0.21252,0.21276,0.21252,0.21269,377140,80214.76994
2025-08-20 06:14:00+08:00,0.21269,0.21279,0.21267,0.21269,55942,11902.69784
2025-08-20 06:15:00+08:00,0.21269,0.21272,0.21254,0.21272,77368,16455.22356
2025-08-20 06:16:00+08:00,0.21272,0.21272,0.21251,0.21263,341074,72508.00766
2025-08-20 06:17:00+08:00,0.21263,0.21267,0.21248,0.2125,27026,5745.99772
2025-08-20 06:18:00+08:00,0.2125,0.21254,0.21214,0.21221,4875176,1034592.8955
2025-08-20 06:19:00+08:00,0.21221,0.21237,0.21212,0.21214,320490,68021.9707
2025-08-20 06:20:00+08:00,0.21214,0.21248,0.2121,0.21218,1086848,230785.90088
2025-08-20 06:21:00+08:00,0.21218,0.21224,0.21188,0.21204,988522,209655.84454
2025-08-20 06:22:00+08:00,0.21204,0.2125,0.21204,0.21248,1067264,226642.73478
2025-08-20 06:23:00+08:00,0.21248,0.21271,0.21236,0.21259,1858632,395079.20226
2025-08-20 06:24:00+08:00,0.21259,0.21285,0.21258,0.21282,2258288,480271.71056
2025-08-20 06:25:00+08:00,0.21282,0.21289,0.21264,0.21264,715932,152328.17716
2025-08-20 06:26:00+08:00,0.21264,0.21277,0.21249,0.21251,252800,53734.0946
2025-08-20 06:27:00+08:00,0.21251,0.21283,0.21246,0.21278,1438172,306026.70762
2025-08-20 06:28:00+08:00,0.21278,0.21283,0.21269,0.21274,811336,172614.14662
2025-08-20 06:29:00+08:00,0.21274,0.21277,0.21263,0.21263,22422,4768.84512
2025-08-20 06:30:00+08:00,0.21263,0.21265,0.2126,0.21263,13118,2789.11072
2025-08-20 06:31:00+08:00,0.21263,0.21306,0.21263,0.21301,364310,77597.6146
2025-08-20 06:32:00+08:00,0.21301,0.21314,0.213,0.21314,702656,149676.9612
2025-08-20 06:33:00+08:00,0.21314,0.21314,0.21296,0.21303,150454,32050.87602
2025-08-20 06:34:00+08:00,0.21303,0.21324,0.21303,0.21324,206110,43938.6882
2025-08-20 06:35:00+08:00,0.21324,0.21326,0.21295,0.21298,257314,54818.94562
2025-08-20 06:36:00+08:00,0.21298,0.21308,0.21288,0.21292,216780,46170.08982
2025-08-20 06:37:00+08:00,0.21292,0.21292,0.21248,0.21248,830186,176520.24468
2025-08-20 06:38:00+08:00,0.21248,0.2126,0.21244,0.21255,111534,23699.41404
2025-08-20 06:39:00+08:00,0.21255,0.21255,0.21245,0.21252,199366,42369.44816
2025-08-20 06:40:00+08:00,0.21252,0.21252,0.21228,0.21252,271308,57603.5677
2025-08-20 06:41:00+08:00,0.21252,0.21268,0.21252,0.21267,61274,13029.22678
2025-08-20 06:42:00+08:00,0.21267,0.21269,0.21262,0.21263,53754,11430.81976
2025-08-20 06:43:00+08:00,0.21263,0.2128,0.21263,0.21277,214516,45643.01504
2025-08-20 06:44:00+08:00,0.21277,0.21277,0.21261,0.2127,86392,18373.0909
2025-08-20 06:45:00+08:00,0.2127,0.2127,0.21246,0.21248,114600,24353.93612
2025-08-20 06:46:00+08:00,0.21248,0.21263,0.21248,0.2125,3274,695.77764
2025-08-20 06:47:00+08:00,0.2125,0.21259,0.21226,0.21231,237582,50475.26794
2025-08-20 06:48:00+08:00,0.21231,0.21231,0.21193,0.21207,919068,195049.26828
2025-08-20 06:49:00+08:00,0.21207,0.21214,0.21198,0.21208,113962,24168.08862
2025-08-20 06:50:00+08:00,0.21208,0.21223,0.21198,0.21218,341992,72547.84148
2025-08-20 06:51:00+08:00,0.21218,0.21228,0.21218,0.21228,85684,18183.4497
2025-08-20 06:52:00+08:00,0.21228,0.21238,0.21215,0.21234,11652,2473.57882
2025-08-20 06:53:00+08:00,0.21234,0.21244,0.21228,0.21229,60440,12838.21198
2025-08-20 06:54:00+08:00,0.21229,0.21236,0.21218,0.21218,119234,25310.81964
2025-08-20 06:55:00+08:00,0.21218,0.21236,0.21218,0.21231,15906,3377.00912
2025-08-20 06:56:00+08:00,0.21231,0.21241,0.21231,0.21238,46594,9895.68212
2025-08-20 06:57:00+08:00,0.21238,0.21248,0.21209,0.21216,450946,95716.23626
2025-08-20 06:58:00+08:00,0.21216,0.21216,0.21208,0.21208,6546,1388.3568
2025-08-20 06:59:00+08:00,0.21208,0.21211,0.212,0.21208,21132,4481.16828
2025-08-20 07:00:00+08:00,0.21208,0.21224,0.21205,0.21224,62850,13331.54866
2025-08-20 07:01:00+08:00,0.21224,0.21224,0.21185,0.2119,107308,22748.51158
2025-08-20 07:02:00+08:00,0.2119,0.21198,0.21174,0.21191,515998,109339.853
2025-08-20 07:03:00+08:00,0.21191,0.21191,0.21154,0.21154,1151684,243745.99868
2025-08-20 07:04:00+08:00,0.21154,0.21162,0.21153,0.21161,145140,30709.83652
2025-08-20 07:05:00+08:00,0.21161,0.21166,0.21148,0.2115,363382,76856.8236
2025-08-20 07:06:00+08:00,0.2115,0.2117,0.2115,0.21169,890304,188434.39524
2025-08-20 07:07:00+08:00,0.21169,0.21169,0.21153,0.21166,339848,71897.42008
2025-08-20 07:08:00+08:00,0.21166,0.21183,0.21162,0.21162,56776,12017.09018
2025-08-20 07:09:00+08:00,0.21162,0.21162,0.21137,0.21137,802644,169708.533
2025-08-20 07:10:00+08:00,0.21137,0.21146,0.2113,0.21141,411554,86990.0885
2025-08-20 07:11:00+08:00,0.21141,0.21141,0.21123,0.21128,214012,45219.8501
2025-08-20 07:12:00+08:00,0.21128,0.21145,0.21128,0.21145,110162,23287.05896
2025-08-20 07:13:00+08:00,0.21145,0.21151,0.21136,0.21144,1702194,359904.57932
2025-08-20 07:14:00+08:00,0.21144,0.21162,0.21135,0.21158,350764,74186.0889
2025-08-20 07:15:00+08:00,0.21158,0.21158,0.21123,0.21123,435032,91933.24458
2025-08-20 07:16:00+08:00,0.21123,0.21171,0.21123,0.2114,2269978,480046.36864
2025-08-20 07:17:00+08:00,0.2114,0.21169,0.21112,0.21167,529630,111961.1618
2025-08-20 07:18:00+08:00,0.21167,0.21167,0.21123,0.21127,157672,33325.60458
2025-08-20 07:19:00+08:00,0.21127,0.21137,0.21113,0.21118,830368,175333.36596
2025-08-20 07:20:00+08:00,0.21118,0.21134,0.211,0.21134,1447554,305498.05756
2025-08-20 07:21:00+08:00,0.21134,0.21165,0.21126,0.21158,302980,64103.306
2025-08-20 07:22:00+08:00,0.21158,0.21175,0.21158,0.21166,111090,23514.87502
2025-08-20 07:23:00+08:00,0.21166,0.21166,0.21135,0.2114,1008642,213250.67076
2025-08-20 07:24:00+08:00,0.2114,0.2114,0.21036,0.21063,11022318,2323709.30594
2025-08-20 07:25:00+08:00,0.21063,0.21123,0.21063,0.211,4293880,906350.67812
2025-08-20 07:26:00+08:00,0.211,0.211,0.21072,0.21073,641492,135206.54636
2025-08-20 07:27:00+08:00,0.21073,0.21079,0.21051,0.21052,134882,28399.71874
2025-08-20 07:28:00+08:00,0.21052,0.21075,0.21052,0.21073,247026,52044.8526
2025-08-20 07:29:00+08:00,0.21073,0.21077,0.2105,0.21065,1884494,397018.69298
2025-08-20 07:30:00+08:00,0.21065,0.21097,0.21063,0.21089,564940,119073.17204
2025-08-20 07:31:00+08:00,0.21089,0.21095,0.21061,0.21061,1964670,413966.35608
2025-08-20 07:32:00+08:00,0.21061,0.21082,0.21056,0.21056,840664,177084.28722
2025-08-20 07:33:00+08:00,0.21056,0.21106,0.21056,0.21106,3256916,686604.38436
2025-08-20 07:34:00+08:00,0.21106,0.21137,0.2109,0.21137,1234880,260636.1787
2025-08-20 07:35:00+08:00,0.21137,0.21153,0.21126,0.21132,1234390,260928.5108
2025-08-20 07:36:00+08:00,0.21132,0.21132,0.2111,0.2111,495440,104649.50732
2025-08-20 07:37:00+08:00,0.2111,0.21111,0.2109,0.21102,283640,59838.02946
2025-08-20 07:38:00+08:00,0.21102,0.21102,0.21012,0.21017,9111232,1916815.11012
2025-08-20 07:39:00+08:00,0.21017,0.21053,0.21014,0.21015,2232612,469404.20262
2025-08-20 07:40:00+08:00,0.21015,0.2103,0.20981,0.21014,9596824,2015416.83636
2025-08-20 07:41:00+08:00,0.21014,0.21047,0.21003,0.21003,1463532,307663.92658
2025-08-20 07:42:00+08:00,0.21003,0.21023,0.21001,0.21019,1817480,382011.36512
2025-08-20 07:43:00+08:00,0.21019,0.21044,0.21014,0.2104,375336,78947.12586
2025-08-20 07:44:00+08:00,0.2104,0.21063,0.21036,0.21063,325458,68495.52206
2025-08-20 07:45:00+08:00,0.21063,0.21068,0.21022,0.21022,872484,183553.44276
2025-08-20 07:46:00+08:00,0.21022,0.21037,0.20986,0.2099,4515624,948359.99644
2025-08-20 07:47:00+08:00,0.2099,0.20999,0.20945,0.20946,5663248,1187177.21508
2025-08-20 07:48:00+08:00,0.20946,0.20972,0.20946,0.2096,1295998,271619.74306
2025-08-20 07:49:00+08:00,0.2096,0.20977,0.20925,0.20925,8599200,1801278.1297
2025-08-20 07:50:00+08:00,0.20925,0.20932,0.20911,0.20922,4868116,1018384.91874
2025-08-20 07:51:00+08:00,0.20922,0.20943,0.20916,0.20916,1940196,405929.72164
2025-08-20 07:52:00+08:00,0.20916,0.20922,0.20893,0.20898,9216184,1926452.97756
2025-08-20 07:53:00+08:00,0.20898,0.20906,0.20874,0.20888,4491270,937913.02682
2025-08-20 07:54:00+08:00,0.20888,0.20944,0.20876,0.20917,3719942,777221.36032
2025-08-20 07:55:00+08:00,0.20917,0.20917,0.20893,0.20899,671264,140294.81238
2025-08-20 07:56:00+08:00,0.20899,0.20901,0.20862,0.2087,3660662,763866.92424
2025-08-20 07:57:00+08:00,0.2087,0.2095,0.2087,0.2095,1767498,369749.97346
2025-08-20 07:58:00+08:00,0.2095,0.20954,0.20901,0.20917,2164840,452930.99532
2025-08-20 07:59:00+08:00,0.20917,0.20946,0.20913,0.20938,512310,107257.05492
2025-08-20 08:00:00+08:00,0.20938,0.20994,0.20935,0.2099,2413918,505815.076
2025-08-20 08:01:00+08:00,0.2099,0.21013,0.20985,0.21013,1168804,245476.01578
2025-08-20 08:02:00+08:00,0.21013,0.2104,0.2101,0.21037,448898,94394.10422
2025-08-20 08:03:00+08:00,0.21037,0.21056,0.21031,0.21056,1686818,354953.77748
2025-08-20 08:04:00+08:00,0.21056,0.21096,0.21053,0.21095,3959268,834312.39194
2025-08-20 08:05:00+08:00,0.21095,0.211,0.21082,0.21097,2979788,628602.62238
2025-08-20 08:06:00+08:00,0.21097,0.2113,0.21097,0.21129,1243492,262611.23032
2025-08-20 08:07:00+08:00,0.21129,0.21132,0.21115,0.2112,2689846,568101.0076
2025-08-20 08:08:00+08:00,0.2112,0.21127,0.21099,0.211,1937538,409269.10878
2025-08-20 08:09:00+08:00,0.211,0.21117,0.21088,0.2111,2083932,439993.73684
2025-08-20 08:10:00+08:00,0.2111,0.21116,0.2108,0.21103,225004,47484.12788
2025-08-20 08:11:00+08:00,0.21103,0.21127,0.21096,0.21127,510750,107847.54086
2025-08-20 08:12:00+08:00,0.21127,0.21136,0.21125,0.21127,1040742,219919.40228
2025-08-20 08:13:00+08:00,0.21127,0.2113,0.21097,0.21097,209018,44137.46446
2025-08-20 08:14:00+08:00,0.21097,0.21102,0.21077,0.21085,704828,148617.20266
2025-08-20 08:15:00+08:00,0.21085,0.2112,0.21085,0.2112,605608,127782.48832
2025-08-20 08:16:00+08:00,0.2112,0.21125,0.2111,0.21125,153424,32405.95714
2025-08-20 08:17:00+08:00,0.21125,0.21141,0.21119,0.2113,710248,150060.22752
2025-08-20 08:18:00+08:00,0.2113,0.2115,0.21112,0.21112,550168,116292.12708
2025-08-20 08:19:00+08:00,0.21112,0.21115,0.2106,0.21081,1595662,336255.91624
2025-08-20 08:20:00+08:00,0.21081,0.21112,0.21081,0.21104,252562,53301.68416
2025-08-20 08:21:00+08:00,0.21104,0.21124,0.21084,0.21084,434782,91763.78152
2025-08-20 08:22:00+08:00,0.21084,0.21101,0.21075,0.21076,191298,40347.8008
2025-08-20 08:23:00+08:00,0.21076,0.21076,0.21027,0.21027,830106,174810.01178
2025-08-20 08:24:00+08:00,0.21027,0.21048,0.2102,0.21024,364324,76634.14418
2025-08-20 08:25:00+08:00,0.21024,0.21024,0.20966,0.20982,3839148,806068.49628
2025-08-20 08:26:00+08:00,0.20982,0.21006,0.20982,0.20995,180682,37940.61446
2025-08-20 08:27:00+08:00,0.20995,0.21014,0.20992,0.21014,196014,41179.11466
2025-08-20 08:28:00+08:00,0.21014,0.2103,0.21013,0.21023,491230,103263.07122
2025-08-20 08:29:00+08:00,0.21023,0.21045,0.21011,0.21045,66178,13917.63478
2025-08-20 08:30:00+08:00,0.21045,0.21063,0.21043,0.21063,221674,46664.26708
2025-08-20 08:31:00+08:00,0.21063,0.21075,0.21035,0.21036,2338394,492543.26918
2025-08-20 08:32:00+08:00,0.21036,0.21037,0.21,0.21008,437438,91957.03772
2025-08-20 08:33:00+08:00,0.21008,0.21016,0.21,0.21005,364834,76634.01374
2025-08-20 08:34:00+08:00,0.21005,0.21039,0.21003,0.21039,326276,68598.75122
2025-08-20 08:35:00+08:00,0.21039,0.21104,0.21035,0.21104,520558,109662.36718
2025-08-20 08:36:00+08:00,0.21104,0.21104,0.2109,0.21096,142626,30094.17908
2025-08-20 08:37:00+08:00,0.21096,0.21114,0.21095,0.21114,2970868,627064.47592
2025-08-20 08:38:00+08:00,0.21114,0.21135,0.21109,0.21116,379384,80150.3029
2025-08-20 08:39:00+08:00,0.21116,0.21147,0.21113,0.21141,608870,128667.55036
2025-08-20 08:40:00+08:00,0.21141,0.21157,0.2113,0.21155,2275996,481216.22928
2025-08-20 08:41:00+08:00,0.21155,0.21157,0.21113,0.21123,2219346,469178.18282
2025-08-20 08:42:00+08:00,0.21123,0.2115,0.21123,0.2115,19386,4096.11084
2025-08-20 08:43:00+08:00,0.2115,0.21158,0.2114,0.21145,1155936,244488.9234
2025-08-20 08:44:00+08:00,0.21145,0.21156,0.21137,0.2114,430528,91033.88104
2025-08-20 08:45:00+08:00,0.2114,0.21147,0.21129,0.21147,194452,41099.62554
2025-08-20 08:46:00+08:00,0.21147,0.21159,0.21139,0.21159,394842,83493.80332
2025-08-20 08:47:00+08:00,0.21159,0.21164,0.21142,0.21143,189442,40074.98826
2025-08-20 08:48:00+08:00,0.21143,0.2115,0.21124,0.21124,426350,90122.97084
2025-08-20 08:49:00+08:00,0.21124,0.21145,0.21124,0.21136,67266,14218.18908
2025-08-20 08:50:00+08:00,0.21136,0.21145,0.21114,0.21114,783894,165622.185
2025-08-20 08:51:00+08:00,0.21114,0.2113,0.2111,0.2113,43024,9084.88584
2025-08-20 08:52:00+08:00,0.2113,0.21152,0.2113,0.21151,285184,60311.9071
2025-08-20 08:53:00+08:00,0.21151,0.21159,0.21139,0.21148,1102672,233270.07228
2025-08-20 08:54:00+08:00,0.21148,0.21148,0.21125,0.21135,281078,59405.0973
2025-08-20 08:55:00+08:00,0.21135,0.21155,0.21135,0.2115,43320,9159.47716
2025-08-20 08:56:00+08:00,0.2115,0.2115,0.21141,0.2115,82530,17451.94374
2025-08-20 08:57:00+08:00,0.2115,0.21155,0.21138,0.21155,354806,75038.72084
2025-08-20 08:58:00+08:00,0.21155,0.21156,0.21124,0.21124,1987364,420055.10002
2025-08-20 08:59:00+08:00,0.21124,0.21124,0.21102,0.21104,158256,33416.7412
2025-08-20 09:00:00+08:00,0.21104,0.21126,0.21104,0.21126,836976,176787.08854
2025-08-20 09:01:00+08:00,0.21126,0.21172,0.21115,0.21172,547828,115909.74804
2025-08-20 09:02:00+08:00,0.21172,0.21193,0.2117,0.2118,996012,210967.6484
2025-08-20 09:03:00+08:00,0.2118,0.2119,0.21175,0.21183,126720,26842.42872
2025-08-20 09:04:00+08:00,0.21183,0.21185,0.21169,0.21185,533526,112971.37632
2025-08-20 09:05:00+08:00,0.21185,0.21193,0.21177,0.21192,205120,43458.35452
2025-08-20 09:06:00+08:00,0.21192,0.21205,0.21191,0.21205,250786,53162.27832
2025-08-20 09:07:00+08:00,0.21205,0.21205,0.2117,0.21175,449044,95100.28266
2025-08-20 09:08:00+08:00,0.21175,0.21175,0.21144,0.21144,190214,40233.4041
2025-08-20 09:09:00+08:00,0.21144,0.21153,0.21089,0.2109,1815324,383151.00278
2025-08-20 09:10:00+08:00,0.2109,0.2109,0.21043,0.21054,965396,203247.17214
2025-08-20 09:11:00+08:00,0.21054,0.21067,0.2105,0.21064,973294,204999.53044
2025-08-20 09:12:00+08:00,0.21064,0.21088,0.21064,0.21078,402158,84760.72258
2025-08-20 09:13:00+08:00,0.21078,0.21089,0.21053,0.21055,517790,109056.94948
2025-08-20 09:14:00+08:00,0.21055,0.21068,0.21046,0.21064,144230,30378.70798
2025-08-20 09:15:00+08:00,0.21064,0.2107,0.2105,0.2105,107360,22612.25704
2025-08-20 09:16:00+08:00,0.2105,0.2105,0.21031,0.21031,186816,39307.33374
2025-08-20 09:17:00+08:00,0.21031,0.21034,0.20999,0.21006,1331462,279713.59012
2025-08-20 09:18:00+08:00,0.21006,0.21016,0.20994,0.21012,902744,189619.91618
2025-08-20 09:19:00+08:00,0.21012,0.21028,0.21004,0.21028,830240,174412.36366
2025-08-20 09:20:00+08:00,0.21028,0.21028,0.21003,0.2101,937974,197128.86742
2025-08-20 09:21:00+08:00,0.2101,0.21097,0.2101,0.21096,641024,135210.44392
2025-08-20 09:22:00+08:00,0.21096,0.21111,0.21065,0.21068,930078,196143.81162
2025-08-20 09:23:00+08:00,0.21068,0.21068,0.21042,0.21046,2309454,486103.66306
2025-08-20 09:24:00+08:00,0.21046,0.21048,0.21013,0.21018,437540,91985.90526
2025-08-20 09:25:00+08:00,0.21018,0.21036,0.20996,0.21026,862192,181188.87176
2025-08-20 09:26:00+08:00,0.21026,0.21026,0.20994,0.20994,291286,61215.17458
2025-08-20 09:27:00+08:00,0.20994,0.21002,0.20971,0.20974,704514,147852.45782
2025-08-20 09:28:00+08:00,0.20974,0.20992,0.20965,0.20987,544046,114110.94976
2025-08-20 09:29:00+08:00,0.20987,0.20987,0.20961,0.20965,1280668,268548.62732
2025-08-20 09:30:00+08:00,0.20965,0.20984,0.20957,0.20961,1895186,397427.13622
2025-08-20 09:31:00+08:00,0.20961,0.20974,0.20902,0.20913,2088216,437054.23026
2025-08-20 09:32:00+08:00,0.20913,0.20921,0.20881,0.20921,3312686,692589.51594
2025-08-20 09:33:00+08:00,0.20921,0.2095,0.2092,0.2094,2181534,456670.36896
2025-08-20 09:34:00+08:00,0.2094,0.2097,0.20925,0.20932,1556074,325883.21538
2025-08-20 09:35:00+08:00,0.20932,0.20983,0.20925,0.20936,1132206,237227.98408
2025-08-20 09:36:00+08:00,0.20936,0.20955,0.20924,0.20924,762392,159587.85094
2025-08-20 09:37:00+08:00,0.20924,0.2093,0.20904,0.20904,997122,208556.09616
2025-08-20 09:38:00+08:00,0.20904,0.20905,0.20815,0.20823,7311744,1525238.00622
2025-08-20 09:39:00+08:00,0.20823,0.20876,0.20805,0.20868,4238162,883653.00002
2025-08-20 09:40:00+08:00,0.20868,0.20909,0.20865,0.20882,1143324,238850.26128
2025-08-20 09:41:00+08:00,0.20882,0.20882,0.20832,0.20832,899544,187612.10482
2025-08-20 09:42:00+08:00,0.20832,0.2086,0.20832,0.20852,1512476,315336.95654
2025-08-20 09:43:00+08:00,0.20852,0.20867,0.20848,0.20864,1120828,233774.57758
2025-08-20 09:44:00+08:00,0.20864,0.2087,0.2085,0.20858,755240,157525.27262
2025-08-20 09:45:00+08:00,0.20858,0.20885,0.20858,0.2087,1100564,229728.84184
2025-08-20 09:46:00+08:00,0.2087,0.2092,0.20864,0.20894,1152406,240938.50022
2025-08-20 09:47:00+08:00,0.20894,0.20943,0.20894,0.20922,1248678,261277.97958
2025-08-20 09:48:00+08:00,0.20922,0.20952,0.20883,0.20952,4236080,886256.87316
2025-08-20 09:49:00+08:00,0.20952,0.20999,0.20944,0.20993,1044814,219272.78226
2025-08-20 09:50:00+08:00,0.20993,0.21063,0.20993,0.21056,1377026,289743.6582
2025-08-20 09:51:00+08:00,0.21056,0.21069,0.21026,0.21069,593078,124784.99562
2025-08-20 09:52:00+08:00,0.21069,0.21092,0.21057,0.21089,1412102,297618.99572
2025-08-20 09:53:00+08:00,0.21089,0.2112,0.21069,0.21072,898196,189483.72354
2025-08-20 09:54:00+08:00,0.21072,0.211,0.21059,0.21089,914714,192903.52242
2025-08-20 09:55:00+08:00,0.21089,0.21129,0.21074,0.2112,1941794,409943.86072
2025-08-20 09:56:00+08:00,0.2112,0.2112,0.21087,0.21097,1069524,225728.13346
2025-08-20 09:57:00+08:00,0.21097,0.21104,0.21084,0.21088,1548606,326663.68806
2025-08-20 09:58:00+08:00,0.21088,0.21088,0.21051,0.21063,678252,142886.21948
2025-08-20 09:59:00+08:00,0.21063,0.21095,0.21061,0.21095,244822,51625.98768
2025-08-20 10:00:00+08:00,0.21095,0.21102,0.21072,0.21079,432850,91310.31644
2025-08-20 10:01:00+08:00,0.21079,0.21106,0.21072,0.21103,448048,94459.72792
2025-08-20 10:02:00+08:00,0.21103,0.2111,0.21061,0.21076,613660,129311.28596
2025-08-20 10:03:00+08:00,0.21076,0.2109,0.21052,0.21052,758452,159822.34122
2025-08-20 10:04:00+08:00,0.21052,0.21065,0.21023,0.21033,1819232,382646.98556
2025-08-20 10:05:00+08:00,0.21033,0.21073,0.21033,0.21061,386330,81381.2946
2025-08-20 10:06:00+08:00,0.21061,0.21117,0.21054,0.21117,508436,107264.56464
2025-08-20 10:07:00+08:00,0.21117,0.21164,0.21108,0.21142,3919196,828737.00416
2025-08-20 10:08:00+08:00,0.21142,0.21142,0.21106,0.21116,281110,59367.72824
2025-08-20 10:09:00+08:00,0.21116,0.21116,0.21065,0.21088,93858,19782.47556
2025-08-20 10:10:00+08:00,0.21088,0.21117,0.21083,0.21117,562834,118748.23524
2025-08-20 10:11:00+08:00,0.21117,0.21129,0.21115,0.21121,29564,6244.6055
2025-08-20 10:12:00+08:00,0.21121,0.21136,0.21111,0.21136,346122,73102.6926
2025-08-20 10:13:00+08:00,0.21136,0.21166,0.21134,0.21162,13390532,2831838.80406
2025-08-20 10:14:00+08:00,0.21162,0.21178,0.2115,0.21172,3383846,716159.93956
2025-08-20 10:15:00+08:00,0.21172,0.21197,0.21165,0.2119,1241294,262972.75796
2025-08-20 10:16:00+08:00,0.2119,0.2119,0.21166,0.21186,753674,159598.01056
2025-08-20 10:17:00+08:00,0.21186,0.21197,0.21173,0.21189,472418,100074.18938
2025-08-20 10:18:00+08:00,0.21189,0.2122,0.21175,0.21175,3739528,793221.12096
2025-08-20 10:19:00+08:00,0.21175,0.21184,0.21167,0.21181,651584,137979.88878
2025-08-20 10:20:00+08:00,0.21181,0.212,0.21179,0.21182,228254,48372.32118
2025-08-20 10:21:00+08:00,0.21182,0.21193,0.21171,0.21171,52996,11222.63282
2025-08-20 10:22:00+08:00,0.21171,0.21199,0.21167,0.21183,785140,166280.79518
2025-08-20 10:23:00+08:00,0.21183,0.21205,0.21177,0.21205,743134,157528.96662
2025-08-20 10:24:00+08:00,0.21205,0.21213,0.212,0.212,974166,206626.69874
2025-08-20 10:25:00+08:00,0.212,0.21217,0.21197,0.21217,129398,27438.6294
2025-08-20 10:26:00+08:00,0.21217,0.21235,0.21209,0.21212,573536,121691.10934
2025-08-20 10:27:00+08:00,0.21212,0.21212,0.21194,0.21194,190774,40456.2068
2025-08-20 10:28:00+08:00,0.21194,0.21196,0.2119,0.21196,79260,16796.43096
2025-08-20 10:29:00+08:00,0.21196,0.21204,0.2119,0.21204,67220,14247.18004
2025-08-20 10:30:00+08:00,0.21204,0.21209,0.21195,0.21202,320618,67962.40856
2025-08-20 10:31:00+08:00,0.21202,0.21208,0.21165,0.2118,3811332,807464.43202
2025-08-20 10:32:00+08:00,0.2118,0.21199,0.2118,0.21195,838692,177759.29302
2025-08-20 10:33:00+08:00,0.21195,0.21207,0.21157,0.2116,593934,125771.33952
2025-08-20 10:34:00+08:00,0.2116,0.2116,0.21142,0.21146,280262,59278.46452
2025-08-20 10:35:00+08:00,0.21146,0.21169,0.21144,0.21169,122200,25857.44918
2025-08-20 10:36:00+08:00,0.21169,0.2118,0.21159,0.21159,396376,83929.33652
2025-08-20 10:37:00+08:00,0.21159,0.21174,0.21154,0.21159,471164,99729.82784
2025-08-20 10:38:00+08:00,0.21159,0.21168,0.2114,0.21142,228920,48427.40362
2025-08-20 10:39:00+08:00,0.21142,0.21161,0.21142,0.21146,1069790,226324.00862
2025-08-20 10:40:00+08:00,0.21146,0.21148,0.21125,0.2113,257056,54334.84616
2025-08-20 10:41:00+08:00,0.2113,0.21161,0.2113,0.2115,315010,66620.9692
2025-08-20 10:42:00+08:00,0.2115,0.21171,0.21148,0.21171,317920,67239.93548
2025-08-20 10:43:00+08:00,0.21171,0.21175,0.21155,0.21175,539826,114270.80196
2025-08-20 10:44:00+08:00,0.21175,0.21184,0.21168,0.21177,249320,52799.08996
2025-08-20 10:45:00+08:00,0.21177,0.21187,0.21171,0.21182,90928,19255.0743
2025-08-20 10:46:00+08:00,0.21182,0.2119,0.21162,0.21178,311626,66004.79204
2025-08-20 10:47:00+08:00,0.21178,0.21185,0.21133,0.21154,735862,155684.54224
2025-08-20 10:48:00+08:00,0.21154,0.21167,0.21147,0.21147,822482,174055.07022
2025-08-20 10:49:00+08:00,0.21147,0.21156,0.21139,0.2115,47832,10117.56616
2025-08-20 10:50:00+08:00,0.2115,0.2115,0.21138,0.21139,122142,25825.47616
2025-08-20 10:51:00+08:00,0.21139,0.21153,0.21132,0.21153,36178,7649.13488
2025-08-20 10:52:00+08:00,0.21153,0.21158,0.21146,0.21156,29456,6230.00344
2025-08-20 10:53:00+08:00,0.21156,0.21162,0.21147,0.21147,350606,74151.15692
2025-08-20 10:54:00+08:00,0.21147,0.21149,0.21137,0.21149,19788,4183.78918
2025-08-20 10:55:00+08:00,0.21149,0.21155,0.21123,0.21137,241130,50949.58578
2025-08-20 10:56:00+08:00,0.21137,0.21148,0.21137,0.21143,2291180,484319.17118
2025-08-20 10:57:00+08:00,0.21143,0.21148,0.21134,0.21148,133316,28180.16868
2025-08-20 10:58:00+08:00,0.21148,0.21155,0.21143,0.21155,5194650,1098307.16284
2025-08-20 10:59:00+08:00,0.21155,0.21155,0.21123,0.21132,2363294,499661.64184
2025-08-20 11:00:00+08:00,0.21132,0.21145,0.21132,0.21139,279522,59077.06968
2025-08-20 11:01:00+08:00,0.21139,0.21164,0.21137,0.21162,65152,13783.27492
2025-08-20 11:02:00+08:00,0.21162,0.21182,0.21161,0.21182,245502,51959.92506
2025-08-20 11:03:00+08:00,0.21182,0.21194,0.21178,0.2118,179380,37995.8087
2025-08-20 11:04:00+08:00,0.2118,0.21183,0.21167,0.21183,77370,16384.01208
2025-08-20 11:05:00+08:00,0.21183,0.21183,0.21148,0.21148,153392,32457.89774
2025-08-20 11:06:00+08:00,0.21148,0.21151,0.21127,0.21127,91854,19419.84286
2025-08-20 11:07:00+08:00,0.21127,0.2117,0.21122,0.21154,127616,26997.26358
2025-08-20 11:08:00+08:00,0.21154,0.21185,0.21154,0.21181,198942,42108.808
2025-08-20 11:09:00+08:00,0.21181,0.21181,0.21162,0.21162,146604,31031.15932
2025-08-20 11:10:00+08:00,0.21162,0.21163,0.21122,0.21127,334898,70758.8293
2025-08-20 11:11:00+08:00,0.21127,0.21137,0.21108,0.21112,4504714,951636.14314
2025-08-20 11:12:00+08:00,0.21112,0.21128,0.21112,0.21125,140088,29587.75596
2025-08-20 11:13:00+08:00,0.21125,0.21125,0.21115,0.21117,586558,123870.03026
2025-08-20 11:14:00+08:00,0.21117,0.21117,0.21097,0.21097,41058,8664.92244
2025-08-20 11:15:00+08:00,0.21097,0.21115,0.21086,0.21093,799982,168813.21354
2025-08-20 11:16:00+08:00,0.21093,0.2111,0.2108,0.21103,712062,150253.75824
2025-08-20 11:17:00+08:00,0.21103,0.21119,0.21093,0.21101,1934286,408163.46996
2025-08-20 11:18:00+08:00,0.21101,0.21126,0.21101,0.21126,19324,4080.15872
2025-08-20 11:19:00+08:00,0.21126,0.21151,0.21126,0.21151,795568,168190.25752
2025-08-20 11:20:00+08:00,0.21151,0.21174,0.2115,0.21174,1610774,340914.77958
2025-08-20 11:21:00+08:00,0.21174,0.21188,0.21171,0.2118,370618,78515.79058
2025-08-20 11:22:00+08:00,0.2118,0.2118,0.21151,0.21154,312544,66131.5881
2025-08-20 11:23:00+08:00,0.21154,0.21166,0.21152,0.21166,146996,31101.82766
2025-08-20 11:24:00+08:00,0.21166,0.21199,0.21166,0.21199,281412,59609.26248
2025-08-20 11:25:00+08:00,0.21199,0.21205,0.21182,0.21182,781272,165559.19722
2025-08-20 11:26:00+08:00,0.21182,0.21209,0.21182,0.21209,268406,56869.83404
2025-08-20 11:27:00+08:00,0.21209,0.21226,0.21202,0.21226,894834,189877.56638
2025-08-20 11:28:00+08:00,0.21226,0.21249,0.21217,0.21249,933438,198199.13672
2025-08-20 11:29:00+08:00,0.21249,0.21254,0.2123,0.21254,1077506,228824.9459
2025-08-20 11:30:00+08:00,0.21254,0.21274,0.21241,0.21266,865178,183930.62236
2025-08-20 11:31:00+08:00,0.21266,0.21286,0.21264,0.21285,431392,91785.03658
2025-08-20 11:32:00+08:00,0.21285,0.213,0.21279,0.21299,620564,132111.21408
2025-08-20 11:33:00+08:00,0.21299,0.21324,0.21299,0.21309,5372836,1145378.12896
2025-08-20 11:34:00+08:00,0.21309,0.21309,0.21292,0.21302,585846,124778.43602
2025-08-20 11:35:00+08:00,0.21302,0.21306,0.21274,0.21282,641466,136557.02264
2025-08-20 11:36:00+08:00,0.21282,0.21282,0.21248,0.21248,1949202,414274.7556
2025-08-20 11:37:00+08:00,0.21248,0.21251,0.21227,0.2123,396662,84226.8559
2025-08-20 11:38:00+08:00,0.2123,0.21244,0.2122,0.2122,593214,125915.83848
2025-08-20 11:39:00+08:00,0.2122,0.2122,0.21197,0.21206,17165724,3640323.8671
2025-08-20 11:40:00+08:00,0.21206,0.21208,0.2119,0.21202,421448,89343.31304
2025-08-20 11:41:00+08:00,0.21202,0.21202,0.21164,0.21174,444156,94035.9799
2025-08-20 11:42:00+08:00,0.21174,0.21175,0.21156,0.21165,153862,32566.57046
2025-08-20 11:43:00+08:00,0.21165,0.21171,0.21151,0.21151,284036,60117.18968
2025-08-20 11:44:00+08:00,0.21151,0.21172,0.2115,0.21172,2770918,586580.38114
2025-08-20 11:45:00+08:00,0.21172,0.21173,0.21154,0.21166,4091140,865930.56778
2025-08-20 11:46:00+08:00,0.21166,0.21166,0.21129,0.21132,2777662,587006.80606
2025-08-20 11:47:00+08:00,0.21132,0.2114,0.21121,0.21126,1906638,402941.47906
2025-08-20 11:48:00+08:00,0.21126,0.21154,0.21122,0.21154,6951478,1468762.01262
2025-08-20 11:49:00+08:00,0.21154,0.21156,0.21133,0.21156,867106,183297.45632
2025-08-20 11:50:00+08:00,0.21156,0.2116,0.21147,0.21148,730328,154464.03028
2025-08-20 11:51:00+08:00,0.21148,0.2116,0.21143,0.21156,708088,149749.032
2025-08-20 11:52:00+08:00,0.21156,0.21171,0.21154,0.21167,1475300,312238.87126
2025-08-20 11:53:00+08:00,0.21167,0.21167,0.21153,0.21155,401190,84879.0365
2025-08-20 11:54:00+08:00,0.21155,0.21173,0.21155,0.21173,162222,34340.3947
2025-08-20 11:55:00+08:00,0.21173,0.21184,0.21172,0.21172,225702,47805.34108
2025-08-20 11:56:00+08:00,0.21172,0.21191,0.2117,0.21191,53352,11303.88394
2025-08-20 11:57:00+08:00,0.21191,0.21191,0.21184,0.21184,86050,18231.7706
2025-08-20 11:58:00+08:00,0.21184,0.21191,0.21181,0.21181,26878,5693.80738
2025-08-20 11:59:00+08:00,0.21181,0.21185,0.21173,0.21173,315318,66780.80644
2025-08-20 12:00:00+08:00,0.21173,0.21191,0.2117,0.2118,48658,10305.9447
2025-08-20 12:01:00+08:00,0.2118,0.21205,0.2118,0.21205,149722,31739.79878
2025-08-20 12:02:00+08:00,0.21205,0.2124,0.21205,0.21237,705694,149815.31356
2025-08-20 12:03:00+08:00,0.21237,0.21246,0.21217,0.21235,758694,161113.28114
2025-08-20 12:04:00+08:00,0.21235,0.21239,0.21213,0.2122,236232,50130.79456
2025-08-20 12:05:00+08:00,0.2122,0.21224,0.21211,0.21222,1304130,276718.63406
2025-08-20 12:06:00+08:00,0.21222,0.21243,0.21222,0.21237,668560,141937.90268
2025-08-20 12:07:00+08:00,0.21237,0.21251,0.21237,0.21251,620874,131917.01128
2025-08-20 12:08:00+08:00,0.21251,0.21281,0.21244,0.2128,2860242,608252.89778
2025-08-20 12:09:00+08:00,0.2128,0.21294,0.21272,0.21285,6380044,1357923.33528
2025-08-20 12:10:00+08:00,0.21285,0.21285,0.21259,0.21265,1056524,224669.15856
2025-08-20 12:11:00+08:00,0.21265,0.21276,0.21261,0.21263,585650,124570.98192
2025-08-20 12:12:00+08:00,0.21263,0.21273,0.21262,0.2127,104086,22133.0844
2025-08-20 12:13:00+08:00,0.2127,0.2127,0.2125,0.21251,317026,67372.91378
2025-08-20 12:14:00+08:00,0.21251,0.21275,0.21249,0.21275,958172,203665.03986
2025-08-20 12:15:00+08:00,0.21275,0.21284,0.21265,0.21282,70844,15070.84636
2025-08-20 12:16:00+08:00,0.21282,0.21299,0.21282,0.21299,141774,30188.21958
2025-08-20 12:17:00+08:00,0.21299,0.21319,0.21299,0.21319,711046,151538.13636
2025-08-20 12:18:00+08:00,0.21319,0.21326,0.21299,0.21317,467176,99579.00506
2025-08-20 12:19:00+08:00,0.21317,0.21322,0.21305,0.21319,566492,120722.72772
2025-08-20 12:20:00+08:00,0.21319,0.21319,0.21301,0.21305,1157312,246551.25598
2025-08-20 12:21:00+08:00,0.21305,0.21316,0.21294,0.21299,469656,100067.34774
2025-08-20 12:22:00+08:00,0.21299,0.21304,0.21296,0.21304,30454,6486.81504
2025-08-20 12:23:00+08:00,0.21304,0.21312,0.21295,0.21312,1697726,361731.64188
2025-08-20 12:24:00+08:00,0.21312,0.21316,0.21303,0.21303,1822930,388472.81648
2025-08-20 12:25:00+08:00,0.21303,0.21304,0.21295,0.213,248114,52836.8837
2025-08-20 12:26:00+08:00,0.213,0.21324,0.21299,0.21323,3607102,768667.564
2025-08-20 12:27:00+08:00,0.21323,0.21335,0.21323,0.21333,738386,157515.12904
2025-08-20 12:28:00+08:00,0.21333,0.21337,0.21321,0.21321,773414,164950.24682
2025-08-20 12:29:00+08:00,0.21321,0.21332,0.21319,0.21319,1529766,326223.59366
2025-08-20 12:30:00+08:00,0.21319,0.21337,0.21319,0.21331,243906,52021.69116
2025-08-20 12:31:00+08:00,0.21331,0.2135,0.21329,0.2135,98946,21119.45874
2025-08-20 12:32:00+08:00,0.2135,0.2135,0.21336,0.21344,196580,41955.19926
2025-08-20 12:33:00+08:00,0.21344,0.21358,0.21343,0.21348,150628,32157.4303
2025-08-20 12:34:00+08:00,0.21348,0.21357,0.21348,0.21357,192120,41025.88068
2025-08-20 12:35:00+08:00,0.21357,0.21359,0.21331,0.21331,3630190,775096.56144
2025-08-20 12:36:00+08:00,0.21331,0.21331,0.2128,0.21306,1161852,247433.00072
2025-08-20 12:37:00+08:00,0.21306,0.21325,0.21288,0.21288,5472184,1166479.61034
2025-08-20 12:38:00+08:00,0.21288,0.2129,0.21268,0.21277,815370,173552.31506
2025-08-20 12:39:00+08:00,0.21277,0.21277,0.2127,0.21271,619968,131873.20526
2025-08-20 12:40:00+08:00,0.21271,0.21281,0.21242,0.21248,596366,126744.01258
2025-08-20 12:41:00+08:00,0.21248,0.21257,0.21248,0.21255,272092,57832.44544
2025-08-20 12:42:00+08:00,0.21255,0.21282,0.21251,0.21279,3712048,789399.53682
2025-08-20 12:43:00+08:00,0.21279,0.2129,0.21277,0.21281,671626,142924.761
2025-08-20 12:44:00+08:00,0.21281,0.21281,0.21271,0.21281,290188,61741.33216
2025-08-20 12:45:00+08:00,0.21281,0.21293,0.2128,0.2128,242034,51517.58194
2025-08-20 12:46:00+08:00,0.2128,0.21282,0.21263,0.21263,1761560,374815.84278
2025-08-20 12:47:00+08:00,0.21263,0.21273,0.21253,0.21262,124382,26444.79668
2025-08-20 12:48:00+08:00,0.21262,0.21275,0.21262,0.21268,483684,102858.63414
2025-08-20 12:49:00+08:00,0.21268,0.21284,0.21262,0.21284,27266,5798.3952
2025-08-20 12:50:00+08:00,0.21284,0.21312,0.21284,0.21307,108330,23072.77816
2025-08-20 12:51:00+08:00,0.21307,0.21315,0.21299,0.21315,693604,147802.10446
2025-08-20 12:52:00+08:00,0.21315,0.21332,0.21315,0.2133,253846,54129.79522
2025-08-20 12:53:00+08:00,0.2133,0.21332,0.21315,0.21315,314112,66984.18088
2025-08-20 12:54:00+08:00,0.21315,0.21318,0.21305,0.21305,69060,14719.08932
2025-08-20 12:55:00+08:00,0.21305,0.21309,0.21303,0.21303,36778,7835.03948
2025-08-20 12:56:00+08:00,0.21303,0.21316,0.21303,0.21315,50886,10843.30024
2025-08-20 12:57:00+08:00,0.21315,0.21315,0.21303,0.21309,57600,12276.11668
2025-08-20 12:58:00+08:00,0.21309,0.21313,0.21303,0.21304,20864,4445.77534
2025-08-20 12:59:00+08:00,0.21304,0.21311,0.213,0.21309,166794,35531.84664
2025-08-20 13:00:00+08:00,0.21309,0.21314,0.21298,0.21298,207944,44305.9939
2025-08-20 13:01:00+08:00,0.21298,0.21302,0.21289,0.21301,282104,60074.72962
2025-08-20 13:02:00+08:00,0.21301,0.21305,0.21287,0.21292,640858,136449.86624
2025-08-20 13:03:00+08:00,0.21292,0.21293,0.21272,0.2129,86044,18315.80272
2025-08-20 13:04:00+08:00,0.2129,0.21301,0.2129,0.2129,81712,17402.23454
2025-08-20 13:05:00+08:00,0.2129,0.21299,0.21283,0.21283,111564,23756.78196
2025-08-20 13:06:00+08:00,0.21283,0.21283,0.2126,0.21261,802832,170738.78032
2025-08-20 13:07:00+08:00,0.21261,0.21271,0.21252,0.21252,570166,121250.9575
2025-08-20 13:08:00+08:00,0.21252,0.2126,0.2125,0.2126,15746,3346.81846
2025-08-20 13:09:00+08:00,0.2126,0.21263,0.21254,0.21254,53656,11405.9381
2025-08-20 13:10:00+08:00,0.21254,0.21254,0.21238,0.21238,97530,20718.78644
2025-08-20 13:11:00+08:00,0.21238,0.21239,0.21228,0.21233,253368,53790.78266
2025-08-20 13:12:00+08:00,0.21233,0.21237,0.21233,0.21236,238656,50677.15216
2025-08-20 13:13:00+08:00,0.21236,0.21246,0.21226,0.21236,121974,25904.73436
2025-08-20 13:14:00+08:00,0.21236,0.21246,0.21236,0.21238,125244,26603.96482
2025-08-20 13:15:00+08:00,0.21238,0.21261,0.21233,0.21255,738432,156875.07792
2025-08-20 13:16:00+08:00,0.21255,0.21256,0.2125,0.2125,31356,6663.52074
2025-08-20 13:17:00+08:00,0.2125,0.2125,0.21229,0.21233,41858,8888.3113
2025-08-20 13:18:00+08:00,0.21233,0.21234,0.21206,0.21206,875620,185780.48786
2025-08-20 13:19:00+08:00,0.21206,0.21208,0.21186,0.21196,1429546,303032.04784
2025-08-20 13:20:00+08:00,0.21196,0.21205,0.21193,0.21193,259458,55006.68956
2025-08-20 13:21:00+08:00,0.21193,0.21201,0.21188,0.21199,159518,33809.73114
2025-08-20 13:22:00+08:00,0.21199,0.21224,0.21199,0.2122,259130,54982.42118
2025-08-20 13:23:00+08:00,0.2122,0.21233,0.21218,0.21233,495290,105117.30764
2025-08-20 13:24:00+08:00,0.21233,0.21237,0.21226,0.21237,68202,14482.0244
2025-08-20 13:25:00+08:00,0.21237,0.21244,0.21227,0.21228,337786,71737.90132
2025-08-20 13:26:00+08:00,0.21228,0.21231,0.2122,0.2122,87130,18492.75096
2025-08-20 13:27:00+08:00,0.2122,0.21239,0.21217,0.21239,39918,8471.14442
2025-08-20 13:28:00+08:00,0.21239,0.21248,0.21237,0.21241,633486,134568.2653
2025-08-20 13:29:00+08:00,0.21241,0.21241,0.21238,0.21239,362574,77009.66908
2025-08-20 13:30:00+08:00,0.21239,0.21247,0.2123,0.21232,533316,113281.93624
2025-08-20 13:31:00+08:00,0.21232,0.21237,0.21223,0.21228,69966,14853.02656
2025-08-20 13:32:00+08:00,0.21228,0.21243,0.21223,0.21242,137894,29287.92584
2025-08-20 13:33:00+08:00,0.21242,0.21243,0.21224,0.21231,357590,75937.96532
2025-08-20 13:34:00+08:00,0.21231,0.21273,0.21231,0.21269,502024,106749.59696
2025-08-20 13:35:00+08:00,0.21269,0.21275,0.21249,0.21249,597340,127048.7345
2025-08-20 13:36:00+08:00,0.21249,0.21276,0.21248,0.21276,6284,1336.61128
2025-08-20 13:37:00+08:00,0.21276,0.21279,0.21267,0.21277,507338,107945.79306
2025-08-20 13:38:00+08:00,0.21277,0.21277,0.21274,0.21275,30984,6591.79142
2025-08-20 13:39:00+08:00,0.21275,0.21275,0.21263,0.21263,27552,5858.50194
2025-08-20 13:40:00+08:00,0.21263,0.21272,0.21263,0.21268,222722,47364.35724
2025-08-20 13:41:00+08:00,0.21268,0.21278,0.21267,0.21272,691168,147023.35746
2025-08-20 13:42:00+08:00,0.21272,0.21276,0.21265,0.21272,167636,35659.3267
2025-08-20 13:43:00+08:00,0.21272,0.21272,0.21256,0.21265,23790,5058.79174
2025-08-20 13:44:00+08:00,0.21265,0.2127,0.21263,0.21269,251874,53569.41478
2025-08-20 13:45:00+08:00,0.21269,0.21273,0.21248,0.21249,196536,41777.90534
2025-08-20 13:46:00+08:00,0.21249,0.21268,0.21249,0.21254,100692,21402.5008
2025-08-20 13:47:00+08:00,0.21254,0.21268,0.21254,0.21268,67970,14450.92762
2025-08-20 13:48:00+08:00,0.21268,0.21286,0.21268,0.21286,174910,37209.19984
2025-08-20 13:49:00+08:00,0.21286,0.2129,0.21277,0.21279,100652,21424.13484
2025-08-20 13:50:00+08:00,0.21279,0.21292,0.21279,0.21287,111598,23758.74166
2025-08-20 13:51:00+08:00,0.21287,0.21293,0.2128,0.21288,371052,78978.69288
2025-08-20 13:52:00+08:00,0.21288,0.21297,0.21278,0.21293,584628,124441.26882
2025-08-20 13:53:00+08:00,0.21293,0.21298,0.21286,0.21297,523010,111381.3178
2025-08-20 13:54:00+08:00,0.21297,0.21302,0.2129,0.21302,91912,19573.85374
2025-08-20 13:55:00+08:00,0.21302,0.21308,0.21298,0.21298,558986,119077.66874
2025-08-20 13:56:00+08:00,0.21298,0.21314,0.21298,0.21312,32472,6919.60518
2025-08-20 13:57:00+08:00,0.21312,0.21316,0.21304,0.2131,659554,140567.4492
2025-08-20 13:58:00+08:00,0.2131,0.21319,0.21308,0.21319,1085432,231343.62522
2025-08-20 13:59:00+08:00,0.21319,0.21331,0.21317,0.21328,1932720,412218.16196
2025-08-20 14:00:00+08:00,0.21328,0.21335,0.21311,0.21311,785874,167606.66502
2025-08-20 14:01:00+08:00,0.21311,0.21311,0.21287,0.2131,1288682,274429.03636
2025-08-20 14:02:00+08:00,0.2131,0.21313,0.213,0.21313,165806,35327.71754
2025-08-20 14:03:00+08:00,0.21313,0.21318,0.21295,0.21295,292954,62410.53172
2025-08-20 14:04:00+08:00,0.21295,0.21295,0.21271,0.21284,272842,58049.14168
2025-08-20 14:05:00+08:00,0.21284,0.21288,0.2127,0.2127,216772,46123.41814
2025-08-20 14:06:00+08:00,0.2127,0.21279,0.21266,0.21278,322466,68595.28992
2025-08-20 14:07:00+08:00,0.21278,0.2128,0.21257,0.21264,680138,144602.9719
2025-08-20 14:08:00+08:00,0.21264,0.2127,0.21253,0.21257,455688,96887.86456
2025-08-20 14:09:00+08:00,0.21257,0.21265,0.21252,0.21258,224230,47671.08468
2025-08-20 14:10:00+08:00,0.21258,0.21259,0.2124,0.2124,3701102,786544.94238
2025-08-20 14:11:00+08:00,0.2124,0.21247,0.21226,0.21226,241836,51352.04758
2025-08-20 14:12:00+08:00,0.21226,0.21229,0.2121,0.2121,457478,97069.10766
2025-08-20 14:13:00+08:00,0.2121,0.21222,0.21207,0.21209,563844,119602.1337
2025-08-20 14:14:00+08:00,0.21209,0.21213,0.21205,0.21206,676074,143381.71426
2025-08-20 14:15:00+08:00,0.21206,0.21217,0.21194,0.21195,1177588,249679.55778
2025-08-20 14:16:00+08:00,0.21195,0.21207,0.21191,0.21204,325406,68990.29062
2025-08-20 14:17:00+08:00,0.21204,0.21204,0.21152,0.21165,2230266,472116.88272
2025-08-20 14:18:00+08:00,0.21165,0.21197,0.21165,0.21197,174182,36899.28086
2025-08-20 14:19:00+08:00,0.21197,0.21235,0.21196,0.21233,542664,115110.76578
2025-08-20 14:20:00+08:00,0.21233,0.21238,0.21225,0.21234,111580,23692.0538
2025-08-20 14:21:00+08:00,0.21234,0.21239,0.21225,0.21235,3473216,737499.497
2025-08-20 14:22:00+08:00,0.21235,0.21257,0.21229,0.21234,209888,44577.1963
2025-08-20 14:23:00+08:00,0.21234,0.21234,0.21213,0.21216,1083478,229892.77198
2025-08-20 14:24:00+08:00,0.21216,0.21232,0.21216,0.21221,205678,43646.94972
2025-08-20 14:25:00+08:00,0.21221,0.21221,0.21205,0.21208,689586,146249.38308
2025-08-20 14:26:00+08:00,0.21208,0.21211,0.21198,0.21204,170952,36248.17046
2025-08-20 14:27:00+08:00,0.21204,0.21207,0.21201,0.21201,9006,1909.63446
2025-08-20 14:28:00+08:00,0.21201,0.21219,0.21199,0.21216,199096,42239.54038
2025-08-20 14:29:00+08:00,0.21216,0.21236,0.21209,0.21229,222636,47258.79552
2025-08-20 14:30:00+08:00,0.21229,0.21259,0.21226,0.21254,823604,175014.45048
2025-08-20 14:31:00+08:00,0.21254,0.21254,0.2123,0.21233,183012,38877.28432
2025-08-20 14:32:00+08:00,0.21233,0.21241,0.21233,0.21239,53706,11405.28758
2025-08-20 14:33:00+08:00,0.21239,0.21243,0.21228,0.21243,112244,23833.62054
2025-08-20 14:34:00+08:00,0.21243,0.21253,0.21234,0.21253,873168,185472.10984
2025-08-20 14:35:00+08:00,0.21253,0.21253,0.21241,0.21253,40406,8585.47334
2025-08-20 14:36:00+08:00,0.21253,0.21287,0.21245,0.21285,2540274,540541.88296
2025-08-20 14:37:00+08:00,0.21285,0.21305,0.2128,0.21305,510488,108697.90892
2025-08-20 14:38:00+08:00,0.21305,0.21305,0.21299,0.21299,286958,61131.76086
2025-08-20 14:39:00+08:00,0.21299,0.21309,0.21292,0.21305,796342,169634.19872
2025-08-20 14:40:00+08:00,0.21305,0.2132,0.21302,0.21319,575414,122667.02108
2025-08-20 14:41:00+08:00,0.21319,0.21333,0.21315,0.21323,168354,35898.97946
2025-08-20 14:42:00+08:00,0.21323,0.21326,0.21321,0.21321,128766,27458.04088
2025-08-20 14:43:00+08:00,0.21321,0.21321,0.21304,0.21304,281882,60067.69364
2025-08-20 14:44:00+08:00,0.21304,0.21311,0.21297,0.21301,191608,40816.30106
2025-08-20 14:45:00+08:00,0.21301,0.21301,0.2129,0.2129,132978,28318.04622
2025-08-20 14:46:00+08:00,0.2129,0.2129,0.2126,0.2126,1549624,329792.83174
2025-08-20 14:47:00+08:00,0.2126,0.21261,0.2125,0.2125,125814,26745.91982
2025-08-20 14:48:00+08:00,0.2125,0.21254,0.21235,0.21243,83002,17635.86882
2025-08-20 14:49:00+08:00,0.21243,0.21247,0.21233,0.2124,137174,29130.31166
2025-08-20 14:50:00+08:00,0.2124,0.21267,0.2124,0.21264,147260,31303.62422
2025-08-20 14:51:00+08:00,0.21264,0.21267,0.21261,0.21261,317778,67575.9511
2025-08-20 14:52:00+08:00,0.21261,0.21271,0.2126,0.21267,220426,46882.09318
2025-08-20 14:53:00+08:00,0.21267,0.21292,0.21265,0.21292,40964,8716.1592
2025-08-20 14:54:00+08:00,0.21292,0.21296,0.21275,0.21293,1635684,348148.29606
2025-08-20 14:55:00+08:00,0.21293,0.21293,0.21283,0.21288,122538,26086.42276
2025-08-20 14:56:00+08:00,0.21288,0.21306,0.21281,0.21301,4395518,935873.82394
2025-08-20 14:57:00+08:00,0.21301,0.21302,0.2129,0.213,133042,28338.03532
2025-08-20 14:58:00+08:00,0.213,0.21308,0.21296,0.21299,498592,106228.75072
2025-08-20 14:59:00+08:00,0.21299,0.21299,0.21283,0.21293,19666,4186.85792
2025-08-20 15:00:00+08:00,0.21293,0.21327,0.21293,0.21321,4300786,916694.06854
2025-08-20 15:01:00+08:00,0.21321,0.21335,0.213,0.21335,414506,88376.76714
2025-08-20 15:02:00+08:00,0.21335,0.21357,0.21328,0.21356,5864712,1252040.89662
2025-08-20 15:03:00+08:00,0.21356,0.21358,0.2132,0.2132,457876,97711.24504
2025-08-20 15:04:00+08:00,0.2132,0.2133,0.21317,0.21325,307524,65578.73298
2025-08-20 15:05:00+08:00,0.21325,0.21347,0.21298,0.21301,1424478,303626.46982
2025-08-20 15:06:00+08:00,0.21301,0.21334,0.21301,0.21327,901058,192066.2464
2025-08-20 15:07:00+08:00,0.21327,0.21341,0.21327,0.21335,151912,32413.47474
2025-08-20 15:08:00+08:00,0.21335,0.2134,0.21335,0.21336,89810,19163.97264
2025-08-20 15:09:00+08:00,0.21336,0.21358,0.21336,0.21352,308060,65781.8695
2025-08-20 15:10:00+08:00,0.21352,0.2136,0.21347,0.21352,432650,92389.42644
2025-08-20 15:11:00+08:00,0.21352,0.21352,0.21338,0.21346,539516,115159.29578
2025-08-20 15:12:00+08:00,0.21346,0.21369,0.21334,0.21358,5529784,1180975.34922
2025-08-20 15:13:00+08:00,0.21358,0.21364,0.21353,0.21364,2303546,492077.91762
2025-08-20 15:14:00+08:00,0.21364,0.21374,0.21359,0.21374,240118,51316.47392
2025-08-20 15:15:00+08:00,0.21374,0.21398,0.21369,0.21392,1531398,327464.63516
2025-08-20 15:16:00+08:00,0.21392,0.21406,0.21388,0.21404,1926736,412252.8517
2025-08-20 15:17:00+08:00,0.21404,0.21406,0.2138,0.2138,764346,163534.32326
2025-08-20 15:18:00+08:00,0.2138,0.2138,0.21362,0.21368,495582,105902.86546
2025-08-20 15:19:00+08:00,0.21368,0.21379,0.21359,0.21376,1161506,248194.69988
2025-08-20 15:20:00+08:00,0.21376,0.21376,0.21368,0.21372,295760,63211.86426
2025-08-20 15:21:00+08:00,0.21372,0.21372,0.21361,0.21363,770920,164724.9625
2025-08-20 15:22:00+08:00,0.21363,0.21363,0.21341,0.21343,1035872,221175.3122
2025-08-20 15:23:00+08:00,0.21343,0.21355,0.21335,0.21346,411512,87829.54104
2025-08-20 15:24:00+08:00,0.21346,0.21347,0.2134,0.21345,70116,14966.07026
2025-08-20 15:25:00+08:00,0.21345,0.21354,0.21327,0.21331,611646,130544.4625
2025-08-20 15:26:00+08:00,0.21331,0.21359,0.21331,0.21356,165650,35377.71186
2025-08-20 15:27:00+08:00,0.21356,0.21357,0.21343,0.21346,145680,31108.15894
2025-08-20 15:28:00+08:00,0.21346,0.21348,0.21334,0.21334,239246,51068.78278
2025-08-20 15:29:00+08:00,0.21334,0.21334,0.21326,0.21329,555820,118544.822
2025-08-20 15:30:00+08:00,0.21329,0.2133,0.21295,0.21297,4158292,885750.62426
2025-08-20 15:31:00+08:00,0.21297,0.21303,0.21283,0.21289,415740,88536.02468
2025-08-20 15:32:00+08:00,0.21289,0.21317,0.21288,0.21313,504266,107461.66342
2025-08-20 15:33:00+08:00,0.21313,0.21326,0.21295,0.21295,4794660,1021869.71484
2025-08-20 15:34:00+08:00,0.21295,0.21301,0.21288,0.21299,126348,26906.7444
2025-08-20 15:35:00+08:00,0.21299,0.21301,0.21272,0.21272,1583012,336865.11786
2025-08-20 15:36:00+08:00,0.21272,0.21286,0.21269,0.21274,1101304,234326.68974
2025-08-20 15:37:00+08:00,0.21274,0.21305,0.21274,0.21304,734402,156445.68006
2025-08-20 15:38:00+08:00,0.21304,0.21313,0.21296,0.21306,64802,13806.91594
2025-08-20 15:39:00+08:00,0.21306,0.21307,0.21291,0.21299,185250,39454.43678
2025-08-20 15:40:00+08:00,0.21299,0.21304,0.21297,0.21298,246370,52474.9799
2025-08-20 15:41:00+08:00,0.21298,0.2131,0.21297,0.21298,665286,141722.00158
2025-08-20 15:42:00+08:00,0.21298,0.21298,0.21285,0.21291,286030,60893.11
2025-08-20 15:43:00+08:00,0.21291,0.21293,0.21282,0.21282,40084,8532.32744
2025-08-20 15:44:00+08:00,0.21282,0.21283,0.21272,0.21279,435262,92611.98074
2025-08-20 15:45:00+08:00,0.21279,0.21286,0.21266,0.21268,589860,125465.6045
2025-08-20 15:46:00+08:00,0.21268,0.21299,0.21267,0.21299,103492,22032.82988
2025-08-20 15:47:00+08:00,0.21299,0.21305,0.21297,0.21305,67824,14445.59172
2025-08-20 15:48:00+08:00,0.21305,0.21322,0.21301,0.21312,32546,6936.09052
2025-08-20 15:49:00+08:00,0.21312,0.21312,0.21292,0.21299,256878,54723.8019
2025-08-20 15:50:00+08:00,0.21299,0.21301,0.21281,0.21301,265444,56510.15734
2025-08-20 15:51:00+08:00,0.21301,0.21306,0.21292,0.21295,7183016,1529548.2293
2025-08-20 15:52:00+08:00,0.21295,0.21296,0.21294,0.21296,14592,3107.39976
2025-08-20 15:53:00+08:00,0.21296,0.21296,0.21279,0.21282,7083936,1507736.50098
2025-08-20 15:54:00+08:00,0.21282,0.213,0.21282,0.21289,331760,70652.83494
2025-08-20 15:55:00+08:00,0.21289,0.21298,0.21279,0.21283,163550,34811.0831
2025-08-20 15:56:00+08:00,0.21283,0.21286,0.21268,0.21268,1173160,249542.2831
2025-08-20 15:57:00+08:00,0.21268,0.21271,0.21243,0.21248,1409672,299544.87314
2025-08-20 15:58:00+08:00,0.21248,0.2125,0.21244,0.21246,271636,57711.172
2025-08-20 15:59:00+08:00,0.21246,0.21257,0.21244,0.21257,393782,83671.47428
2025-08-20 16:00:00+08:00,0.21257,0.21263,0.21225,0.21232,1819746,386424.14406
2025-08-20 16:01:00+08:00,0.21232,0.21253,0.21226,0.21253,524622,111400.913
2025-08-20 16:02:00+08:00,0.21253,0.21272,0.21253,0.21256,310490,66032.90446
2025-08-20 16:03:00+08:00,0.21256,0.21282,0.21256,0.21273,736922,156778.27848
2025-08-20 16:04:00+08:00,0.21273,0.21284,0.21265,0.21283,460166,97896.27014
2025-08-20 16:05:00+08:00,0.21283,0.21296,0.21277,0.21278,224348,47751.5618
2025-08-20 16:06:00+08:00,0.21278,0.21283,0.21257,0.21257,1232778,262145.23906
2025-08-20 16:07:00+08:00,0.21257,0.21257,0.21243,0.21252,239358,50862.40784
2025-08-20 16:08:00+08:00,0.21252,0.21267,0.21252,0.21257,234238,49804.7047
2025-08-20 16:09:00+08:00,0.21257,0.21281,0.21257,0.21277,10642,2264.37886
2025-08-20 16:10:00+08:00,0.21277,0.21284,0.21272,0.21284,3521772,749336.95788
2025-08-20 16:11:00+08:00,0.21284,0.21312,0.21284,0.21299,575030,122480.03032
2025-08-20 16:12:00+08:00,0.21299,0.21333,0.21296,0.21325,3427644,730883.19234
2025-08-20 16:13:00+08:00,0.21325,0.21339,0.2131,0.21339,10673442,2275513.57056
2025-08-20 16:14:00+08:00,0.21339,0.21347,0.21335,0.21344,13152196,2806959.8062
2025-08-20 16:15:00+08:00,0.21344,0.21353,0.21339,0.21347,217752,46479.83012
2025-08-20 16:16:00+08:00,0.21347,0.21387,0.21338,0.21381,2395554,511403.58022
2025-08-20 16:17:00+08:00,0.21381,0.21385,0.21366,0.21373,2227674,476190.9329
2025-08-20 16:18:00+08:00,0.21373,0.21373,0.21354,0.21361,297350,63512.1608
2025-08-20 16:19:00+08:00,0.21361,0.21386,0.21361,0.21386,158114,33799.55384
2025-08-20 16:20:00+08:00,0.21386,0.21391,0.21376,0.21389,549976,117624.09542
2025-08-20 16:21:00+08:00,0.21389,0.21394,0.21364,0.21365,1786034,381875.76734
2025-08-20 16:22:00+08:00,0.21365,0.21388,0.21362,0.21385,623826,133317.79254
2025-08-20 16:23:00+08:00,0.21385,0.21395,0.21374,0.21379,477738,102163.37914
2025-08-20 16:24:00+08:00,0.21379,0.21384,0.21374,0.21374,88950,19016.73888
2025-08-20 16:25:00+08:00,0.21374,0.21374,0.21366,0.21371,232164,49612.75434
2025-08-20 16:26:00+08:00,0.21371,0.2139,0.2136,0.21383,1248224,266859.44002
2025-08-20 16:27:00+08:00,0.21383,0.21404,0.21377,0.21401,2535788,542618.33964
2025-08-20 16:28:00+08:00,0.21401,0.21414,0.2139,0.21411,1523438,326142.39972
2025-08-20 16:29:00+08:00,0.21411,0.21415,0.21401,0.21404,756354,161918.03832
2025-08-20 16:30:00+08:00,0.21404,0.21411,0.21397,0.21406,122470,26215.19696
2025-08-20 16:31:00+08:00,0.21406,0.2143,0.21402,0.21427,464040,99398.63392
2025-08-20 16:32:00+08:00,0.21427,0.21452,0.21427,0.21452,1438560,308376.60304
2025-08-20 16:33:00+08:00,0.21452,0.21465,0.21442,0.21465,2520776,540890.87474
2025-08-20 16:34:00+08:00,0.21465,0.21465,0.21433,0.21448,442108,94797.88224
2025-08-20 16:35:00+08:00,0.21448,0.21448,0.21411,0.21419,961474,205954.895
2025-08-20 16:36:00+08:00,0.21419,0.21439,0.21418,0.21426,472308,101175.10418
2025-08-20 16:37:00+08:00,0.21426,0.21437,0.21421,0.21425,138550,29684.63454
2025-08-20 16:38:00+08:00,0.21425,0.21435,0.21412,0.21435,978336,209567.20456
2025-08-20 16:39:00+08:00,0.21435,0.2144,0.21409,0.2141,2036802,436238.01854
2025-08-20 16:40:00+08:00,0.2141,0.21424,0.2141,0.21419,310870,66582.78606
2025-08-20 16:41:00+08:00,0.21419,0.21445,0.21419,0.21445,2270434,486704.23702
2025-08-20 16:42:00+08:00,0.21445,0.21454,0.21425,0.21442,1548510,331961.79736
2025-08-20 16:43:00+08:00,0.21442,0.21455,0.21428,0.21449,534200,114567.62994
2025-08-20 16:44:00+08:00,0.21449,0.21455,0.21444,0.21455,532744,114284.17694
2025-08-20 16:45:00+08:00,0.21455,0.21456,0.21447,0.21454,848820,182094.81198
2025-08-20 16:46:00+08:00,0.21454,0.21454,0.21448,0.21452,1139398,244426.06078
2025-08-20 16:47:00+08:00,0.21452,0.21472,0.21452,0.21472,363884,78110.67858
2025-08-20 16:48:00+08:00,0.21472,0.21473,0.21456,0.21458,598938,128584.33564
2025-08-20 16:49:00+08:00,0.21458,0.2146,0.21444,0.21444,499202,107073.63934
2025-08-20 16:50:00+08:00,0.21444,0.21453,0.21444,0.21446,995712,213565.15142
2025-08-20 16:51:00+08:00,0.21446,0.21455,0.21442,0.21447,221208,47444.70872
2025-08-20 16:52:00+08:00,0.21447,0.21455,0.21445,0.21455,368552,79043.2236
2025-08-20 16:53:00+08:00,0.21455,0.21458,0.21444,0.21454,210184,45084.7977
2025-08-20 16:54:00+08:00,0.21454,0.21455,0.21444,0.21455,271876,58306.56446
2025-08-20 16:55:00+08:00,0.21455,0.21455,0.21448,0.21448,145304,31168.43054
2025-08-20 16:56:00+08:00,0.21448,0.21472,0.21444,0.21468,1250016,268216.11948
2025-08-20 16:57:00+08:00,0.21468,0.21478,0.21433,0.2144,1797502,385663.83596
2025-08-20 16:58:00+08:00,0.2144,0.21509,0.2144,0.215,14383270,3089310.85022
2025-08-20 16:59:00+08:00,0.215,0.21524,0.215,0.21505,5849566,1258416.7879
2025-08-20 17:00:00+08:00,0.21505,0.21511,0.21462,0.21467,64152096,13783134.323
2025-08-20 17:01:00+08:00,0.21467,0.21471,0.21433,0.21439,30480796,6538924.00126
2025-08-20 17:02:00+08:00,0.21439,0.21455,0.21431,0.2144,18086710,3879560.20778
2025-08-20 17:03:00+08:00,0.2144,0.21442,0.21427,0.21429,311110,66688.67746
2025-08-20 17:04:00+08:00,0.21429,0.21438,0.21428,0.21438,1353876,290166.88172
2025-08-20 17:05:00+08:00,0.21438,0.21438,0.21416,0.2142,4230654,906614.64152
2025-08-20 17:06:00+08:00,0.2142,0.21449,0.2142,0.21449,818654,175389.2769
2025-08-20 17:07:00+08:00,0.21449,0.2146,0.21446,0.21457,153190,32861.14222
2025-08-20 17:08:00+08:00,0.21457,0.21457,0.21437,0.21456,218328,46818.24424
2025-08-20 17:09:00+08:00,0.21456,0.21461,0.21446,0.21446,1398674,300096.48382
2025-08-20 17:10:00+08:00,0.21446,0.21446,0.21436,0.21442,515292,110478.05156
2025-08-20 17:11:00+08:00,0.21442,0.21449,0.21431,0.21431,303360,65040.5268
2025-08-20 17:12:00+08:00,0.21431,0.21441,0.21424,0.21441,952396,204077.98564
2025-08-20 17:13:00+08:00,0.21441,0.21473,0.21438,0.21473,8069130,1731145.8956
2025-08-20 17:14:00+08:00,0.21473,0.21485,0.21451,0.21464,1540018,330712.21144
2025-08-20 17:15:00+08:00,0.21464,0.21471,0.21444,0.2146,2905426,623541.35202
2025-08-20 17:16:00+08:00,0.2146,0.2146,0.2144,0.2144,1054824,226249.31802
2025-08-20 17:17:00+08:00,0.2144,0.2144,0.21423,0.21423,1082136,231916.56046
2025-08-20 17:18:00+08:00,0.21423,0.2143,0.21418,0.21418,638902,136871.24066
2025-08-20 17:19:00+08:00,0.21418,0.21426,0.21413,0.21413,515764,110480.59436
2025-08-20 17:20:00+08:00,0.21413,0.2144,0.2141,0.21435,1653722,354425.83056
2025-08-20 17:21:00+08:00,0.21435,0.21447,0.21422,0.21436,613520,131476.78838
2025-08-20 17:22:00+08:00,0.21436,0.21451,0.21436,0.21451,535288,114785.54736
2025-08-20 17:23:00+08:00,0.21451,0.21456,0.21412,0.21417,2004778,429498.72472
2025-08-20 17:24:00+08:00,0.21417,0.21436,0.21412,0.21432,961806,206086.37532
2025-08-20 17:25:00+08:00,0.21432,0.21435,0.21411,0.21416,532836,114132.23048
2025-08-20 17:26:00+08:00,0.21416,0.21422,0.21396,0.21396,2331838,499158.86624
2025-08-20 17:27:00+08:00,0.21396,0.21419,0.21389,0.21398,3008290,643628.19776
2025-08-20 17:28:00+08:00,0.21398,0.21398,0.21382,0.21382,1033354,221010.4536
2025-08-20 17:29:00+08:00,0.21382,0.21399,0.21376,0.21396,2491340,532747.28774
2025-08-20 17:30:00+08:00,0.21396,0.21415,0.21395,0.21412,604242,129324.7164
2025-08-20 17:31:00+08:00,0.21412,0.21412,0.21374,0.21374,612134,130914.69858
2025-08-20 17:32:00+08:00,0.21374,0.21382,0.21363,0.21375,1165198,249031.27768
2025-08-20 17:33:00+08:00,0.21375,0.21389,0.21374,0.21374,351490,75168.8973
2025-08-20 17:34:00+08:00,0.21374,0.21378,0.2137,0.21372,634582,135624.55964
2025-08-20 17:35:00+08:00,0.21372,0.21386,0.21358,0.21365,1460210,312055.65512
2025-08-20 17:36:00+08:00,0.21365,0.21379,0.2136,0.21375,1019926,217976.58608
2025-08-20 17:37:00+08:00,0.21375,0.214,0.21369,0.214,301854,64544.68028
2025-08-20 17:38:00+08:00,0.214,0.21422,0.21396,0.21417,675854,144662.15082
2025-08-20 17:39:00+08:00,0.21417,0.21423,0.21412,0.2142,826464,176998.06762
2025-08-20 17:40:00+08:00,0.2142,0.21441,0.2142,0.21433,294928,63217.71228
2025-08-20 17:41:00+08:00,0.21433,0.21449,0.21428,0.21429,365068,78253.21814
2025-08-20 17:42:00+08:00,0.21429,0.21455,0.21427,0.21448,64736,13884.16946
2025-08-20 17:43:00+08:00,0.21448,0.21449,0.2143,0.21438,231988,49729.42016
2025-08-20 17:44:00+08:00,0.21438,0.21448,0.21435,0.21448,213462,45771.6314
2025-08-20 17:45:00+08:00,0.21448,0.2147,0.21442,0.21464,233742,50151.17438
2025-08-20 17:46:00+08:00,0.21464,0.21479,0.21456,0.21477,284930,61165.16032
2025-08-20 17:47:00+08:00,0.21477,0.21519,0.21477,0.21516,3504330,753739.70004
2025-08-20 17:48:00+08:00,0.21516,0.21516,0.21485,0.21486,695982,149639.34402
2025-08-20 17:49:00+08:00,0.21486,0.21493,0.21464,0.21464,1491340,320136.93836
2025-08-20 17:50:00+08:00,0.21464,0.21471,0.21447,0.21453,2091718,448860.18144
2025-08-20 17:51:00+08:00,0.21453,0.21462,0.21441,0.21441,1056894,226699.44882
2025-08-20 17:52:00+08:00,0.21441,0.21447,0.21422,0.21425,572600,122731.77472
2025-08-20 17:53:00+08:00,0.21425,0.2143,0.21406,0.21406,945172,202388.2186
2025-08-20 17:54:00+08:00,0.21406,0.21408,0.21395,0.21405,568146,121589.50474
2025-08-20 17:55:00+08:00,0.21405,0.21425,0.21405,0.21425,329408,70553.05886
2025-08-20 17:56:00+08:00,0.21425,0.21437,0.21412,0.21429,403954,86536.14494
2025-08-20 17:57:00+08:00,0.21429,0.21445,0.21425,0.21439,3702026,793226.06556
2025-08-20 17:58:00+08:00,0.21439,0.21445,0.21432,0.21438,995800,213455.5619
2025-08-20 17:59:00+08:00,0.21438,0.21439,0.21424,0.21426,368838,79045.3021
2025-08-20 18:00:00+08:00,0.21426,0.21439,0.21421,0.21435,792260,169776.59512
2025-08-20 18:01:00+08:00,0.21435,0.21454,0.21421,0.21429,955236,204775.71388
2025-08-20 18:02:00+08:00,0.21429,0.21449,0.21419,0.21439,1104694,236802.18838
2025-08-20 18:03:00+08:00,0.21439,0.21458,0.21436,0.21458,284854,61097.71288
2025-08-20 18:04:00+08:00,0.21458,0.2148,0.21453,0.21469,817132,175454.47082
2025-08-20 18:05:00+08:00,0.21469,0.21476,0.21451,0.21476,914222,196246.77844
2025-08-20 18:06:00+08:00,0.21476,0.21476,0.2145,0.21454,86880,18644.5388
2025-08-20 18:07:00+08:00,0.21454,0.21462,0.21445,0.21448,258316,55414.27496
2025-08-20 18:08:00+08:00,0.21448,0.21448,0.2143,0.21441,516216,110664.06368
2025-08-20 18:09:00+08:00,0.21441,0.21443,0.21425,0.21432,351274,75302.04642
2025-08-20 18:10:00+08:00,0.21432,0.21439,0.21418,0.21418,50448,10808.35934
2025-08-20 18:11:00+08:00,0.21418,0.21424,0.21403,0.21403,1010570,216378.61614
2025-08-20 18:12:00+08:00,0.21403,0.21418,0.21384,0.21418,1078116,230688.9357
2025-08-20 18:13:00+08:00,0.21418,0.21429,0.21415,0.21415,124484,26664.90878
2025-08-20 18:14:00+08:00,0.21415,0.21417,0.21407,0.21415,573384,122771.5416
2025-08-20 18:15:00+08:00,0.21415,0.21442,0.21415,0.21437,352234,75487.32102
2025-08-20 18:16:00+08:00,0.21437,0.21484,0.21437,0.21484,431294,92575.23366
2025-08-20 18:17:00+08:00,0.21484,0.2155,0.21484,0.21538,3699800,796529.85684
2025-08-20 18:18:00+08:00,0.21538,0.21538,0.21515,0.21527,408744,87990.3768
2025-08-20 18:19:00+08:00,0.21527,0.2155,0.21518,0.21527,1204940,259606.43606
2025-08-20 18:20:00+08:00,0.21527,0.21546,0.21518,0.2153,1611538,346958.84354
2025-08-20 18:21:00+08:00,0.2153,0.21568,0.2153,0.21565,1201124,258935.16942
2025-08-20 18:22:00+08:00,0.21565,0.21566,0.21527,0.21528,563486,121370.70146
2025-08-20 18:23:00+08:00,0.21528,0.21528,0.21502,0.21506,892496,192006.34084
2025-08-20 18:24:00+08:00,0.21506,0.21506,0.21487,0.21487,666116,143178.50498
2025-08-20 18:25:00+08:00,0.21487,0.21491,0.21464,0.21489,610452,131074.55612
2025-08-20 18:26:00+08:00,0.21489,0.21489,0.21458,0.21468,528606,113541.98494
2025-08-20 18:27:00+08:00,0.21468,0.2147,0.21444,0.21444,351044,75297.94856
2025-08-20 18:28:00+08:00,0.21444,0.21451,0.21439,0.21444,592890,127159.2164
2025-08-20 18:29:00+08:00,0.21444,0.21452,0.21439,0.21452,63980,13720.63596
2025-08-20 18:30:00+08:00,0.21452,0.21468,0.21446,0.21458,643094,137958.93808
2025-08-20 18:31:00+08:00,0.21458,0.21476,0.21452,0.21459,171566,36820.38958
2025-08-20 18:32:00+08:00,0.21459,0.21468,0.21455,0.21468,265382,56963.0261
2025-08-20 18:33:00+08:00,0.21468,0.21483,0.21452,0.21453,220728,47367.85666
2025-08-20 18:34:00+08:00,0.21453,0.21467,0.21451,0.21453,146420,31411.53014
2025-08-20 18:35:00+08:00,0.21453,0.21459,0.21448,0.21454,11206,2404.25882
2025-08-20 18:36:00+08:00,0.21454,0.21454,0.21437,0.21437,36970,7928.94858
2025-08-20 18:37:00+08:00,0.21437,0.21467,0.21437,0.21465,94160,20211.28692
2025-08-20 18:38:00+08:00,0.21465,0.2147,0.21438,0.21446,125952,27036.32618
2025-08-20 18:39:00+08:00,0.21446,0.21453,0.2144,0.21451,38348,8223.85018
2025-08-20 18:40:00+08:00,0.21451,0.21493,0.21451,0.2149,1127980,242364.78614
2025-08-20 18:41:00+08:00,0.2149,0.21491,0.21475,0.21476,179458,38541.79532
2025-08-20 18:42:00+08:00,0.21476,0.21506,0.21476,0.21506,164826,35417.14514
2025-08-20 18:43:00+08:00,0.21506,0.21508,0.21485,0.21485,538256,115655.7383
2025-08-20 18:44:00+08:00,0.21485,0.21495,0.21485,0.21495,18806,4041.87452
2025-08-20 18:45:00+08:00,0.21495,0.21514,0.21493,0.21514,307546,66151.36676
2025-08-20 18:46:00+08:00,0.21514,0.21515,0.215,0.21508,65442,14072.88606
2025-08-20 18:47:00+08:00,0.21508,0.2152,0.21508,0.21516,383050,82409.8448
2025-08-20 18:48:00+08:00,0.21516,0.21523,0.2151,0.21522,53364,11479.73296
2025-08-20 18:49:00+08:00,0.21522,0.21541,0.21522,0.21541,628830,135381.79454
2025-08-20 18:50:00+08:00,0.21541,0.21552,0.21532,0.21551,1194714,257385.0258
2025-08-20 18:51:00+08:00,0.21551,0.21558,0.21531,0.21538,351438,75721.5393
2025-08-20 18:52:00+08:00,0.21538,0.21545,0.21538,0.21542,783370,168769.37492
2025-08-20 18:53:00+08:00,0.21542,0.21542,0.21526,0.21526,356560,76779.65988
2025-08-20 18:54:00+08:00,0.21526,0.21531,0.21519,0.21531,147952,31839.11946
2025-08-20 18:55:00+08:00,0.21531,0.21531,0.21508,0.21508,280476,60346.345
2025-08-20 18:56:00+08:00,0.21508,0.21526,0.21506,0.21523,591958,127320.12078
2025-08-20 18:57:00+08:00,0.21523,0.21533,0.21514,0.21515,210004,45201.85794
2025-08-20 18:58:00+08:00,0.21515,0.21519,0.21512,0.21512,421562,90707.77362
2025-08-20 18:59:00+08:00,0.21512,0.21515,0.21507,0.21514,48092,10344.78984
2025-08-20 19:00:00+08:00,0.21514,0.21538,0.21514,0.2152,1564974,336930.6201
2025-08-20 19:01:00+08:00,0.2152,0.21545,0.2152,0.21533,281296,60586.4773
2025-08-20 19:02:00+08:00,0.21533,0.21551,0.21521,0.21546,388346,83657.0991
2025-08-20 19:03:00+08:00,0.21546,0.21546,0.21526,0.21534,110752,23846.15886
2025-08-20 19:04:00+08:00,0.21534,0.21559,0.21534,0.21551,12183270,2626004.9238
2025-08-20 19:05:00+08:00,0.21551,0.21551,0.21525,0.21525,387102,83336.2377
2025-08-20 19:06:00+08:00,0.21525,0.21525,0.21505,0.21508,1341840,288713.20042
2025-08-20 19:07:00+08:00,0.21508,0.21514,0.21505,0.21509,275278,59218.89362
2025-08-20 19:08:00+08:00,0.21509,0.21509,0.2147,0.21473,378664,81374.03674
2025-08-20 19:09:00+08:00,0.21473,0.21473,0.21452,0.21455,12888874,2765763.84228
2025-08-20 19:10:00+08:00,0.21455,0.21459,0.2144,0.21446,525150,112650.88718
2025-08-20 19:11:00+08:00,0.21446,0.21451,0.21438,0.21442,1095736,234950.46038
2025-08-20 19:12:00+08:00,0.21442,0.21443,0.21436,0.21437,107434,23034.7638
2025-08-20 19:13:00+08:00,0.21437,0.21449,0.21429,0.21448,306492,65702.73996
2025-08-20 19:14:00+08:00,0.21448,0.21451,0.21446,0.21449,312832,67095.26502
2025-08-20 19:15:00+08:00,0.21449,0.21456,0.21439,0.21439,270120,57944.34808
2025-08-20 19:16:00+08:00,0.21439,0.21439,0.21402,0.21402,1502844,321743.25762
2025-08-20 19:17:00+08:00,0.21402,0.21405,0.21371,0.21391,9385842,2008134.94682
2025-08-20 19:18:00+08:00,0.21391,0.21398,0.21376,0.21398,6748716,1443677.34306
2025-08-20 19:19:00+08:00,0.21398,0.21419,0.21395,0.21416,1035878,221683.58574
2025-08-20 19:20:00+08:00,0.21416,0.21429,0.21408,0.21424,115446,24724.97478
2025-08-20 19:21:00+08:00,0.21424,0.21439,0.21419,0.21428,70002,15003.89726
2025-08-20 19:22:00+08:00,0.21428,0.21428,0.214,0.21401,146290,31314.23106
2025-08-20 19:23:00+08:00,0.21401,0.21408,0.21401,0.21405,189224,40499.89288
2025-08-20 19:24:00+08:00,0.21405,0.2141,0.21386,0.21386,360812,77213.14102
2025-08-20 19:25:00+08:00,0.21386,0.21428,0.21385,0.21428,325430,69634.69404
2025-08-20 19:26:00+08:00,0.21428,0.21428,0.21402,0.21409,66210,14174.85594
2025-08-20 19:27:00+08:00,0.21409,0.21412,0.21394,0.21394,185930,39778.48056
2025-08-20 19:28:00+08:00,0.21394,0.214,0.21369,0.21384,1995720,426587.24078
2025-08-20 19:29:00+08:00,0.21384,0.21384,0.21369,0.2138,389142,83203.01984
2025-08-20 19:30:00+08:00,0.2138,0.21383,0.21361,0.21363,519892,111117.7577
2025-08-20 19:31:00+08:00,0.21363,0.21363,0.21312,0.21312,3077792,656853.34296
2025-08-20 19:32:00+08:00,0.21312,0.21313,0.21243,0.21254,8712092,1853763.81418
2025-08-20 19:33:00+08:00,0.21254,0.213,0.21254,0.21295,4142276,880607.11808
2025-08-20 19:34:00+08:00,0.21295,0.21303,0.21284,0.21295,171138,36440.3213
2025-08-20 19:35:00+08:00,0.21295,0.21311,0.21284,0.21291,462702,98508.49572
2025-08-20 19:36:00+08:00,0.21291,0.213,0.21278,0.213,176204,37508.72548
2025-08-20 19:37:00+08:00,0.213,0.21314,0.21278,0.21278,452082,96259.54098
2025-08-20 19:38:00+08:00,0.21278,0.21283,0.21265,0.21269,1051198,223635.80942
2025-08-20 19:39:00+08:00,0.21269,0.2128,0.2125,0.2125,1630378,346623.55652
2025-08-20 19:40:00+08:00,0.2125,0.21262,0.21214,0.21219,3060644,650053.0739
2025-08-20 19:41:00+08:00,0.21219,0.21243,0.21201,0.21233,1510818,320633.73448
2025-08-20 19:42:00+08:00,0.21233,0.21252,0.2122,0.21227,1000728,212532.7643
2025-08-20 19:43:00+08:00,0.21227,0.21227,0.21161,0.21167,4889938,1036538.38472
2025-08-20 19:44:00+08:00,0.21167,0.21187,0.21152,0.21187,5441896,1151383.2003
2025-08-20 19:45:00+08:00,0.21187,0.21199,0.21145,0.21145,2841024,601550.59738
2025-08-20 19:46:00+08:00,0.21145,0.21184,0.21125,0.21167,4753288,1004863.33422
2025-08-20 19:47:00+08:00,0.21167,0.21208,0.21167,0.21179,2564904,543760.4215
2025-08-20 19:48:00+08:00,0.21179,0.21192,0.21167,0.21187,1205910,255396.80494
2025-08-20 19:49:00+08:00,0.21187,0.21236,0.21187,0.21235,1070202,227057.40402
2025-08-20 19:50:00+08:00,0.21235,0.21277,0.21218,0.21272,1206038,256325.4389
2025-08-20 19:51:00+08:00,0.21272,0.2129,0.21267,0.21286,1265322,269188.19284
2025-08-20 19:52:00+08:00,0.21286,0.21323,0.21278,0.21323,2916894,621755.66366
2025-08-20 19:53:00+08:00,0.21323,0.21341,0.21315,0.21333,258512,55140.1323
2025-08-20 19:54:00+08:00,0.21333,0.21335,0.21306,0.21313,831984,177378.97538
2025-08-20 19:55:00+08:00,0.21313,0.21341,0.21312,0.21331,556890,118744.85562
2025-08-20 19:56:00+08:00,0.21331,0.21348,0.21331,0.21348,872528,186216.65442
2025-08-20 19:57:00+08:00,0.21348,0.21356,0.21338,0.21353,767004,163776.30568
2025-08-20 19:58:00+08:00,0.21353,0.21379,0.21353,0.21376,261364,55855.67058
2025-08-20 19:59:00+08:00,0.21376,0.214,0.2137,0.21399,1189682,254420.9299
2025-08-20 20:00:00+08:00,0.21399,0.21501,0.21396,0.21496,3447142,739335.58566
2025-08-20 20:01:00+08:00,0.21496,0.216,0.21496,0.21596,3262526,703722.86694
2025-08-20 20:02:00+08:00,0.21596,0.21596,0.21514,0.21559,1540058,332008.59
2025-08-20 20:03:00+08:00,0.21559,0.21559,0.21478,0.21513,1029274,221362.9717
2025-08-20 20:04:00+08:00,0.21513,0.21513,0.21485,0.21496,609964,131113.327
2025-08-20 20:05:00+08:00,0.21496,0.2152,0.21481,0.21488,553772,119072.5311
2025-08-20 20:06:00+08:00,0.21488,0.21488,0.21445,0.21456,880766,189099.30914
2025-08-20 20:07:00+08:00,0.21456,0.21509,0.21442,0.215,774664,166522.97124
2025-08-20 20:08:00+08:00,0.215,0.21507,0.21466,0.21477,354510,76191.89678
2025-08-20 20:09:00+08:00,0.21477,0.2149,0.21459,0.21489,209408,44965.9163
2025-08-20 20:10:00+08:00,0.21489,0.21503,0.2147,0.21499,136274,29291.22428
2025-08-20 20:11:00+08:00,0.21499,0.21508,0.21475,0.21476,881074,189411.48782
2025-08-20 20:12:00+08:00,0.21476,0.2148,0.21457,0.2146,291046,62481.11686
2025-08-20 20:13:00+08:00,0.2146,0.21466,0.21434,0.2144,466382,100030.41244
2025-08-20 20:14:00+08:00,0.2144,0.21463,0.2144,0.21459,268214,57525.30194
2025-08-20 20:15:00+08:00,0.21459,0.21469,0.21439,0.21455,933110,200152.30858
2025-08-20 20:16:00+08:00,0.21455,0.21508,0.21455,0.21498,330562,71035.46596
2025-08-20 20:17:00+08:00,0.21498,0.21498,0.21459,0.21466,2365702,508007.77496
2025-08-20 20:18:00+08:00,0.21466,0.21468,0.21436,0.21437,842360,180627.75834
2025-08-20 20:19:00+08:00,0.21437,0.21439,0.21422,0.21425,1440872,308771.97116
2025-08-20 20:20:00+08:00,0.21425,0.21435,0.21392,0.21392,1298424,277911.59006
2025-08-20 20:21:00+08:00,0.21392,0.21415,0.21383,0.21383,2324334,497146.95068
2025-08-20 20:22:00+08:00,0.21383,0.21383,0.21349,0.21368,2353570,502722.6134
2025-08-20 20:23:00+08:00,0.21368,0.21377,0.21323,0.21331,190494,40638.30338
2025-08-20 20:24:00+08:00,0.21331,0.21365,0.21331,0.21355,1961330,418905.10784
2025-08-20 20:25:00+08:00,0.21355,0.21386,0.21355,0.2137,402600,86020.14968
2025-08-20 20:26:00+08:00,0.2137,0.21401,0.21367,0.214,211454,45210.27456
2025-08-20 20:27:00+08:00,0.214,0.21411,0.2138,0.21386,877970,187904.04222
2025-08-20 20:28:00+08:00,0.21386,0.21395,0.21366,0.21366,77994,16676.48488
2025-08-20 20:29:00+08:00,0.21366,0.2139,0.21359,0.2139,1796880,383851.33212
2025-08-20 20:30:00+08:00,0.2139,0.21439,0.21374,0.21439,445204,95339.58684
2025-08-20 20:31:00+08:00,0.21439,0.21454,0.21428,0.21444,195444,41919.3123
2025-08-20 20:32:00+08:00,0.21444,0.21444,0.21376,0.21398,959950,205544.82106
2025-08-20 20:33:00+08:00,0.21398,0.21426,0.21398,0.21423,633296,135650.35266
2025-08-20 20:34:00+08:00,0.21423,0.21447,0.21412,0.2144,43688,9364.001
2025-08-20 20:35:00+08:00,0.2144,0.21465,0.2144,0.21458,262756,56385.2046
2025-08-20 20:36:00+08:00,0.21458,0.21477,0.21429,0.21432,340740,73045.02216
2025-08-20 20:37:00+08:00,0.21432,0.21479,0.21432,0.21479,1303970,279956.80824
2025-08-20 20:38:00+08:00,0.21479,0.21479,0.21447,0.21447,424660,91134.90428
2025-08-20 20:39:00+08:00,0.21447,0.21468,0.21437,0.21437,30838,6617.46232
2025-08-20 20:40:00+08:00,0.21437,0.21479,0.21434,0.21479,367936,78934.00766
2025-08-20 20:41:00+08:00,0.21479,0.2148,0.2146,0.21473,1449458,311312.98748
2025-08-20 20:42:00+08:00,0.21473,0.21494,0.21473,0.2149,567372,121895.15778
2025-08-20 20:43:00+08:00,0.2149,0.21501,0.21478,0.2149,1165690,250545.08182
2025-08-20 20:44:00+08:00,0.2149,0.2149,0.21474,0.21486,615610,132251.13
2025-08-20 20:45:00+08:00,0.21486,0.21492,0.2144,0.2146,5847548,1255960.55548
2025-08-20 20:46:00+08:00,0.2146,0.21474,0.21453,0.21474,129112,27703.31118
2025-08-20 20:47:00+08:00,0.21474,0.21474,0.2145,0.21452,278054,59674.75358
2025-08-20 20:48:00+08:00,0.21452,0.21469,0.21452,0.21468,55496,11912.22462
2025-08-20 20:49:00+08:00,0.21468,0.21476,0.21466,0.21466,518988,111436.36156
2025-08-20 20:50:00+08:00,0.21466,0.21492,0.21466,0.21478,89360,19197.23316
2025-08-20 20:51:00+08:00,0.21478,0.21488,0.21437,0.21448,1696078,363661.58478
2025-08-20 20:52:00+08:00,0.21448,0.21453,0.21415,0.21419,47854,10254.43328
2025-08-20 20:53:00+08:00,0.21419,0.21447,0.21419,0.21442,656806,140807.73684
2025-08-20 20:54:00+08:00,0.21442,0.21463,0.21442,0.21457,26220,5625.5999
2025-08-20 20:55:00+08:00,0.21457,0.21459,0.2145,0.2145,102638,22023.37882
2025-08-20 20:56:00+08:00,0.2145,0.21476,0.2145,0.21472,285874,61375.02212
2025-08-20 20:57:00+08:00,0.21472,0.21472,0.21452,0.21459,37268,7997.86562
2025-08-20 20:58:00+08:00,0.21459,0.21459,0.21442,0.21442,411790,88328.76826
2025-08-20 20:59:00+08:00,0.21442,0.21446,0.21426,0.21433,428960,91954.08218
2025-08-20 21:00:00+08:00,0.21433,0.21437,0.21402,0.21418,396824,84974.92086
2025-08-20 21:01:00+08:00,0.21418,0.21429,0.21406,0.21406,149754,32068.97882
2025-08-20 21:02:00+08:00,0.21406,0.21413,0.21353,0.21354,1906972,407337.01328
2025-08-20 21:03:00+08:00,0.21354,0.21384,0.21345,0.21377,6230028,1330408.51994
2025-08-20 21:04:00+08:00,0.21377,0.21387,0.21366,0.21368,218570,46712.35594
2025-08-20 21:05:00+08:00,0.21368,0.2137,0.21358,0.21359,113574,24259.75786
2025-08-20 21:06:00+08:00,0.21359,0.2139,0.21359,0.21377,7317966,1563782.885
2025-08-20 21:07:00+08:00,0.21377,0.21388,0.21361,0.21365,131436,28091.76516
2025-08-20 21:08:00+08:00,0.21365,0.21365,0.21335,0.21338,860444,183740.17872
2025-08-20 21:09:00+08:00,0.21338,0.21338,0.21326,0.21331,1102840,235251.2246
2025-08-20 21:10:00+08:00,0.21331,0.21332,0.21291,0.21298,1093884,233165.25194
2025-08-20 21:11:00+08:00,0.21298,0.2131,0.21283,0.21286,175392,37356.83258
2025-08-20 21:12:00+08:00,0.21286,0.21289,0.21259,0.21259,719810,153059.93634
2025-08-20 21:13:00+08:00,0.21259,0.21286,0.21247,0.2125,2735472,581850.1524
2025-08-20 21:14:00+08:00,0.2125,0.21261,0.21244,0.21252,508572,108080.0304
2025-08-20 21:15:00+08:00,0.21252,0.21253,0.21223,0.21231,711950,151153.47544
2025-08-20 21:16:00+08:00,0.21231,0.21259,0.21226,0.21246,1807590,384154.85392
2025-08-20 21:17:00+08:00,0.21246,0.21289,0.21246,0.21269,1301188,276635.31536
2025-08-20 21:18:00+08:00,0.21269,0.21305,0.21251,0.21291,1149004,244672.90018
2025-08-20 21:19:00+08:00,0.21291,0.21291,0.21259,0.21259,960508,204383.68708
2025-08-20 21:20:00+08:00,0.21259,0.2128,0.21245,0.21278,639576,135959.26814
2025-08-20 21:21:00+08:00,0.21278,0.21292,0.21263,0.21292,188504,40093.56682
2025-08-20 21:22:00+08:00,0.21292,0.21292,0.21272,0.21284,208062,44277.00968
2025-08-20 21:23:00+08:00,0.21284,0.21289,0.21256,0.21256,365178,77664.13448
2025-08-20 21:24:00+08:00,0.21256,0.21273,0.21254,0.2126,93752,19932.88744
2025-08-20 21:25:00+08:00,0.2126,0.21265,0.21244,0.21255,244356,51939.23464
2025-08-20 21:26:00+08:00,0.21255,0.21275,0.21247,0.21268,264870,56329.91744
2025-08-20 21:27:00+08:00,0.21268,0.21273,0.21257,0.21265,307174,65317.12694
2025-08-20 21:28:00+08:00,0.21265,0.21301,0.21265,0.21286,2580690,549294.7519
2025-08-20 21:29:00+08:00,0.21286,0.21307,0.21286,0.21307,134938,28745.5685
2025-08-20 21:30:00+08:00,0.21307,0.21307,0.21187,0.21205,3220062,683884.51702
2025-08-20 21:31:00+08:00,0.21205,0.21269,0.2117,0.21223,5439434,1154175.29726
2025-08-20 21:32:00+08:00,0.21223,0.21225,0.21164,0.21193,1832768,388370.75442
2025-08-20 21:33:00+08:00,0.21193,0.21242,0.21193,0.2123,106206,22541.76742
2025-08-20 21:34:00+08:00,0.2123,0.2123,0.21204,0.21209,448014,95060.43912
2025-08-20 21:35:00+08:00,0.21209,0.21274,0.21202,0.21236,834932,177381.25678
2025-08-20 21:36:00+08:00,0.21236,0.21363,0.2123,0.2134,2137888,455576.69354
2025-08-20 21:37:00+08:00,0.2134,0.21388,0.21306,0.21382,1548188,330452.60662
2025-08-20 21:38:00+08:00,0.21382,0.2141,0.21335,0.21364,574286,122742.85324
2025-08-20 21:39:00+08:00,0.21364,0.21364,0.21266,0.21266,980740,208992.9138
2025-08-20 21:40:00+08:00,0.21266,0.21306,0.21224,0.21224,1084492,230428.06798
2025-08-20 21:41:00+08:00,0.21224,0.21235,0.21184,0.21227,1455668,308658.93548
2025-08-20 21:42:00+08:00,0.21227,0.21322,0.21227,0.21295,1410940,300372.5979
2025-08-20 21:43:00+08:00,0.21295,0.21303,0.21233,0.21241,690960,147033.23392
2025-08-20 21:44:00+08:00,0.21241,0.21241,0.21167,0.21168,786736,166739.18294
2025-08-20 21:45:00+08:00,0.21168,0.21179,0.21047,0.2105,4993480,1054175.55162
2025-08-20 21:46:00+08:00,0.2105,0.21091,0.21016,0.21048,2811298,591898.36592
2025-08-20 21:47:00+08:00,0.21048,0.21073,0.21029,0.21034,1492730,314372.61094
2025-08-20 21:48:00+08:00,0.21034,0.21067,0.21034,0.21047,1016922,214057.67716
2025-08-20 21:49:00+08:00,0.21047,0.21103,0.21041,0.21065,1795300,378321.9182
2025-08-20 21:50:00+08:00,0.21065,0.21065,0.20984,0.21014,11851804,2489031.46478
2025-08-20 21:51:00+08:00,0.21014,0.21021,0.20942,0.20943,4648342,975032.1759
2025-08-20 21:52:00+08:00,0.20943,0.20996,0.20918,0.20971,10876736,2278374.2419
2025-08-20 21:53:00+08:00,0.20971,0.21,0.20934,0.20952,7031834,1473829.81462
2025-08-20 21:54:00+08:00,0.20952,0.20983,0.20946,0.20977,3451438,723663.29178
2025-08-20 21:55:00+08:00,0.20977,0.21065,0.20977,0.21038,2767234,582211.82362
2025-08-20 21:56:00+08:00,0.21038,0.21038,0.20947,0.21,5994348,1256687.65952
2025-08-20 21:57:00+08:00,0.21,0.21079,0.21,0.21063,15374416,3238226.0883
2025-08-20 21:58:00+08:00,0.21063,0.21063,0.21016,0.21031,1255690,264285.84372
2025-08-20 21:59:00+08:00,0.21031,0.21031,0.20988,0.20995,6948010,1458937.21568
2025-08-20 22:00:00+08:00,0.20995,0.21061,0.20991,0.21053,1526034,321096.50902
2025-08-20 22:01:00+08:00,0.21053,0.21065,0.21001,0.2102,1027830,216123.47978
2025-08-20 22:02:00+08:00,0.2102,0.21057,0.21019,0.21047,8353618,1757630.36664
2025-08-20 22:03:00+08:00,0.21047,0.21094,0.21039,0.21079,1160980,244736.92542
2025-08-20 22:04:00+08:00,0.21079,0.21079,0.21013,0.21013,835320,175744.43878
2025-08-20 22:05:00+08:00,0.21013,0.21023,0.209,0.20902,2849382,596658.3845
2025-08-20 22:06:00+08:00,0.20902,0.20926,0.20879,0.20926,1256270,262453.40302
