timestamp,open,high,low,close,volume,Denominated_Coin_Volume
2025-08-19 04:16:00+08:00,4363.41,4364.38,4359.92,4360.32,259.4,1131114.7482
2025-08-19 04:17:00+08:00,4360.32,4362.16,4359.55,4360.08,67.7,295219.0498
2025-08-19 04:18:00+08:00,4360.08,4361.38,4357.13,4357.29,609.78,2658468.1392
2025-08-19 04:19:00+08:00,4357.29,4359.12,4354.13,4354.13,579.38,2524425.0842
2025-08-19 04:20:00+08:00,4354.13,4355.68,4352.05,4355.68,1461.96,6364699.6852
2025-08-19 04:21:00+08:00,4355.68,4358.69,4355,4357.11,108.66,473421.7804
2025-08-19 04:22:00+08:00,4357.11,4357.35,4352.42,4353.55,426.14,1855919.8064
2025-08-19 04:23:00+08:00,4353.55,4354.45,4348.25,4348.25,326.7,1421392.8404
2025-08-19 04:24:00+08:00,4348.25,4348.3,4345.86,4348.3,732.2,3183105.2736
2025-08-19 04:25:00+08:00,4348.3,4350.5,4346.13,4349.84,386.58,1680774.3832
2025-08-19 04:26:00+08:00,4349.84,4351.37,4348.7,4350.38,367.22,1597212.8426
2025-08-19 04:27:00+08:00,4350.38,4351.06,4348.44,4349.61,366.76,1595337.0342
2025-08-19 04:28:00+08:00,4349.61,4352.98,4349.53,4352.98,160.74,699489.2636
2025-08-19 04:29:00+08:00,4352.98,4355.25,4351.32,4355.25,202.68,882219.142
2025-08-19 04:30:00+08:00,4355.25,4356.83,4354.04,4356.72,197.42,859853.3778
2025-08-19 04:31:00+08:00,4356.72,4356.72,4349.01,4351.2,503.46,2191902.6672
2025-08-19 04:32:00+08:00,4351.2,4354.09,4350.53,4350.53,40.94,178167.4834
2025-08-19 04:33:00+08:00,4350.53,4351.91,4347.55,4347.55,156.96,682642.2354
2025-08-19 04:34:00+08:00,4347.55,4348.78,4344.56,4346.65,2459.9,10693096.1964
2025-08-19 04:35:00+08:00,4346.65,4346.94,4343.21,4346,394.94,1715896.4358
2025-08-19 04:36:00+08:00,4346,4347.54,4342.63,4343.13,353.08,1533977.1508
2025-08-19 04:37:00+08:00,4343.13,4345.01,4333.4,4336.24,9921.94,43041285.0134
2025-08-19 04:38:00+08:00,4336.24,4339.33,4326,4327.38,6332.4,27429547.3806
2025-08-19 04:39:00+08:00,4327.38,4332.32,4326.34,4331.15,2769.04,11985363.8472
2025-08-19 04:40:00+08:00,4331.15,4332.57,4325.02,4325.03,1081.42,4682104.875
2025-08-19 04:41:00+08:00,4325.03,4328.64,4316.09,4328.31,8500.66,36745124.9586
2025-08-19 04:42:00+08:00,4328.31,4335,4328.3,4335,1201,5202132.2072
2025-08-19 04:43:00+08:00,4335,4335.47,4331.59,4334.09,578.4,2506500.1862
2025-08-19 04:44:00+08:00,4334.09,4337,4330.44,4330.55,293.84,1273461.1162
2025-08-19 04:45:00+08:00,4330.55,4334.5,4324.31,4325.48,2051.3,8879025.8142
2025-08-19 04:46:00+08:00,4325.48,4329.78,4324.33,4327.83,271.46,1174804.461
2025-08-19 04:47:00+08:00,4327.83,4332.37,4326.96,4330.37,358.26,1551235.3588
2025-08-19 04:48:00+08:00,4330.37,4337.06,4330.37,4335.27,944.72,4094957.9912
2025-08-19 04:49:00+08:00,4335.27,4338.91,4334.19,4337.11,493.96,2142735.1516
2025-08-19 04:50:00+08:00,4337.11,4338.98,4336.21,4338.98,223.02,967437.7854
2025-08-19 04:51:00+08:00,4338.98,4339.22,4335.61,4339.2,328.54,1424907.2096
2025-08-19 04:52:00+08:00,4339.2,4339.2,4333.26,4335.22,880.96,3819303.4914
2025-08-19 04:53:00+08:00,4335.22,4335.22,4330.56,4333.97,269.3,1166741.304
2025-08-19 04:54:00+08:00,4333.97,4336.41,4331.68,4335.51,551.42,2390406.8222
2025-08-19 04:55:00+08:00,4335.51,4338.34,4333.57,4338.3,474.2,2055767.4124
2025-08-19 04:56:00+08:00,4338.3,4340.96,4337.23,4337.23,779.6,3383222.7792
2025-08-19 04:57:00+08:00,4337.23,4338.67,4334.86,4337.74,264.7,1148137.6968
2025-08-19 04:58:00+08:00,4337.74,4339.03,4334.78,4335.05,666.96,2892817.3852
2025-08-19 04:59:00+08:00,4335.05,4335.82,4330.55,4330.55,964.72,4179778.3848
2025-08-19 05:00:00+08:00,4330.55,4335.73,4330.55,4335.73,340.02,1473121.2108
2025-08-19 05:01:00+08:00,4335.73,4336.82,4332.43,4332.44,49.94,216487.6262
2025-08-19 05:02:00+08:00,4332.44,4336.83,4332.44,4335.12,285.42,1237533.5434
2025-08-19 05:03:00+08:00,4335.12,4339.04,4335.12,4339.04,397.3,1723530.1404
2025-08-19 05:04:00+08:00,4339.04,4340.91,4337.34,4340.62,182.7,792767.3548
2025-08-19 05:05:00+08:00,4340.62,4341,4338.93,4340.26,147.98,642241.224
2025-08-19 05:06:00+08:00,4340.26,4341.22,4336.8,4336.96,746.3,3237572.2976
2025-08-19 05:07:00+08:00,4336.96,4336.96,4332.7,4333.82,557.74,2418124.2308
2025-08-19 05:08:00+08:00,4333.82,4334.99,4329.46,4329.46,819.5,3550409.9486
2025-08-19 05:09:00+08:00,4329.46,4331.22,4328.16,4331.22,491.72,2128951.2684
2025-08-19 05:10:00+08:00,4331.22,4332.01,4330.03,4330.19,1732.5,7503230.958
2025-08-19 05:11:00+08:00,4330.19,4333.52,4328.27,4333.52,1480.56,6410301.1134
2025-08-19 05:12:00+08:00,4333.52,4337.73,4333.52,4334.44,2177.22,9440736.2252
2025-08-19 05:13:00+08:00,4334.44,4339.19,4334.44,4338.46,591.52,2565967.5276
2025-08-19 05:14:00+08:00,4338.46,4347.62,4338.46,4346.77,3138.66,13629612.5208
2025-08-19 05:15:00+08:00,4346.77,4350.36,4345.88,4346.28,940.18,4088273.6466
2025-08-19 05:16:00+08:00,4346.28,4346.6,4343.65,4345.48,456.16,1982040.2802
2025-08-19 05:17:00+08:00,4345.48,4345.48,4343.03,4345.01,104.5,453955.0094
2025-08-19 05:18:00+08:00,4345.01,4348,4345.01,4347.99,271.68,1180987.4388
2025-08-19 05:19:00+08:00,4347.99,4353.48,4347.61,4349.89,2128.64,9260054.0032
2025-08-19 05:20:00+08:00,4349.89,4349.89,4346.27,4347.6,517.08,2248304.2128
2025-08-19 05:21:00+08:00,4347.6,4349.59,4345.3,4347.28,1250.2,5435011.7998
2025-08-19 05:22:00+08:00,4347.28,4349.97,4346.56,4349.97,628.66,2733320.7986
2025-08-19 05:23:00+08:00,4349.97,4352.48,4348.27,4352.48,309,1343839.5196
2025-08-19 05:24:00+08:00,4352.48,4352.83,4350.92,4352.74,1091.22,4749102.972
2025-08-19 05:25:00+08:00,4352.74,4354.3,4352.03,4352.04,792.66,3450894.8432
2025-08-19 05:26:00+08:00,4352.04,4354.88,4352.04,4354.88,246.52,1073415.053
2025-08-19 05:27:00+08:00,4354.88,4357.34,4353.58,4356.45,202.58,882399.163
2025-08-19 05:28:00+08:00,4356.45,4356.45,4352.98,4353.2,192.6,838592.2778
2025-08-19 05:29:00+08:00,4353.2,4353.84,4350.77,4350.84,788.48,3431070.6526
2025-08-19 05:30:00+08:00,4350.84,4355.32,4350.84,4350.84,203.02,883705.801
2025-08-19 05:31:00+08:00,4350.84,4350.84,4345.68,4347.01,704.08,3061449.6592
2025-08-19 05:32:00+08:00,4347.01,4347.01,4345.15,4345.24,363.06,1577940.3178
2025-08-19 05:33:00+08:00,4345.24,4346.28,4343.18,4346.28,364.3,1582748.3954
2025-08-19 05:34:00+08:00,4346.28,4349.55,4345.91,4349.55,101.24,440168.6712
2025-08-19 05:35:00+08:00,4349.55,4349.63,4343.34,4343.34,596.3,2591888.6644
2025-08-19 05:36:00+08:00,4343.34,4343.35,4335.07,4335.57,1678.96,7283821.8274
2025-08-19 05:37:00+08:00,4335.57,4337.82,4335.18,4335.18,571.92,2480264.5218
2025-08-19 05:38:00+08:00,4335.18,4337.77,4331.91,4336.65,666.66,2889884.252
2025-08-19 05:39:00+08:00,4336.65,4340.04,4336.65,4340.04,93.12,403992.8582
2025-08-19 05:40:00+08:00,4340.04,4341.53,4338.63,4340.03,782.48,3395997.4754
2025-08-19 05:41:00+08:00,4340.03,4340.03,4336.07,4336.29,301.66,1308635.376
2025-08-19 05:42:00+08:00,4336.29,4336.93,4335.09,4336.92,333.32,1445198.1814
2025-08-19 05:43:00+08:00,4336.92,4338.53,4328.57,4328.99,4189.06,18153522.51
2025-08-19 05:44:00+08:00,4328.99,4332.07,4324.24,4327.55,3045.62,13177236.1354
2025-08-19 05:45:00+08:00,4327.55,4327.59,4325.63,4325.75,685.38,2964951.8682
2025-08-19 05:46:00+08:00,4325.75,4333.66,4325.75,4333.66,586.42,2539453.5288
2025-08-19 05:47:00+08:00,4333.66,4333.66,4331.05,4331.05,255.8,1108188.0878
2025-08-19 05:48:00+08:00,4331.05,4331.26,4329.56,4331.25,207.64,899264.981
2025-08-19 05:49:00+08:00,4331.25,4339.34,4331.25,4337.62,5783.2,25080894.9518
2025-08-19 05:50:00+08:00,4337.62,4341.54,4335,4341.08,3164.22,13726954.4052
2025-08-19 05:51:00+08:00,4341.08,4342.5,4338.92,4339.55,463.72,2012919.286
2025-08-19 05:52:00+08:00,4339.55,4340.18,4339.44,4340.17,112.62,488783.9346
2025-08-19 05:53:00+08:00,4340.17,4345,4339.79,4344.51,1910.12,8294631.0392
2025-08-19 05:54:00+08:00,4344.51,4344.55,4344.51,4344.54,448.82,1949909.3034
2025-08-19 05:55:00+08:00,4344.54,4347.89,4344.43,4346.3,532.54,2314736.4
2025-08-19 05:56:00+08:00,4346.3,4355.87,4343.89,4355.86,2910.42,12663709.1476
2025-08-19 05:57:00+08:00,4355.86,4358.5,4355.03,4358.5,579.96,2526860.0284
2025-08-19 05:58:00+08:00,4358.5,4360.74,4357.23,4357.23,991.8,4323616.922
2025-08-19 05:59:00+08:00,4357.23,4357.23,4350.77,4351.65,1841.3,8015402.6496
2025-08-19 06:00:00+08:00,4351.65,4363.75,4351.65,4357.54,2211.72,9642625.0014
2025-08-19 06:01:00+08:00,4357.54,4365.35,4357.53,4360.63,5240.16,22862741.9708
2025-08-19 06:02:00+08:00,4360.63,4371.9,4360.63,4367.96,5040.56,22011980.5606
2025-08-19 06:03:00+08:00,4367.96,4371,4363.16,4366.39,2906.8,12695519.15
2025-08-19 06:04:00+08:00,4366.39,4373.77,4365.54,4373.6,1573.02,6872838.1122
2025-08-19 06:05:00+08:00,4373.6,4375,4369.62,4372.12,2043.32,8935087.4466
2025-08-19 06:06:00+08:00,4372.12,4375.51,4370.13,4374.04,2293.58,10031160.8084
2025-08-19 06:07:00+08:00,4374.04,4375.51,4370.15,4373.16,1037.36,4535587.954
2025-08-19 06:08:00+08:00,4373.16,4374.93,4370.31,4370.97,773.86,3384051.0622
2025-08-19 06:09:00+08:00,4370.97,4375,4369.25,4375,454.96,1988716.0318
2025-08-19 06:10:00+08:00,4375,4376.48,4371.29,4374.73,723.56,3164476.2886
2025-08-19 06:11:00+08:00,4374.73,4377.49,4374.06,4374.07,1076.34,4710588.137
2025-08-19 06:12:00+08:00,4374.07,4376.05,4370.97,4375.12,1145.9,5012635.6176
2025-08-19 06:13:00+08:00,4375.12,4377.1,4370.2,4371.62,1212.44,5301836.011
2025-08-19 06:14:00+08:00,4371.62,4373.98,4370.34,4373.97,219.58,959912.431
2025-08-19 06:15:00+08:00,4373.97,4378.98,4373.97,4377.35,1118.76,4897484.091
2025-08-19 06:16:00+08:00,4377.35,4378.95,4374.99,4377.36,286.78,1255352.5398
2025-08-19 06:17:00+08:00,4377.36,4378.97,4373.94,4374.24,745.08,3261631.8794
2025-08-19 06:18:00+08:00,4374.24,4374.24,4367.46,4367.46,3080.36,13460693.1072
2025-08-19 06:19:00+08:00,4367.46,4370.21,4365.13,4370.21,2989.76,13055338.6078
2025-08-19 06:20:00+08:00,4370.21,4374.98,4368.92,4373,623.28,2724397.3602
2025-08-19 06:21:00+08:00,4373,4373.39,4370.43,4372.71,373.82,1634500.5644
2025-08-19 06:22:00+08:00,4372.71,4381.67,4372.16,4379.45,1622.62,7103940.6476
2025-08-19 06:23:00+08:00,4379.45,4380.06,4376.9,4379.99,622.14,2724077.224
2025-08-19 06:24:00+08:00,4379.99,4384.02,4379.27,4380.24,1667.88,7309423.2538
2025-08-19 06:25:00+08:00,4380.24,4381.96,4377.55,4378.99,680.98,2982779.9514
2025-08-19 06:26:00+08:00,4378.99,4381.62,4377.55,4380.43,860.56,3768598.935
2025-08-19 06:27:00+08:00,4380.43,4384.47,4380.17,4384.47,564.08,2472162.4536
2025-08-19 06:28:00+08:00,4384.47,4385.92,4382.56,4383.2,1253.28,5495358.496
2025-08-19 06:29:00+08:00,4383.2,4383.2,4378.47,4381.09,742.94,3253635.0572
2025-08-19 06:30:00+08:00,4381.09,4383.2,4378,4378,213.38,934718.5802
2025-08-19 06:31:00+08:00,4378,4380.42,4375,4375.11,2035.08,8908974.5232
2025-08-19 06:32:00+08:00,4375.11,4378.77,4374.85,4377.96,791.14,3463142.7848
2025-08-19 06:33:00+08:00,4377.96,4382.56,4376.42,4378.29,1520.84,6663042.7702
2025-08-19 06:34:00+08:00,4378.29,4378.29,4375.83,4376,1021.22,4469701.9698
2025-08-19 06:35:00+08:00,4376,4377.32,4370,4370.58,1439.06,6289865.9568
2025-08-19 06:36:00+08:00,4370.58,4373.98,4370.58,4373.94,1326.72,5799804.0174
2025-08-19 06:37:00+08:00,4373.94,4373.94,4366.03,4366.03,572.88,2502129.9958
2025-08-19 06:38:00+08:00,4366.03,4370,4364.03,4369.56,2728.44,11910627.4636
2025-08-19 06:39:00+08:00,4369.56,4369.57,4362.82,4364.44,1874.3,8180448.4184
2025-08-19 06:40:00+08:00,4364.44,4365.19,4358.94,4361.35,1149.22,5011988.6318
2025-08-19 06:41:00+08:00,4361.35,4363.87,4360.62,4361.9,700.46,3055809.0502
2025-08-19 06:42:00+08:00,4361.9,4361.91,4357.94,4360.15,1814.68,7913298.7198
2025-08-19 06:43:00+08:00,4360.15,4362.54,4358.54,4362.42,354.98,1547869.6252
2025-08-19 06:44:00+08:00,4362.42,4363.77,4360.38,4360.4,161.78,705712.5668
2025-08-19 06:45:00+08:00,4360.4,4364.88,4356.57,4357.32,1520.18,6628041.0558
2025-08-19 06:46:00+08:00,4357.32,4358.8,4355.91,4356.47,1114.38,4855043.5606
2025-08-19 06:47:00+08:00,4356.47,4357.72,4354.62,4354.62,441.54,1923176.567
2025-08-19 06:48:00+08:00,4354.62,4354.62,4350.16,4352.22,1978.24,8609464.9574
2025-08-19 06:49:00+08:00,4352.22,4357.38,4352.22,4354,808.4,3520572.7952
2025-08-19 06:50:00+08:00,4354,4354.39,4351.42,4351.82,1344.96,5854889.8114
2025-08-19 06:51:00+08:00,4351.82,4354.18,4347.09,4349.37,1887.08,8208202.7002
2025-08-19 06:52:00+08:00,4349.37,4355.79,4349.32,4354.05,2822.4,12285385.9712
2025-08-19 06:53:00+08:00,4354.05,4354.05,4349,4349.48,937.22,4077692.0532
2025-08-19 06:54:00+08:00,4349.48,4351.85,4347.62,4347.87,202.6,881323.7728
2025-08-19 06:55:00+08:00,4347.87,4347.87,4342.56,4342.6,3937.88,17111806.0208
2025-08-19 06:56:00+08:00,4342.6,4344.39,4337.63,4340.98,2098.38,9108102.4508
2025-08-19 06:57:00+08:00,4340.98,4342.36,4338.54,4339.75,485.92,2108888.259
2025-08-19 06:58:00+08:00,4339.75,4343.58,4339.46,4343.41,782.1,3395494.6322
2025-08-19 06:59:00+08:00,4343.41,4343.41,4337.32,4338.42,1528.92,6634112.7884
2025-08-19 07:00:00+08:00,4338.42,4342.24,4338.18,4338.2,529.96,2299729.9942
2025-08-19 07:01:00+08:00,4338.2,4340.5,4338.2,4340.5,420.68,1825656.0094
2025-08-19 07:02:00+08:00,4340.5,4343.31,4338.24,4342.25,325.64,1413474.4682
2025-08-19 07:03:00+08:00,4342.25,4345.52,4340.69,4341.04,1096.5,4761567.6268
2025-08-19 07:04:00+08:00,4341.04,4345.99,4341.04,4343.28,245.9,1068158.8636
2025-08-19 07:05:00+08:00,4343.28,4349,4343.28,4346.69,835.4,3631121.2474
2025-08-19 07:06:00+08:00,4346.69,4348.57,4344.23,4345.03,757.6,3292932.1948
2025-08-19 07:07:00+08:00,4345.03,4345.53,4341.05,4341.05,702.48,3051126.1452
2025-08-19 07:08:00+08:00,4341.05,4343.01,4338.77,4339.41,681.68,2959051.3294
2025-08-19 07:09:00+08:00,4339.41,4340.99,4338.23,4340.13,224.34,973490.2824
2025-08-19 07:10:00+08:00,4340.13,4340.97,4338.23,4338.38,93.62,406230.5666
2025-08-19 07:11:00+08:00,4338.38,4339.72,4337.07,4337.07,306.7,1330496.9076
2025-08-19 07:12:00+08:00,4337.07,4337.08,4334.3,4335.79,794.7,3445500.113
2025-08-19 07:13:00+08:00,4335.79,4337.29,4334.3,4334.72,457.52,1983486.3938
2025-08-19 07:14:00+08:00,4334.72,4335.42,4333.32,4333.96,409.08,1773023.2488
2025-08-19 07:15:00+08:00,4333.96,4335.33,4333.31,4334.86,254.72,1103999.5376
2025-08-19 07:16:00+08:00,4334.86,4337.98,4332.06,4335.27,303.34,1315038.6558
2025-08-19 07:17:00+08:00,4335.27,4335.66,4332.07,4332.07,294.96,1278414.567
2025-08-19 07:18:00+08:00,4332.07,4332.08,4329.57,4330.29,1023.84,4433744.4458
2025-08-19 07:19:00+08:00,4330.29,4330.81,4326.85,4326.86,1345.74,5824212.4942
2025-08-19 07:20:00+08:00,4326.86,4328.7,4326.85,4328.07,628.52,2720326.6256
2025-08-19 07:21:00+08:00,4328.07,4328.07,4326,4326.01,586.12,2536320.9262
2025-08-19 07:22:00+08:00,4326.01,4330.61,4320.17,4329.99,6531.94,28240930.1824
2025-08-19 07:23:00+08:00,4329.99,4330.25,4326.98,4326.98,616.52,2668384.6108
2025-08-19 07:24:00+08:00,4326.98,4328.39,4324.01,4324.01,429.72,1858821.596
2025-08-19 07:25:00+08:00,4324.01,4331.3,4324.01,4330.74,1165.38,5045813.6986
2025-08-19 07:26:00+08:00,4330.74,4332.48,4330.22,4332.47,543.76,2354776.6628
2025-08-19 07:27:00+08:00,4332.47,4332.47,4328.83,4329.64,1072.38,4643551.0102
2025-08-19 07:28:00+08:00,4329.64,4329.64,4323.72,4325.74,1011.26,4375560.2092
2025-08-19 07:29:00+08:00,4325.74,4328.16,4325.74,4328.15,229.8,994286.4964
2025-08-19 07:30:00+08:00,4328.15,4333.57,4326.24,4327.78,1532.48,6637154.6732
2025-08-19 07:31:00+08:00,4327.78,4329.16,4325.74,4325.89,317.98,1375891.6908
2025-08-19 07:32:00+08:00,4325.89,4326.98,4321.88,4322.37,882.34,3814471.7934
2025-08-19 07:33:00+08:00,4322.37,4324.08,4319.2,4319.96,1259.48,5442123.8338
2025-08-19 07:34:00+08:00,4319.96,4322.33,4318,4320.95,1301,5620162.4422
2025-08-19 07:35:00+08:00,4320.95,4322.88,4320.27,4322.64,800.16,3458022.7028
2025-08-19 07:36:00+08:00,4322.64,4325.65,4321.7,4324.32,321.78,1391157.1748
2025-08-19 07:37:00+08:00,4324.32,4324.32,4318.25,4320.4,805.7,3480681.5844
2025-08-19 07:38:00+08:00,4320.4,4322.44,4318,4318.44,267.02,1153411.4924
2025-08-19 07:39:00+08:00,4318.44,4319.3,4317.01,4317.01,820.1,3541011.629
2025-08-19 07:40:00+08:00,4317.01,4321.08,4315.73,4319.66,1186.76,5123995.7262
2025-08-19 07:41:00+08:00,4319.66,4320.45,4317.94,4319.89,528.28,2281729.939
2025-08-19 07:42:00+08:00,4319.89,4320.78,4311.32,4315.77,3604.42,15554079.2356
2025-08-19 07:43:00+08:00,4315.77,4315.77,4311.15,4312.22,1078.7,4651694.8496
2025-08-19 07:44:00+08:00,4312.22,4312.68,4308,4312.17,1825.38,7866787.6832
2025-08-19 07:45:00+08:00,4312.17,4313.54,4308.8,4308.8,1222.22,5268386.9898
2025-08-19 07:46:00+08:00,4308.8,4310.48,4306.35,4306.82,960.68,4139251.6174
2025-08-19 07:47:00+08:00,4306.82,4308.17,4306.4,4307.49,882.22,3799630.0836
2025-08-19 07:48:00+08:00,4307.49,4309.81,4304.19,4304.49,2485.9,10704430.053
2025-08-19 07:49:00+08:00,4304.49,4305.94,4304.49,4304.5,422.12,1817272.276
2025-08-19 07:50:00+08:00,4304.5,4311.47,4302.58,4310.94,1725.3,7432822.3518
2025-08-19 07:51:00+08:00,4310.94,4311.96,4307.3,4310.18,532.58,2295643.8774
2025-08-19 07:52:00+08:00,4310.18,4315.61,4310.18,4314.89,1313.96,5668486.4892
2025-08-19 07:53:00+08:00,4314.89,4315.48,4311.53,4311.53,770.92,3326011.264
2025-08-19 07:54:00+08:00,4311.53,4313.59,4311.53,4313.25,277.1,1195157.4278
2025-08-19 07:55:00+08:00,4313.25,4313.59,4310.07,4310.41,661.9,2854454.1146
2025-08-19 07:56:00+08:00,4310.41,4312.23,4308.5,4311.51,383.18,1651547.6758
2025-08-19 07:57:00+08:00,4311.51,4312.22,4308.52,4308.52,361.96,1560289.7508
2025-08-19 07:58:00+08:00,4308.52,4309.92,4307.11,4309.61,308.74,1330216.4168
2025-08-19 07:59:00+08:00,4309.61,4312.21,4309.61,4312.21,243.26,1048522.4168
2025-08-19 08:00:00+08:00,4312.21,4312.21,4308,4308.27,641.22,2763912.3804
2025-08-19 08:01:00+08:00,4308.27,4309.01,4305.91,4307.41,321.62,1385352.0152
2025-08-19 08:02:00+08:00,4307.41,4313.84,4304.14,4313.03,4536.48,19552900.5906
2025-08-19 08:03:00+08:00,4313.03,4318.23,4313.03,4314.29,2312.44,9980152.581
2025-08-19 08:04:00+08:00,4314.29,4315,4310.76,4315,1111.56,4793777.415
2025-08-19 08:05:00+08:00,4315,4318,4315,4316.14,898.66,3879069.9986
2025-08-19 08:06:00+08:00,4316.14,4316.17,4313.83,4314.99,275.6,1189236.3162
2025-08-19 08:07:00+08:00,4314.99,4318.83,4314.99,4315,659.06,2845696.6452
2025-08-19 08:08:00+08:00,4315,4315,4312.23,4314.41,191.42,825728.1408
2025-08-19 08:09:00+08:00,4314.41,4318.5,4314.41,4318.5,124.34,536750.6356
2025-08-19 08:10:00+08:00,4318.5,4320.99,4316.71,4320.76,741.18,3201658.062
2025-08-19 08:11:00+08:00,4320.76,4320.77,4315.29,4316.84,1373.64,5929655.1226
2025-08-19 08:12:00+08:00,4316.84,4320.36,4316.6,4320.36,468.72,2023650.7888
2025-08-19 08:13:00+08:00,4320.36,4320.36,4315.88,4316.95,731.46,3158615.5148
2025-08-19 08:14:00+08:00,4316.95,4319,4316.63,4317.19,234.62,1013111.5096
2025-08-19 08:15:00+08:00,4317.19,4317.19,4311.6,4313.51,857.5,3698353.3174
2025-08-19 08:16:00+08:00,4313.51,4320.36,4313.51,4320.36,774.5,3344283.8698
2025-08-19 08:17:00+08:00,4320.36,4322,4317.54,4320.41,328.22,1418219.487
2025-08-19 08:18:00+08:00,4320.41,4320.42,4316.43,4318.16,107.88,465786.4036
2025-08-19 08:19:00+08:00,4318.16,4319.87,4316.04,4318.06,107.3,463243.2062
2025-08-19 08:20:00+08:00,4318.06,4318.87,4315.23,4318.58,232.2,1002319.4374
2025-08-19 08:21:00+08:00,4318.58,4320.21,4318,4318,64.98,280679.124
2025-08-19 08:22:00+08:00,4318,4319.57,4296.97,4297,13306.26,57276639.3984
2025-08-19 08:23:00+08:00,4297,4304.2,4284.57,4301.4,44532.46,191129874.9262
2025-08-19 08:24:00+08:00,4301.4,4303.26,4298.26,4298.27,3083.84,13263507.8122
2025-08-19 08:25:00+08:00,4298.27,4299.28,4285.83,4286.95,5201.76,22328811.3654
2025-08-19 08:26:00+08:00,4286.95,4293.74,4286.94,4292.19,985.02,4227171.3632
2025-08-19 08:27:00+08:00,4292.19,4294.14,4291.15,4291.17,743.38,3190995.8534
2025-08-19 08:28:00+08:00,4291.17,4295.37,4289,4289,984.5,4226396.0264
2025-08-19 08:29:00+08:00,4289,4289.52,4284.54,4285,1823.56,7817000.5622
2025-08-19 08:30:00+08:00,4285,4289.22,4280.4,4280.41,4992.6,21389774.8834
2025-08-19 08:31:00+08:00,4280.41,4283.02,4265,4265.71,16336.3,69790046.2426
2025-08-19 08:32:00+08:00,4265.71,4282.05,4265.12,4276.03,3461.7,14798198.1154
2025-08-19 08:33:00+08:00,4276.03,4278.07,4268.21,4268.72,1661.06,7100873.1864
2025-08-19 08:34:00+08:00,4268.72,4288.81,4268.72,4288.67,2507.68,10733992.4708
2025-08-19 08:35:00+08:00,4288.67,4293.33,4285,4293.33,1988.34,8528073.7092
2025-08-19 08:36:00+08:00,4293.33,4294.52,4283.65,4284.32,2721.56,11677474.9632
2025-08-19 08:37:00+08:00,4284.32,4292.17,4284.32,4289.47,1257.28,5392443.3994
2025-08-19 08:38:00+08:00,4289.47,4292.59,4287.22,4287.22,487.44,2091023.356
2025-08-19 08:39:00+08:00,4287.22,4288.16,4284.36,4286.26,570.62,2445696.8436
2025-08-19 08:40:00+08:00,4286.26,4291.88,4286.26,4288.1,361.1,1548612.1106
2025-08-19 08:41:00+08:00,4288.1,4289.71,4281.55,4284.13,2630.18,11267457.4044
2025-08-19 08:42:00+08:00,4284.13,4289.16,4282.78,4287.04,397,1701847.5106
2025-08-19 08:43:00+08:00,4287.04,4288.42,4281.79,4284.07,867.46,3716667.7448
2025-08-19 08:44:00+08:00,4284.07,4292.72,4283.25,4286.11,866.08,3713276.101
2025-08-19 08:45:00+08:00,4286.11,4296.75,4285.04,4296.75,1008.04,4326647.8966
2025-08-19 08:46:00+08:00,4296.75,4303,4293.89,4301.73,2788.06,11985478.3378
2025-08-19 08:47:00+08:00,4301.73,4307.87,4300.68,4307.19,2341.74,10078643.4372
2025-08-19 08:48:00+08:00,4307.19,4308.4,4304,4307.47,1288.06,5546401.7308
2025-08-19 08:49:00+08:00,4307.47,4308.41,4304.14,4308.15,422.98,1821777.8298
2025-08-19 08:50:00+08:00,4308.15,4316.08,4308.15,4316.06,2425.54,10462289.6766
2025-08-19 08:51:00+08:00,4316.06,4320.32,4314.01,4320.12,1252.24,5406814.214
2025-08-19 08:52:00+08:00,4320.12,4321.5,4317.59,4321.33,751.2,3245037.4708
2025-08-19 08:53:00+08:00,4321.33,4326,4320.81,4325.31,2191.74,9476280.7148
2025-08-19 08:54:00+08:00,4325.31,4325.57,4321.43,4322.33,898.9,3886025.1858
2025-08-19 08:55:00+08:00,4322.33,4325.27,4320,4324.95,1191.34,5149594.5634
2025-08-19 08:56:00+08:00,4324.95,4327.73,4323.6,4327.01,1041.9,4507697.2762
2025-08-19 08:57:00+08:00,4327.01,4328.94,4325.59,4326.01,1244.82,5386650.5768
2025-08-19 08:58:00+08:00,4326.01,4332.38,4325.42,4331.02,4278.9,18524404.6844
2025-08-19 08:59:00+08:00,4331.02,4341.13,4329.84,4340.86,9167.68,39748561.0912
2025-08-19 09:00:00+08:00,4340.86,4345.07,4338.19,4341.88,4970.04,21576721.267
2025-08-19 09:01:00+08:00,4341.88,4350.3,4341.46,4349.23,3369.1,14643928.8842
2025-08-19 09:02:00+08:00,4349.23,4349.28,4345.34,4348.5,2553.22,11099499.968
2025-08-19 09:03:00+08:00,4348.5,4352.85,4347.83,4349.17,2802.08,12188472.485
2025-08-19 09:04:00+08:00,4349.17,4350.18,4345.83,4347.19,873.78,3799295.919
2025-08-19 09:05:00+08:00,4347.19,4351.48,4344.26,4351.48,4637.54,20161970.845
2025-08-19 09:06:00+08:00,4351.48,4353.72,4340.1,4342.38,5441,23639902.3224
2025-08-19 09:07:00+08:00,4342.38,4347.26,4340.58,4346.21,2011.34,8736003.1934
2025-08-19 09:08:00+08:00,4346.21,4346.65,4339.21,4339.21,1241.94,5392951.45
2025-08-19 09:09:00+08:00,4339.21,4343.25,4333.84,4334.62,6374.76,27641861.2746
2025-08-19 09:10:00+08:00,4334.62,4340.62,4333.77,4337.54,1380.12,5985431.3536
2025-08-19 09:11:00+08:00,4337.54,4341.94,4337.54,4341,850.06,3689589.835
2025-08-19 09:12:00+08:00,4341,4341,4337.01,4337.01,796.22,3454593.3328
2025-08-19 09:13:00+08:00,4337.01,4339.09,4334.3,4338.11,561.38,2434744.2686
2025-08-19 09:14:00+08:00,4338.11,4338.11,4329.57,4330.07,4270.46,18495787.0034
2025-08-19 09:15:00+08:00,4330.07,4335.87,4329.56,4334.99,1539.34,6669106.0456
2025-08-19 09:16:00+08:00,4334.99,4339.5,4334.99,4337.65,378.86,1643320.0516
2025-08-19 09:17:00+08:00,4337.65,4340.61,4334.86,4334.86,401.3,1740899.1878
2025-08-19 09:18:00+08:00,4334.86,4335.74,4332.09,4332.09,248.46,1076763.7914
2025-08-19 09:19:00+08:00,4332.09,4333.71,4325.13,4325.38,3888.76,16835535.7622
2025-08-19 09:20:00+08:00,4325.38,4329.15,4325.12,4328.71,556.52,2408432.5108
2025-08-19 09:21:00+08:00,4328.71,4330.74,4325.86,4325.86,289.22,1251867.6018
2025-08-19 09:22:00+08:00,4325.86,4326.69,4323.38,4325.64,1077.4,4659722.6178
2025-08-19 09:23:00+08:00,4325.64,4326.93,4324.72,4325.47,607.82,2629180.1148
2025-08-19 09:24:00+08:00,4325.47,4326.12,4321.35,4323.21,461,1993087.4238
2025-08-19 09:25:00+08:00,4323.21,4325.87,4322,4323.69,295.68,1278304.9454
2025-08-19 09:26:00+08:00,4323.69,4325.84,4323,4325.3,789.24,3413209.4906
2025-08-19 09:27:00+08:00,4325.3,4325.87,4323.86,4323.86,365.04,1578887.4996
2025-08-19 09:28:00+08:00,4323.86,4323.86,4317.1,4317.1,3038.04,13121872.8506
2025-08-19 09:29:00+08:00,4317.1,4320,4315.01,4315.46,1011.2,4366271.4108
2025-08-19 09:30:00+08:00,4315.46,4316.24,4303.35,4304.44,8908.42,38384343.0038
2025-08-19 09:31:00+08:00,4304.44,4305.8,4301.13,4304.02,1522.78,6552658.1044
2025-08-19 09:32:00+08:00,4304.02,4307.48,4303.38,4306.25,1820.8,7839572.951
2025-08-19 09:33:00+08:00,4306.25,4306.25,4298.56,4299.05,1705.3,7333660.7336
2025-08-19 09:34:00+08:00,4299.05,4304.31,4298.32,4299.21,1561.7,6715941.139
2025-08-19 09:35:00+08:00,4299.21,4302.88,4296.4,4297.63,946.68,4069666.937
2025-08-19 09:36:00+08:00,4297.63,4303.85,4296.33,4296.33,2830.94,12169401.8376
2025-08-19 09:37:00+08:00,4296.33,4301.66,4296.04,4300.01,509.56,2190396.7872
2025-08-19 09:38:00+08:00,4300.01,4304.3,4298.99,4299,1556.3,6696052.0308
2025-08-19 09:39:00+08:00,4299,4308.09,4298.03,4306,934.06,4020973.8314
2025-08-19 09:40:00+08:00,4306,4307.66,4302.26,4303.6,910.88,3920991.5662
2025-08-19 09:41:00+08:00,4303.6,4305,4298.58,4300.51,752.56,3236959.2394
2025-08-19 09:42:00+08:00,4300.51,4303.83,4299.71,4301.43,294.8,1267980.5958
2025-08-19 09:43:00+08:00,4301.43,4302.78,4295.25,4295.26,628.76,2702035.028
2025-08-19 09:44:00+08:00,4295.26,4299.3,4295.23,4299.3,513.5,2206220.7954
2025-08-19 09:45:00+08:00,4299.3,4303,4298,4298,677.46,2913445.1868
2025-08-19 09:46:00+08:00,4298,4300.77,4295,4296.14,427.42,1836988.2764
2025-08-19 09:47:00+08:00,4296.14,4297.15,4289.42,4290.06,1729.96,7423560.0586
2025-08-19 09:48:00+08:00,4290.06,4292.72,4287.75,4288.99,796.24,3416087.2568
2025-08-19 09:49:00+08:00,4288.99,4293.63,4288.78,4292.56,609.52,2615845.7274
2025-08-19 09:50:00+08:00,4292.56,4292.62,4285.97,4287.19,731.24,3135541.7504
2025-08-19 09:51:00+08:00,4287.19,4292.89,4285.11,4292.43,1053.26,4516372.0264
2025-08-19 09:52:00+08:00,4292.43,4292.43,4286.56,4291.01,1120.84,4808963.7812
2025-08-19 09:53:00+08:00,4291.01,4295,4290.73,4295,894.24,3838293.9652
2025-08-19 09:54:00+08:00,4295,4297.52,4293.01,4296,873.28,3750746.4408
2025-08-19 09:55:00+08:00,4296,4303.24,4295.44,4296.87,1183.66,5088969.1608
2025-08-19 09:56:00+08:00,4296.87,4298.4,4293.43,4295.41,300.52,1290982.2302
2025-08-19 09:57:00+08:00,4295.41,4296.71,4291,4292.27,676.26,2903893.0022
2025-08-19 09:58:00+08:00,4292.27,4295.39,4291.93,4292.4,257.42,1105410.2878
2025-08-19 09:59:00+08:00,4292.4,4294.38,4290.08,4294.08,185.18,794878.1536
2025-08-19 10:00:00+08:00,4294.08,4296,4291.76,4291.76,329.88,1416500.1216
2025-08-19 10:01:00+08:00,4291.76,4291.76,4286.46,4289.4,1542.04,6613616.7974
2025-08-19 10:02:00+08:00,4289.4,4295.98,4285.54,4286.24,1792.08,7689756.1412
2025-08-19 10:03:00+08:00,4286.24,4290.72,4285.66,4287.15,1151.44,4936094.372
2025-08-19 10:04:00+08:00,4287.15,4288.83,4283.59,4285.77,1452.62,6225205.8272
2025-08-19 10:05:00+08:00,4285.77,4287.13,4281.28,4282.06,1069.54,4581379.5292
2025-08-19 10:06:00+08:00,4282.06,4284.99,4280,4282.56,1247.54,5341580.5668
2025-08-19 10:07:00+08:00,4282.56,4288,4282.56,4287.8,610.3,2615341.8116
2025-08-19 10:08:00+08:00,4287.8,4287.8,4283.27,4284.29,315.58,1352316.1614
2025-08-19 10:09:00+08:00,4284.29,4287.71,4284.07,4287.71,167.2,716622.797
2025-08-19 10:10:00+08:00,4287.71,4292.35,4284.77,4285.13,1600.34,6865260.2212
2025-08-19 10:11:00+08:00,4285.13,4289.47,4284.61,4289.47,834.8,3578609.734
2025-08-19 10:12:00+08:00,4289.47,4296.61,4289.47,4296.6,1091.88,4687274.0966
2025-08-19 10:13:00+08:00,4296.6,4296.8,4293.78,4294.72,529.22,2273103.1906
2025-08-19 10:14:00+08:00,4294.72,4294.72,4292.16,4292.82,206.16,885114.0762
2025-08-19 10:15:00+08:00,4292.82,4297.76,4291,4297.64,1379.24,5924763.2502
2025-08-19 10:16:00+08:00,4297.64,4299.2,4296.58,4298.46,3020,12980010.808
2025-08-19 10:17:00+08:00,4298.46,4298.63,4286.38,4287.53,843.12,3617571.6564
2025-08-19 10:18:00+08:00,4287.53,4289.11,4280.14,4280.23,938.52,4020349.9082
2025-08-19 10:19:00+08:00,4280.23,4284.37,4280.23,4283.51,918.28,3931872.9982
2025-08-19 10:20:00+08:00,4283.51,4285.73,4282.59,4285.3,334.12,1431429.0882
2025-08-19 10:21:00+08:00,4285.3,4287.11,4282.31,4282.31,716.8,3071791.811
2025-08-19 10:22:00+08:00,4282.31,4291.75,4282,4290.86,512.44,2196511.022
2025-08-19 10:23:00+08:00,4290.86,4291.97,4286.65,4290.89,425.16,1823450.7878
2025-08-19 10:24:00+08:00,4290.89,4291.26,4287.37,4288.44,263.7,1131028.0472
2025-08-19 10:25:00+08:00,4288.44,4292.97,4288.27,4290.12,175.32,752274.541
2025-08-19 10:26:00+08:00,4290.12,4295.65,4288.44,4295.32,741.8,3184952.0408
2025-08-19 10:27:00+08:00,4295.32,4297.84,4293.23,4297.8,541.04,2324123.9238
2025-08-19 10:28:00+08:00,4297.8,4297.92,4293.12,4294.41,403.56,1733508.0168
2025-08-19 10:29:00+08:00,4294.41,4294.41,4291.34,4291.35,73.76,316654.679
2025-08-19 10:30:00+08:00,4291.35,4297.04,4289.29,4296.2,1138.54,4887125.9894
2025-08-19 10:31:00+08:00,4296.2,4297.06,4293.41,4297.06,397.1,1705550.3758
2025-08-19 10:32:00+08:00,4297.06,4297.06,4290.86,4291.99,424.76,1823916.3318
2025-08-19 10:33:00+08:00,4291.99,4292.37,4286.51,4287.34,338.7,1452758.8924
2025-08-19 10:34:00+08:00,4287.34,4289.58,4284.48,4284.49,377.48,1618105.6592
2025-08-19 10:35:00+08:00,4284.49,4287.69,4281.63,4287.69,549.9,2355754.0772
2025-08-19 10:36:00+08:00,4287.69,4291.71,4287.69,4288.38,248.18,1064418.3026
2025-08-19 10:37:00+08:00,4288.38,4293.31,4288.38,4293.23,206.82,887458.2048
2025-08-19 10:38:00+08:00,4293.23,4293.39,4290,4292,337.2,1447204.5278
2025-08-19 10:39:00+08:00,4292,4296,4291.26,4294.64,465.4,1998493.394
2025-08-19 10:40:00+08:00,4294.64,4295.64,4292.03,4294.83,434.18,1864531.886
2025-08-19 10:41:00+08:00,4294.83,4298.41,4294.83,4298.38,964.52,4144409.5182
2025-08-19 10:42:00+08:00,4298.38,4298.38,4290.88,4292.46,748.78,3214879.867
2025-08-19 10:43:00+08:00,4292.46,4293.25,4288.31,4289.44,773.06,3316140.0258
2025-08-19 10:44:00+08:00,4289.44,4289.86,4286.08,4287.14,381.54,1635897.4626
2025-08-19 10:45:00+08:00,4287.14,4291.59,4285.74,4289.97,380.18,1630352.7738
2025-08-19 10:46:00+08:00,4289.97,4292.92,4288.78,4292.81,416.64,1787525.5808
2025-08-19 10:47:00+08:00,4292.81,4292.81,4286.5,4288.93,280.06,1200758.136
2025-08-19 10:48:00+08:00,4288.93,4292.26,4286.01,4291.43,176.96,759006.661
2025-08-19 10:49:00+08:00,4291.43,4294.28,4290.84,4294.02,366.82,1574208.086
2025-08-19 10:50:00+08:00,4294.02,4295.56,4292.06,4295.12,2603.86,11178703.9546
2025-08-19 10:51:00+08:00,4295.12,4299.31,4295.12,4298.55,1311.28,5635898.2902
2025-08-19 10:52:00+08:00,4298.55,4298.94,4295.99,4297.69,1540.48,6621492.8294
2025-08-19 10:53:00+08:00,4297.69,4297.69,4292.45,4292.99,588.96,2529155.8036
2025-08-19 10:54:00+08:00,4292.99,4294.3,4292.09,4293.14,236.72,1016277.6794
2025-08-19 10:55:00+08:00,4293.14,4293.34,4288.88,4290.68,191.88,823317.6098
2025-08-19 10:56:00+08:00,4290.68,4292.06,4288.47,4288.47,810.52,3477584.6976
2025-08-19 10:57:00+08:00,4288.47,4288.47,4286.59,4286.67,1006.1,4313419.894
2025-08-19 10:58:00+08:00,4286.67,4286.67,4281.3,4284.57,1286.3,5509058.2214
2025-08-19 10:59:00+08:00,4284.57,4285.83,4282.9,4284.92,482.14,2065356.2472
2025-08-19 11:00:00+08:00,4284.92,4285.89,4278.36,4281.98,1974.04,8449865.944
2025-08-19 11:01:00+08:00,4281.98,4290,4279.32,4283.22,7005.26,30014456.8324
2025-08-19 11:02:00+08:00,4283.22,4284.78,4279.78,4281.94,609.96,2611891.0752
2025-08-19 11:03:00+08:00,4281.94,4283.39,4280.04,4282.25,737.78,3158688.175
2025-08-19 11:04:00+08:00,4282.25,4282.25,4279.41,4280.16,565.58,2420744.2756
2025-08-19 11:05:00+08:00,4280.16,4280.16,4267.41,4267.41,8688.56,37122638.9966
2025-08-19 11:06:00+08:00,4267.41,4273.6,4257.39,4265.53,24547.9,104686742.5872
2025-08-19 11:07:00+08:00,4265.53,4270.38,4265.53,4268.57,2219.26,9472418.3242
2025-08-19 11:08:00+08:00,4268.57,4269.53,4265,4268.62,1041.18,4442307.2486
2025-08-19 11:09:00+08:00,4268.62,4270.74,4265.09,4268.46,1196.18,5106527.9562
2025-08-19 11:10:00+08:00,4268.46,4269.86,4267.1,4269.86,1005.56,4292492.506
2025-08-19 11:11:00+08:00,4269.86,4275.26,4269.83,4270.65,2583.98,11039519.1634
2025-08-19 11:12:00+08:00,4270.65,4272.02,4268.23,4271.91,489.36,2089731.3064
2025-08-19 11:13:00+08:00,4271.91,4274.02,4267.11,4268.62,778.52,3324155.8428
2025-08-19 11:14:00+08:00,4268.62,4272.22,4268.62,4271.17,591.02,2524232.465
2025-08-19 11:15:00+08:00,4271.17,4276.98,4271.17,4274.33,868.9,3714058.179
2025-08-19 11:16:00+08:00,4274.33,4274.33,4267.42,4267.67,669.48,2859105.514
2025-08-19 11:17:00+08:00,4267.67,4273.45,4267.2,4273.45,1066.8,4554380.2388
2025-08-19 11:18:00+08:00,4273.45,4275.29,4273.06,4273.42,357.38,1527510.5492
2025-08-19 11:19:00+08:00,4273.42,4278.25,4273.13,4278.25,817.24,3494660.876
2025-08-19 11:20:00+08:00,4278.25,4278.26,4271.65,4272.86,935.58,4000180.307
2025-08-19 11:21:00+08:00,4272.86,4274.04,4266.79,4266.79,739.84,3158817.6396
2025-08-19 11:22:00+08:00,4266.79,4272.2,4262.04,4262.4,4174.04,17825424.6402
2025-08-19 11:23:00+08:00,4262.4,4262.4,4251.02,4257,8812.56,37504866.0018
2025-08-19 11:24:00+08:00,4257,4262.34,4256.33,4261.77,1710.42,7283638.169
2025-08-19 11:25:00+08:00,4261.77,4262.81,4259,4262.18,877.38,3738103.8796
2025-08-19 11:26:00+08:00,4262.18,4262.49,4260,4262,439.7,1873753.2424
2025-08-19 11:27:00+08:00,4262,4263.05,4261.33,4262.04,1206.2,5140872.4174
2025-08-19 11:28:00+08:00,4262.04,4262.23,4257.54,4257.54,721.88,3074811.4598
2025-08-19 11:29:00+08:00,4257.54,4258.09,4251.3,4254.69,5298.06,22538074.1474
2025-08-19 11:30:00+08:00,4254.69,4257.13,4250.51,4255.65,2260.02,9614765.1302
2025-08-19 11:31:00+08:00,4255.65,4257.91,4254.99,4255.83,1989.96,8471542.155
2025-08-19 11:32:00+08:00,4255.83,4255.83,4250.13,4251,1545.34,6570340.0058
2025-08-19 11:33:00+08:00,4251,4251,4245.16,4249.24,6484.92,27545712.6686
2025-08-19 11:34:00+08:00,4249.24,4251.76,4247.52,4251.76,1885.94,8013448.0252
2025-08-19 11:35:00+08:00,4251.76,4255.29,4250.87,4255.29,941.9,4005991.253
2025-08-19 11:36:00+08:00,4255.29,4255.29,4244.44,4244.45,8438.46,35845620.503
2025-08-19 11:37:00+08:00,4244.45,4248.3,4234.51,4234.52,19279.16,81720204.4814
2025-08-19 11:38:00+08:00,4234.52,4238.2,4225.09,4236.97,20892.6,88402475.6624
2025-08-19 11:39:00+08:00,4236.97,4236.97,4225.1,4226.22,10447.8,44198533.0188
2025-08-19 11:40:00+08:00,4226.22,4234.98,4220.4,4233.79,10218.5,43181411.2324
2025-08-19 11:41:00+08:00,4233.79,4234.68,4229.78,4231.01,2421.1,10246542.3086
2025-08-19 11:42:00+08:00,4231.01,4231.02,4225,4226.24,2550.66,10784038.9782
2025-08-19 11:43:00+08:00,4226.24,4226.69,4212,4216.15,23865.28,100628556.5908
2025-08-19 11:44:00+08:00,4216.15,4228.13,4214.07,4225.37,9196.72,38809335.8346
2025-08-19 11:45:00+08:00,4225.37,4226.55,4218.5,4218.94,3031.18,12801066.499
2025-08-19 11:46:00+08:00,4218.94,4225,4218.38,4220.61,4661.74,19679134.5924
2025-08-19 11:47:00+08:00,4220.61,4222.44,4213.03,4220,5777.2,24361802.6266
2025-08-19 11:48:00+08:00,4220,4221.56,4215,4220.15,12853.42,54216490.769
2025-08-19 11:49:00+08:00,4220.15,4224.53,4217.65,4220.17,7389.76,31184195.2138
2025-08-19 11:50:00+08:00,4220.17,4227.85,4216.19,4227.84,4913.52,20740128.7872
2025-08-19 11:51:00+08:00,4227.84,4229.66,4222.06,4222.07,2958.74,12504825.0134
2025-08-19 11:52:00+08:00,4222.07,4222.07,4215.64,4215.65,1535.36,6477504.1468
2025-08-19 11:53:00+08:00,4215.65,4217.72,4215.04,4216.61,2833.1,11946118.9744
2025-08-19 11:54:00+08:00,4216.61,4219.32,4216.23,4217.85,885.38,3734186.1146
2025-08-19 11:55:00+08:00,4217.85,4222.95,4217.85,4222.95,1370.7,5785489.36
2025-08-19 11:56:00+08:00,4222.95,4223,4219.3,4220.49,1292.96,5457935.1686
2025-08-19 11:57:00+08:00,4220.49,4222.72,4217.64,4218.79,2093.18,8833813.2272
2025-08-19 11:58:00+08:00,4218.79,4219.17,4216.4,4216.4,837.16,3531106.3364
2025-08-19 11:59:00+08:00,4216.4,4218.11,4215,4217.61,1216.46,5128583.3126
2025-08-19 12:00:00+08:00,4217.61,4219.84,4215.19,4219.75,4008.04,16907950.2292
2025-08-19 12:01:00+08:00,4219.75,4220.91,4215.73,4216.31,873,3682225.0852
2025-08-19 12:02:00+08:00,4216.31,4221.83,4212.93,4217.32,2951.88,12443074.8594
2025-08-19 12:03:00+08:00,4217.32,4218,4207.7,4208.09,4823.86,20310409.3928
2025-08-19 12:04:00+08:00,4208.09,4213.32,4207.38,4207.88,4435.72,18671581.7292
2025-08-19 12:05:00+08:00,4207.88,4210.97,4206.5,4206.62,3845.12,16177473.0134
2025-08-19 12:06:00+08:00,4206.62,4209.63,4205.83,4207,2205.14,9276424.3846
2025-08-19 12:07:00+08:00,4207,4216.79,4206.24,4206.25,4215.38,17751403.4382
2025-08-19 12:08:00+08:00,4206.25,4206.25,4196.94,4198.49,19621.02,82422736.7676
2025-08-19 12:09:00+08:00,4198.49,4210.66,4192.5,4202.84,18300.96,76844982.146
2025-08-19 12:10:00+08:00,4202.84,4211.15,4202.84,4204.74,3246.62,13658555.4156
2025-08-19 12:11:00+08:00,4204.74,4206.66,4193.9,4196.38,3735.82,15685496.7654
2025-08-19 12:12:00+08:00,4196.38,4213.51,4196.38,4213.26,5892.42,24794688.9558
2025-08-19 12:13:00+08:00,4213.26,4218.51,4205.77,4208.54,7161.94,30185356.5012
2025-08-19 12:14:00+08:00,4208.54,4215.85,4207.34,4211.01,5758.8,24259114.422
2025-08-19 12:15:00+08:00,4211.01,4211.62,4202.99,4207.01,2480.24,10433792.2202
2025-08-19 12:16:00+08:00,4207.01,4216.63,4207.01,4216.09,4324,18222674.7046
2025-08-19 12:17:00+08:00,4216.09,4220,4212.35,4212.36,1837.72,7750647.8672
2025-08-19 12:18:00+08:00,4212.36,4212.93,4208.1,4209.68,1137.8,4790476.0458
2025-08-19 12:19:00+08:00,4209.68,4221.54,4209.68,4221.46,3219,13579548.6792
2025-08-19 12:20:00+08:00,4221.46,4221.67,4212.79,4213.73,1577.9,6653053.0798
2025-08-19 12:21:00+08:00,4213.73,4214.68,4209.11,4210.62,1567.34,6602278.2008
2025-08-19 12:22:00+08:00,4210.62,4212.29,4210,4210.02,713.46,3004407.9426
2025-08-19 12:23:00+08:00,4210.02,4210.02,4199.5,4203.2,1719.2,7227397.0458
2025-08-19 12:24:00+08:00,4203.2,4203.97,4201.27,4203.15,1361.48,5722468.7714
2025-08-19 12:25:00+08:00,4203.15,4204.69,4196.91,4198.39,3298.22,13848879.1966
2025-08-19 12:26:00+08:00,4198.39,4205.41,4198.35,4202.67,3323.68,13964150.5684
2025-08-19 12:27:00+08:00,4202.67,4207.16,4202.5,4205.62,2363.7,9940246.3472
2025-08-19 12:28:00+08:00,4205.62,4207.54,4204.07,4204.82,2438.84,10259526.5224
2025-08-19 12:29:00+08:00,4204.82,4205.28,4203.2,4204.37,653.6,2747943.213
2025-08-19 12:30:00+08:00,4204.37,4210.55,4203,4208.68,570.68,2401386.6666
2025-08-19 12:31:00+08:00,4208.68,4213.66,4208.17,4213.58,1662.8,7000390.0164
2025-08-19 12:32:00+08:00,4213.58,4213.91,4208.01,4210.27,1971.28,8301447.1196
2025-08-19 12:33:00+08:00,4210.27,4212.26,4208.49,4208.94,582.16,2450996.872
2025-08-19 12:34:00+08:00,4208.94,4214.5,4208.51,4214,856.42,3607680.4218
2025-08-19 12:35:00+08:00,4214,4214.69,4206.95,4209.26,1875.22,7894791.3678
2025-08-19 12:36:00+08:00,4209.26,4216.86,4209.26,4216.85,1714.84,7229315.4138
2025-08-19 12:37:00+08:00,4216.85,4219.64,4215,4215.25,6449.6,27202922.9688
2025-08-19 12:38:00+08:00,4215.25,4215.85,4211.42,4214.43,838.46,3532429.1496
2025-08-19 12:39:00+08:00,4214.43,4218.61,4212.67,4218.5,1907.92,8044991.5946
2025-08-19 12:40:00+08:00,4218.5,4219.49,4215.76,4219.3,3647.12,15384068.559
2025-08-19 12:41:00+08:00,4219.3,4223.84,4219.3,4223.83,2169.56,9158464.1936
2025-08-19 12:42:00+08:00,4223.83,4227.99,4222.46,4226.82,4737.26,20019534.916
2025-08-19 12:43:00+08:00,4226.82,4227.45,4225.59,4227.32,2645.62,11181571.6386
2025-08-19 12:44:00+08:00,4227.32,4231.85,4226.96,4230.72,2420.9,10239868.823
2025-08-19 12:45:00+08:00,4230.72,4230.72,4222.9,4223.51,2931.8,12390185.2172
2025-08-19 12:46:00+08:00,4223.51,4227.54,4221.64,4226.85,2038.86,8613705.7328
2025-08-19 12:47:00+08:00,4226.85,4227.39,4224.17,4225.26,1653.18,6986341.0612
2025-08-19 12:48:00+08:00,4225.26,4228.4,4225.26,4226.94,621.9,2629030.6014
2025-08-19 12:49:00+08:00,4226.94,4227.44,4222.7,4222.76,767.42,3242302.4586
2025-08-19 12:50:00+08:00,4222.76,4226.44,4222.76,4224.95,914.46,3863372.6868
2025-08-19 12:51:00+08:00,4224.95,4227.83,4223.94,4226.03,1776.66,7507165.3632
2025-08-19 12:52:00+08:00,4226.03,4228.33,4224.37,4228.04,572.08,2417454.2892
2025-08-19 12:53:00+08:00,4228.04,4229.96,4228.04,4228.38,346.14,1463818.839
2025-08-19 12:54:00+08:00,4228.38,4230.94,4227.26,4227.46,1698.6,7184316.8636
2025-08-19 12:55:00+08:00,4227.46,4227.46,4223.55,4224.91,878.94,3713101.5468
2025-08-19 12:56:00+08:00,4224.91,4227.7,4224.91,4227.31,439.5,1857581.3704
2025-08-19 12:57:00+08:00,4227.31,4230.72,4227.3,4230.14,2060.28,8714453.9264
2025-08-19 12:58:00+08:00,4230.14,4231.85,4229.19,4231.44,1874.78,7931640.5592
2025-08-19 12:59:00+08:00,4231.44,4234.11,4230.64,4234.03,2867.04,12135567.8046
2025-08-19 13:00:00+08:00,4234.03,4238,4232.85,4238,1713.54,7257671.0964
2025-08-19 13:01:00+08:00,4238,4240.53,4235.62,4240.39,2836.4,12022073.8072
2025-08-19 13:02:00+08:00,4240.39,4240.83,4235,4235,3059.16,12966917.981
2025-08-19 13:03:00+08:00,4235,4235.31,4228.79,4229.48,1532.22,6485534.8662
2025-08-19 13:04:00+08:00,4229.48,4233.96,4227.05,4233.84,2612.9,11053891.847
2025-08-19 13:05:00+08:00,4233.84,4240.52,4233.83,4237.64,1829.08,7751304.9128
2025-08-19 13:06:00+08:00,4237.64,4237.65,4230.42,4230.43,1149.3,4865857.613
2025-08-19 13:07:00+08:00,4230.43,4231.91,4228.71,4230.96,380.68,1610411.498
2025-08-19 13:08:00+08:00,4230.96,4230.96,4225.55,4225.62,960.06,4058760.2914
2025-08-19 13:09:00+08:00,4225.62,4227.72,4225.48,4225.57,881.3,3724501.4416
2025-08-19 13:10:00+08:00,4225.57,4226.67,4223.89,4223.9,1002.6,4235371.806
2025-08-19 13:11:00+08:00,4223.9,4224.69,4222.3,4222.69,1384.8,5848978.96
2025-08-19 13:12:00+08:00,4222.69,4222.69,4220.69,4221.99,1258.62,5313859.7334
2025-08-19 13:13:00+08:00,4221.99,4221.99,4218.21,4220.44,3031.96,12793985.5026
2025-08-19 13:14:00+08:00,4220.44,4223.33,4219.94,4221.38,546.7,2307812.5988
2025-08-19 13:15:00+08:00,4221.38,4227.3,4220.16,4222.8,3087.7,13046467.5036
2025-08-19 13:16:00+08:00,4222.8,4225.2,4221.25,4223.78,304.6,1286374.128
2025-08-19 13:17:00+08:00,4223.78,4229.57,4223.78,4227.5,647.5,2737390.4288
2025-08-19 13:18:00+08:00,4227.5,4227.97,4225.12,4227.96,668.42,2825344.4802
2025-08-19 13:19:00+08:00,4227.96,4231.55,4226.99,4229.67,2699.62,11417308.6238
2025-08-19 13:20:00+08:00,4229.67,4235,4229.52,4234.99,677.44,2867248.1312
2025-08-19 13:21:00+08:00,4234.99,4236.67,4233.88,4234.5,2327.66,9858509.2762
2025-08-19 13:22:00+08:00,4234.5,4234.5,4226.04,4226.47,1027.76,4345952.2488
2025-08-19 13:23:00+08:00,4226.47,4231,4226.47,4231,185.66,785143.0188
2025-08-19 13:24:00+08:00,4231,4236,4231,4235.5,523.54,2217170.2786
2025-08-19 13:25:00+08:00,4235.5,4242.81,4234.73,4240.78,2331.08,9886368.2564
2025-08-19 13:26:00+08:00,4240.78,4240.78,4237.24,4239.44,1309,5549011.943
2025-08-19 13:27:00+08:00,4239.44,4243.07,4238.69,4241.78,1783.48,7564519.5526
2025-08-19 13:28:00+08:00,4241.78,4244,4240.44,4243.29,1371.1,5816838.1438
2025-08-19 13:29:00+08:00,4243.29,4244,4241.13,4243.06,1284.1,5447664.2622
2025-08-19 13:30:00+08:00,4243.06,4244.03,4239.35,4243.27,758.38,3216345.7852
2025-08-19 13:31:00+08:00,4243.27,4243.46,4240.91,4242,445.26,1888816.902
2025-08-19 13:32:00+08:00,4242,4242.93,4235.88,4237.87,1617.14,6857043.9034
2025-08-19 13:33:00+08:00,4237.87,4242,4237.8,4241.05,483.24,2048981.562
2025-08-19 13:34:00+08:00,4241.05,4241.05,4236.24,4237.12,3238.7,13722852.0822
2025-08-19 13:35:00+08:00,4237.12,4239.05,4233.81,4235.38,1188.34,5032424.4616
2025-08-19 13:36:00+08:00,4235.38,4239.62,4233.91,4239.5,373.12,1580792.632
2025-08-19 13:37:00+08:00,4239.5,4240,4236.24,4238.08,915.14,3877956.1548
2025-08-19 13:38:00+08:00,4238.08,4240.79,4236.06,4240.18,195.78,829693.2984
2025-08-19 13:39:00+08:00,4240.18,4243.14,4238.94,4242.82,464.26,1969277.2822
2025-08-19 13:40:00+08:00,4242.82,4248,4241.77,4247.98,2682.74,11392191.87
2025-08-19 13:41:00+08:00,4247.98,4248.47,4246.09,4247.43,1999.06,8491671.7382
2025-08-19 13:42:00+08:00,4247.43,4248.45,4245.53,4246.51,1523.38,6469641.5956
2025-08-19 13:43:00+08:00,4246.51,4248.2,4245.23,4247.74,5040.88,21406337.8744
2025-08-19 13:44:00+08:00,4247.74,4248.39,4241.73,4242.03,1063.76,4515239.9028
2025-08-19 13:45:00+08:00,4242.03,4243.75,4237.2,4238.56,1199.16,5083282.8456
2025-08-19 13:46:00+08:00,4238.56,4238.56,4234.13,4235.5,761.86,3227003.03
2025-08-19 13:47:00+08:00,4235.5,4241.93,4234.68,4234.71,5298.18,22453121.5668
2025-08-19 13:48:00+08:00,4234.71,4239,4234.35,4238.75,1290.62,5466722.1844
2025-08-19 13:49:00+08:00,4238.75,4240,4237.97,4238.5,277.2,1174970.3234
2025-08-19 13:50:00+08:00,4238.5,4240.58,4235.01,4236.93,335.76,1423227.0256
2025-08-19 13:51:00+08:00,4236.93,4236.93,4232.26,4232.33,841.84,3564053.0538
2025-08-19 13:52:00+08:00,4232.33,4232.33,4230.49,4230.49,471.66,1995703.0754
2025-08-19 13:53:00+08:00,4230.49,4231.37,4229.6,4229.61,458.44,1939370.4528
2025-08-19 13:54:00+08:00,4229.61,4234.27,4229.11,4232.7,681.58,2884156.7458
2025-08-19 13:55:00+08:00,4232.7,4232.7,4230.32,4231.53,286.34,1211771.8544
2025-08-19 13:56:00+08:00,4231.53,4231.53,4228.04,4230,1256.64,5314520.286
2025-08-19 13:57:00+08:00,4230,4230.87,4228.46,4230.55,583.42,2468012.807
2025-08-19 13:58:00+08:00,4230.55,4230.56,4226.13,4227.93,1170.16,4947222.847
2025-08-19 13:59:00+08:00,4227.93,4229.59,4227.91,4228.79,857.96,3627890.794
2025-08-19 14:00:00+08:00,4228.79,4229.6,4225.01,4228.43,2554.34,10793778.0654
2025-08-19 14:01:00+08:00,4228.43,4229.86,4226.51,4227.74,1980.92,8375413.2926
2025-08-19 14:02:00+08:00,4227.74,4231.08,4225,4226.58,1690.52,7144307.391
2025-08-19 14:03:00+08:00,4226.58,4229.84,4225.14,4229.81,1248.9,5279343.4372
2025-08-19 14:04:00+08:00,4229.81,4231.2,4223.7,4223.7,457.4,1933384.4044
2025-08-19 14:05:00+08:00,4223.7,4230.43,4222.74,4229.68,5560.6,23503560.405
2025-08-19 14:06:00+08:00,4229.68,4233,4228.95,4232.71,1505.72,6371610.0486
2025-08-19 14:07:00+08:00,4232.71,4234.68,4231.22,4231.74,873.6,3697773.2248
2025-08-19 14:08:00+08:00,4231.74,4233.47,4230.27,4233.47,835.58,3535267.2364
2025-08-19 14:09:00+08:00,4233.47,4235,4233.01,4235,559.28,2367973.1924
2025-08-19 14:10:00+08:00,4235,4237.34,4231.97,4237.33,1701.16,7203487.2656
2025-08-19 14:11:00+08:00,4237.33,4237.34,4235.47,4236.28,1569.84,6651403.4038
2025-08-19 14:12:00+08:00,4236.28,4237.94,4234.34,4234.83,559.88,2372015.8774
2025-08-19 14:13:00+08:00,4234.83,4236.66,4234.82,4236.66,619.54,2624084.2446
2025-08-19 14:14:00+08:00,4236.66,4237.19,4231.51,4234.12,355.8,1506218.0792
2025-08-19 14:15:00+08:00,4234.12,4234.15,4226.07,4229.82,690.56,2919972.6456
2025-08-19 14:16:00+08:00,4229.82,4234.23,4229.82,4231.76,664.56,2812638.6868
2025-08-19 14:17:00+08:00,4231.76,4232.23,4228.47,4229.05,151.4,640408.705
2025-08-19 14:18:00+08:00,4229.05,4232.19,4227.55,4229.61,232.54,983439.6852
2025-08-19 14:19:00+08:00,4229.61,4240.51,4229.61,4239.8,722.64,3062566.6452
2025-08-19 14:20:00+08:00,4239.8,4241.76,4236.56,4236.56,2024.88,8584843.3682
2025-08-19 14:21:00+08:00,4236.56,4237,4233.29,4235.27,891.96,3777990.5348
2025-08-19 14:22:00+08:00,4235.27,4235.78,4233.18,4234.5,262.68,1112183.2442
2025-08-19 14:23:00+08:00,4234.5,4238.69,4234.26,4237.3,358,1516530.1598
2025-08-19 14:24:00+08:00,4237.3,4241.59,4235.67,4241.59,1613.9,6839817.4958
2025-08-19 14:25:00+08:00,4241.59,4244.99,4241.32,4243.39,4944.22,20981887.5818
2025-08-19 14:26:00+08:00,4243.39,4246,4240,4240,1801.78,7646951.438
2025-08-19 14:27:00+08:00,4240,4244.99,4240,4244.24,1486.16,6306190.26
2025-08-19 14:28:00+08:00,4244.24,4244.25,4240.09,4243.68,261.36,1108678.2074
2025-08-19 14:29:00+08:00,4243.68,4245.8,4243.01,4243.41,492.12,2088751.9048
2025-08-19 14:30:00+08:00,4243.41,4244.99,4240.59,4240.59,492.3,2088743.94
2025-08-19 14:31:00+08:00,4240.59,4242.28,4238,4238.58,275.68,1169005.4002
2025-08-19 14:32:00+08:00,4238.58,4244.02,4238.58,4242.86,240.32,1019299.3262
2025-08-19 14:33:00+08:00,4242.86,4243.22,4240,4240.6,307.86,1305833.144
2025-08-19 14:34:00+08:00,4240.6,4241.88,4238,4238,249.44,1057439.5416
2025-08-19 14:35:00+08:00,4238,4242.86,4237.46,4242.1,343.92,1458301.8186
2025-08-19 14:36:00+08:00,4242.1,4246.5,4240.48,4246.5,1279.54,5429452.3094
2025-08-19 14:37:00+08:00,4246.5,4248.33,4245.48,4245.48,1588,6745063.9738
2025-08-19 14:38:00+08:00,4245.48,4248,4244.29,4245.15,1419.42,6027378.5206
2025-08-19 14:39:00+08:00,4245.15,4246.24,4242.46,4242.46,1202.54,5104232.937
2025-08-19 14:40:00+08:00,4242.46,4243.28,4241,4243.28,698.64,2963233.1226
2025-08-19 14:41:00+08:00,4243.28,4244.46,4241.21,4241.32,421.1,1786589.0212
2025-08-19 14:42:00+08:00,4241.32,4244.31,4240.7,4242.63,506.7,2149203.4814
2025-08-19 14:43:00+08:00,4242.63,4244,4239.53,4239.87,3609.04,15310479.3096
2025-08-19 14:44:00+08:00,4239.87,4241.06,4238,4238,751.06,3184063.8626
2025-08-19 14:45:00+08:00,4238,4241.32,4235.81,4241.31,783.28,3319481.0242
2025-08-19 14:46:00+08:00,4241.31,4244.11,4237,4237.43,1319.84,5598928.8064
2025-08-19 14:47:00+08:00,4237.43,4237.43,4231.03,4232.03,1991.58,8430802.0058
2025-08-19 14:48:00+08:00,4232.03,4234.29,4230.21,4230.22,642.66,2719892.5654
2025-08-19 14:49:00+08:00,4230.22,4233.04,4230.22,4232.68,1155.04,4887530.7322
2025-08-19 14:50:00+08:00,4232.68,4235,4232.32,4235,534.76,2263998.7832
2025-08-19 14:51:00+08:00,4235,4237.82,4234.99,4236.73,226.64,960268.535
2025-08-19 14:52:00+08:00,4236.73,4238.69,4236.65,4237.84,195.5,828537.904
2025-08-19 14:53:00+08:00,4237.84,4238.18,4235.97,4238.17,131.3,556339.7554
2025-08-19 14:54:00+08:00,4238.17,4238.17,4233.24,4233.81,317.8,1345909.074
2025-08-19 14:55:00+08:00,4233.81,4236,4233.81,4235.31,194.74,824681.6566
2025-08-19 14:56:00+08:00,4235.31,4236.09,4234.93,4236.09,115.36,488592.8166
2025-08-19 14:57:00+08:00,4236.09,4239.81,4236.09,4239.43,204.94,868798.0402
2025-08-19 14:58:00+08:00,4239.43,4239.5,4237.7,4238.38,326.68,1384794.499
2025-08-19 14:59:00+08:00,4238.38,4240,4237.34,4239.99,341.92,1449496.7272
2025-08-19 15:00:00+08:00,4239.99,4243.74,4236.97,4237.01,1655.7,7022142.1098
2025-08-19 15:01:00+08:00,4237.01,4237.33,4232.19,4233.26,636.04,2693943.356
2025-08-19 15:02:00+08:00,4233.26,4234.61,4228.62,4230.98,1044.7,4419595.8104
2025-08-19 15:03:00+08:00,4230.98,4239.44,4230.4,4237.63,386.6,1638055.7016
2025-08-19 15:04:00+08:00,4237.63,4241.61,4236.94,4238.56,309.5,1311795.9432
2025-08-19 15:05:00+08:00,4238.56,4238.56,4233.24,4234,449.54,1904146.5284
2025-08-19 15:06:00+08:00,4234,4234,4228.81,4233.54,2027.8,8579111.3412
2025-08-19 15:07:00+08:00,4233.54,4234.06,4230.26,4230.26,207.12,876728.3768
2025-08-19 15:08:00+08:00,4230.26,4231.58,4228.06,4230.68,636.26,2691237.1864
2025-08-19 15:09:00+08:00,4230.68,4230.91,4228.15,4229.63,1939.06,8199846.474
2025-08-19 15:10:00+08:00,4229.63,4230.49,4228,4228.02,267.02,1129214.0256
2025-08-19 15:11:00+08:00,4228.02,4230,4228.02,4228.82,296.94,1255687.0612
2025-08-19 15:12:00+08:00,4228.82,4230.73,4228.08,4228.67,314.24,1328835.37
2025-08-19 15:13:00+08:00,4228.67,4229.38,4228.03,4228.83,416.92,1762890.5486
2025-08-19 15:14:00+08:00,4228.83,4233.14,4228.8,4232.4,661.6,2799239.8632
2025-08-19 15:15:00+08:00,4232.4,4233.17,4228.55,4229.59,509.94,2156761.3968
2025-08-19 15:16:00+08:00,4229.59,4230.16,4224.2,4224.25,2541.5,10744963.016
2025-08-19 15:17:00+08:00,4224.25,4228.18,4220.54,4223.91,4496.84,18988329.7402
2025-08-19 15:18:00+08:00,4223.91,4225.31,4220.23,4221.01,1818.48,7678460.9332
2025-08-19 15:19:00+08:00,4221.01,4223.14,4217.49,4222.93,3102.1,13090604.5478
2025-08-19 15:20:00+08:00,4222.93,4224.91,4220.17,4220.17,276.22,1166363.2062
2025-08-19 15:21:00+08:00,4220.17,4220.59,4211.12,4215.71,3862.32,16278221.6988
2025-08-19 15:22:00+08:00,4215.71,4216,4213.44,4213.64,1544.44,6509495.6064
2025-08-19 15:23:00+08:00,4213.64,4213.64,4202.15,4205.73,6275.58,26400781.0292
2025-08-19 15:24:00+08:00,4205.73,4211.94,4205,4211.93,4045.3,17028827.8672
2025-08-19 15:25:00+08:00,4211.93,4215.3,4211.32,4214.37,2101.36,8856148.058
2025-08-19 15:26:00+08:00,4214.37,4216.67,4213.33,4215.49,506.42,2134624.8006
2025-08-19 15:27:00+08:00,4215.49,4219.72,4215.01,4218.58,1702.2,7181342.2572
2025-08-19 15:28:00+08:00,4218.58,4222.43,4218.34,4222.32,3736.14,15770950.5324
2025-08-19 15:29:00+08:00,4222.32,4222.32,4217.23,4217.62,1306.06,5509707.7694
2025-08-19 15:30:00+08:00,4217.62,4222.19,4216.14,4222.04,899.66,3795399.9482
2025-08-19 15:31:00+08:00,4222.04,4222.69,4216.59,4218.51,1220.4,5148811.4466
2025-08-19 15:32:00+08:00,4218.51,4219.22,4213.01,4214.08,671,2828618.2444
2025-08-19 15:33:00+08:00,4214.08,4217.79,4213.95,4216.08,592.44,2497924.7994
2025-08-19 15:34:00+08:00,4216.08,4220.73,4215.71,4220.48,701.2,2958596.9348
2025-08-19 15:35:00+08:00,4220.48,4221.39,4215.69,4215.69,1196.94,5049851.7668
2025-08-19 15:36:00+08:00,4215.69,4215.69,4212.63,4213.14,667.24,2811507.9378
2025-08-19 15:37:00+08:00,4213.14,4220,4213.14,4220,1466.64,6183025.6174
2025-08-19 15:38:00+08:00,4220,4231.61,4220,4231.61,4577.36,19353845.5714
2025-08-19 15:39:00+08:00,4231.61,4235.32,4226.86,4227.27,2638.12,11163202.4498
2025-08-19 15:40:00+08:00,4227.27,4233.4,4226.65,4229.23,3978.04,16835267.7604
2025-08-19 15:41:00+08:00,4229.23,4230.87,4227.51,4228.1,1350.86,5712663.0804
2025-08-19 15:42:00+08:00,4228.1,4228.98,4224.79,4224.79,469.9,1986417.686
2025-08-19 15:43:00+08:00,4224.79,4227.63,4224.26,4226.61,355.86,1504063.585
2025-08-19 15:44:00+08:00,4226.61,4227.73,4225.01,4226.7,1102.86,4660592.1242
2025-08-19 15:45:00+08:00,4226.7,4226.7,4222.02,4226.1,2103.84,8887654.7298
2025-08-19 15:46:00+08:00,4226.1,4228.81,4225.29,4225.29,188.78,797980.184
2025-08-19 15:47:00+08:00,4225.29,4231.03,4224,4231.03,1075.5,4545045.739
2025-08-19 15:48:00+08:00,4231.03,4232.7,4229.59,4230.62,502.62,2126681.4316
2025-08-19 15:49:00+08:00,4230.62,4230.62,4227.49,4227.82,367.62,1554548.798
2025-08-19 15:50:00+08:00,4227.82,4231.48,4226.75,4228.35,1801.64,7619727.7708
2025-08-19 15:51:00+08:00,4228.35,4234,4227.85,4233.9,476.04,2014537.836
2025-08-19 15:52:00+08:00,4233.9,4234.04,4229.2,4230.64,383.92,1624161.4744
2025-08-19 15:53:00+08:00,4230.64,4233.78,4230.19,4232.96,623.18,2637616.1004
2025-08-19 15:54:00+08:00,4232.96,4234.51,4231.96,4234.26,434.56,1839767.361
2025-08-19 15:55:00+08:00,4234.26,4235.71,4231.08,4231.72,679.6,2877456.2858
2025-08-19 15:56:00+08:00,4231.72,4231.85,4229.42,4229.43,170.54,721567.3238
2025-08-19 15:57:00+08:00,4229.43,4231.74,4229.43,4231.72,923.18,3906114.3526
2025-08-19 15:58:00+08:00,4231.72,4232.15,4228.85,4230.74,636.18,2691299.919
2025-08-19 15:59:00+08:00,4230.74,4233,4229.89,4232.55,598.68,2532956.8506
2025-08-19 16:00:00+08:00,4232.55,4235.36,4231.78,4235.33,470.36,1991737.9514
2025-08-19 16:01:00+08:00,4235.33,4241.66,4233.81,4237.67,3068.68,13004964.8282
2025-08-19 16:02:00+08:00,4237.67,4238.44,4232.93,4235.27,2054.84,8702301.824
2025-08-19 16:03:00+08:00,4235.27,4236.79,4233.04,4236.79,1490.9,6312792.9492
2025-08-19 16:04:00+08:00,4236.79,4237.24,4233.28,4234.34,447.94,1897085.473
2025-08-19 16:05:00+08:00,4234.34,4234.35,4231.7,4232.49,287.36,1216355.3288
2025-08-19 16:06:00+08:00,4232.49,4232.49,4225,4226.45,2052.56,8679227.0774
2025-08-19 16:07:00+08:00,4226.45,4227,4222.56,4223.7,775.02,3274020.4296
2025-08-19 16:08:00+08:00,4223.7,4223.87,4219.16,4220.04,1856.36,7835244.089
2025-08-19 16:09:00+08:00,4220.04,4222.55,4218.72,4220.93,890.22,3756460.9378
2025-08-19 16:10:00+08:00,4220.93,4222.91,4219.55,4221.85,471.48,1990569.536
2025-08-19 16:11:00+08:00,4221.85,4223.44,4216.67,4217.19,815.98,3442609.7488
2025-08-19 16:12:00+08:00,4217.19,4226.33,4217,4226.1,973.08,4110698.5286
2025-08-19 16:13:00+08:00,4226.1,4226.94,4223.87,4226.93,270.68,1143687.3756
2025-08-19 16:14:00+08:00,4226.93,4237.24,4226.18,4237.24,1014.7,4294279.5834
2025-08-19 16:15:00+08:00,4237.24,4242.85,4235.94,4238.63,2369.96,10049070.484
2025-08-19 16:16:00+08:00,4238.63,4238.65,4235.44,4235.79,4895.42,20737595.8328
2025-08-19 16:17:00+08:00,4235.79,4236.36,4233.16,4234.49,614.9,2603488.4698
2025-08-19 16:18:00+08:00,4234.49,4238.33,4232.93,4237.91,332.84,1410018.9166
2025-08-19 16:19:00+08:00,4237.91,4238.6,4235.05,4235.91,476.72,2019929.5916
2025-08-19 16:20:00+08:00,4235.91,4237.39,4233.59,4237.07,633.52,2682782.3432
2025-08-19 16:21:00+08:00,4237.07,4237.07,4233,4233.72,776.46,3287316.268
2025-08-19 16:22:00+08:00,4233.72,4236.08,4233,4236.08,423.34,1792732.8772
2025-08-19 16:23:00+08:00,4236.08,4236.08,4233.94,4234.01,127.58,540269.4596
2025-08-19 16:24:00+08:00,4234.01,4236.35,4233.15,4236.35,76,321844.86
2025-08-19 16:25:00+08:00,4236.35,4236.53,4234.69,4236.53,713.4,3021582.6268
2025-08-19 16:26:00+08:00,4236.53,4236.53,4230.76,4231.2,630.36,2668019.2026
2025-08-19 16:27:00+08:00,4231.2,4234.84,4231.2,4234.4,677.62,2868664.1428
2025-08-19 16:28:00+08:00,4234.4,4234.46,4232.77,4232.77,85.88,363593.022
2025-08-19 16:29:00+08:00,4232.77,4233.46,4230.78,4230.78,430.22,1820725.055
2025-08-19 16:30:00+08:00,4230.78,4230.78,4222.47,4223.31,5052.44,21360081.5974
2025-08-19 16:31:00+08:00,4223.31,4225.5,4222.27,4222.27,607.34,2565102.9596
2025-08-19 16:32:00+08:00,4222.27,4222.28,4220.73,4220.79,680.72,2873612.686
2025-08-19 16:33:00+08:00,4220.79,4227.27,4220.79,4225.73,1007.48,4256077.0916
2025-08-19 16:34:00+08:00,4225.73,4226.28,4224.13,4224.13,423.14,1787980.9852
2025-08-19 16:35:00+08:00,4224.13,4225.76,4222,4223.58,4082.72,17242130.8622
2025-08-19 16:36:00+08:00,4223.58,4228.34,4223.57,4227.93,5532,23381430.3884
2025-08-19 16:37:00+08:00,4227.93,4228.98,4226.57,4227.62,269.1,1137610.8164
2025-08-19 16:38:00+08:00,4227.62,4228.57,4225.73,4227.22,281.5,1190050.6258
2025-08-19 16:39:00+08:00,4227.22,4228.59,4227,4227.29,216.06,913451.5086
2025-08-19 16:40:00+08:00,4227.29,4234,4227.29,4231.37,1607.68,6805186.859
2025-08-19 16:41:00+08:00,4231.37,4232.1,4230.38,4231.6,367.1,1553391.4022
2025-08-19 16:42:00+08:00,4231.6,4235.53,4230.79,4235.53,584.44,2473204.6084
2025-08-19 16:43:00+08:00,4235.53,4237.12,4234.95,4237.12,200.16,847921.5954
2025-08-19 16:44:00+08:00,4237.12,4237.12,4234.39,4235.62,819.36,3470679.7492
2025-08-19 16:45:00+08:00,4235.62,4236.85,4234.36,4236.85,176.62,747963.6354
2025-08-19 16:46:00+08:00,4236.85,4239.98,4235.07,4239.29,791.38,3354104.8786
2025-08-19 16:47:00+08:00,4239.29,4241.81,4239.29,4240.08,1417.38,6011086.422
2025-08-19 16:48:00+08:00,4240.08,4244.3,4239.11,4242.06,1880.22,7975696.1806
2025-08-19 16:49:00+08:00,4242.06,4243,4239.52,4242.99,1270.52,5388811.5776
2025-08-19 16:50:00+08:00,4242.99,4249.77,4242.99,4249.51,4122.44,17505746.2612
2025-08-19 16:51:00+08:00,4249.51,4261.54,4248.19,4260.32,11170.12,47524260.8136
2025-08-19 16:52:00+08:00,4260.32,4267.22,4255.86,4264.65,8456.5,36040006.4444
2025-08-19 16:53:00+08:00,4264.65,4264.65,4257.96,4259.26,3021.44,12873644.2084
2025-08-19 16:54:00+08:00,4259.26,4261.59,4258.38,4261.58,1940.54,8265848.4318
2025-08-19 16:55:00+08:00,4261.58,4261.59,4257.15,4257.74,1083.02,4612184.8298
2025-08-19 16:56:00+08:00,4257.74,4259.91,4257.74,4257.88,1514.02,6447417.2654
2025-08-19 16:57:00+08:00,4257.88,4258.3,4254.67,4255.67,1458.34,6207370.2348
2025-08-19 16:58:00+08:00,4255.67,4256.86,4254.16,4255.88,1542.5,6563689.7546
2025-08-19 16:59:00+08:00,4255.88,4255.88,4254.18,4254.72,657.64,2798016.5666
2025-08-19 17:00:00+08:00,4254.72,4256.54,4254,4256.11,615.72,2619903.8518
2025-08-19 17:01:00+08:00,4256.11,4256.9,4253.33,4256.49,903.42,3844343.3988
2025-08-19 17:02:00+08:00,4256.49,4257.99,4252.68,4253.01,1210.14,5149666.7714
2025-08-19 17:03:00+08:00,4253.01,4256.32,4252.15,4256.15,944.04,4015992.7528
2025-08-19 17:04:00+08:00,4256.15,4259,4256.15,4256.97,867.98,3695787.4704
2025-08-19 17:05:00+08:00,4256.97,4265.67,4256.41,4265.56,1121.94,4781541.4718
2025-08-19 17:06:00+08:00,4265.56,4273.68,4264.77,4271.61,8524.92,36405484.4048
2025-08-19 17:07:00+08:00,4271.61,4276,4269,4274.09,2442.4,10437873.987
2025-08-19 17:08:00+08:00,4274.09,4275.15,4266.29,4267.27,3841.16,16405910.5842
2025-08-19 17:09:00+08:00,4267.27,4268.49,4264.44,4265.38,2670.5,11393062.0684
2025-08-19 17:10:00+08:00,4265.38,4267.6,4264.49,4265.27,909.94,3882459.3462
2025-08-19 17:11:00+08:00,4265.27,4274.18,4264.39,4273.85,1076.28,4594961.1662
2025-08-19 17:12:00+08:00,4273.85,4273.85,4269.34,4270.21,1773.86,7576125.0044
2025-08-19 17:13:00+08:00,4270.21,4270.22,4266.42,4266.68,1871.02,7986390.7914
2025-08-19 17:14:00+08:00,4266.68,4267.15,4264,4264.61,2225.8,9492983.8204
2025-08-19 17:15:00+08:00,4264.61,4265,4261.14,4265,1318.46,5620353.6922
2025-08-19 17:16:00+08:00,4265,4265.01,4261.11,4261.11,875.14,3730383.5142
2025-08-19 17:17:00+08:00,4261.11,4261.13,4259.07,4260.04,1413.56,6022000.7446
2025-08-19 17:18:00+08:00,4260.04,4264.64,4260.04,4263.21,1564.68,6670950.5412
2025-08-19 17:19:00+08:00,4263.21,4263.21,4260.51,4260.61,932.04,3972135.7882
2025-08-19 17:20:00+08:00,4260.61,4269.76,4260.61,4269.4,1092.38,4661151.2958
2025-08-19 17:21:00+08:00,4269.4,4269.4,4267.64,4268.14,623.36,2660677.5542
2025-08-19 17:22:00+08:00,4268.14,4272.53,4267.79,4272.01,826.3,3529435.4536
2025-08-19 17:23:00+08:00,4272.01,4273.32,4268.88,4268.88,2518.26,10756715.2674
2025-08-19 17:24:00+08:00,4268.88,4272.11,4268.25,4268.25,357.3,1525995.1878
2025-08-19 17:25:00+08:00,4268.25,4273,4267.01,4272.99,2204.02,9411695.731
2025-08-19 17:26:00+08:00,4272.99,4274,4270.22,4274,613.62,2621876.6054
2025-08-19 17:27:00+08:00,4274,4274,4270.89,4272.45,275.88,1178740.8612
2025-08-19 17:28:00+08:00,4272.45,4275.3,4272.02,4272.03,942.8,4029317.2822
2025-08-19 17:29:00+08:00,4272.03,4282.4,4272.03,4278.28,10143.04,43384283.765
2025-08-19 17:30:00+08:00,4278.28,4286.92,4275.05,4285.73,8573.92,36702321.6118
2025-08-19 17:31:00+08:00,4285.73,4291,4284.01,4288.14,10884.1,46670132.3224
2025-08-19 17:32:00+08:00,4288.14,4304.41,4285.71,4299.21,16351.34,70259083.4166
2025-08-19 17:33:00+08:00,4299.21,4299.21,4293.01,4293.28,2617.44,11241550.329
2025-08-19 17:34:00+08:00,4293.28,4294,4290.02,4290.7,2699.64,11587776.9632
2025-08-19 17:35:00+08:00,4290.7,4292.47,4288,4290.77,2371.06,10171936.8582
2025-08-19 17:36:00+08:00,4290.77,4291.47,4287.04,4287.98,3164.64,13571610.8164
2025-08-19 17:37:00+08:00,4287.98,4295.32,4286.53,4295.24,2866.62,12300541.538
2025-08-19 17:38:00+08:00,4295.24,4295.24,4291,4291.07,699.14,3001928.3004
2025-08-19 17:39:00+08:00,4291.07,4291.14,4289.2,4289.68,792.58,3400589.1514
2025-08-19 17:40:00+08:00,4289.68,4289.69,4285.28,4285.7,2212.62,9484938.8384
2025-08-19 17:41:00+08:00,4285.7,4286,4283.5,4285.41,1745.44,7478853.2134
2025-08-19 17:42:00+08:00,4285.41,4285.64,4278,4280.6,6604.92,28271879.0168
2025-08-19 17:43:00+08:00,4280.6,4282.56,4279.51,4281.8,3848.66,16477826.3048
2025-08-19 17:44:00+08:00,4281.8,4282.99,4280,4280.29,3328.88,14253565.1518
2025-08-19 17:45:00+08:00,4280.29,4285.02,4280.13,4282.51,1777.84,7615939.4552
2025-08-19 17:46:00+08:00,4282.51,4282.51,4276.81,4276.81,2392.4,10238823.2864
2025-08-19 17:47:00+08:00,4276.81,4281.2,4276.04,4279,2216.34,9482642.0506
2025-08-19 17:48:00+08:00,4279,4279.39,4275.23,4275.24,802.38,3432164.1728
2025-08-19 17:49:00+08:00,4275.24,4276.45,4273.87,4273.87,1698.78,7262321.2506
2025-08-19 17:50:00+08:00,4273.87,4275.53,4273.57,4273.59,1651.04,7057272.2406
2025-08-19 17:51:00+08:00,4273.59,4277.9,4273.53,4276.01,743.64,3179894.7434
2025-08-19 17:52:00+08:00,4276.01,4278.33,4275,4277.62,904.2,3867677.892
2025-08-19 17:53:00+08:00,4277.62,4277.62,4275.33,4276.86,708.96,3031780.7898
2025-08-19 17:54:00+08:00,4276.86,4280,4276.86,4279.27,648.94,2776642.9332
2025-08-19 17:55:00+08:00,4279.27,4279.5,4277.88,4279.17,386.38,1653041.5222
2025-08-19 17:56:00+08:00,4279.17,4279.72,4276.44,4276.51,170.5,729256.5962
2025-08-19 17:57:00+08:00,4276.51,4283.7,4275.89,4281.59,2143.5,9175820.9774
2025-08-19 17:58:00+08:00,4281.59,4281.6,4279.62,4280.78,751.34,3216375.0016
2025-08-19 17:59:00+08:00,4280.78,4280.83,4278.39,4279.71,2268.44,9708081.0096
2025-08-19 18:00:00+08:00,4279.71,4279.73,4277.63,4279.18,1588.02,6795064.8348
2025-08-19 18:01:00+08:00,4279.18,4279.18,4275.01,4275.01,887.8,3796964.0532
2025-08-19 18:02:00+08:00,4275.01,4276.55,4274.15,4274.2,1862.24,7961078.9036
2025-08-19 18:03:00+08:00,4274.2,4277.07,4273.26,4276.07,4272.66,18270316.0532
2025-08-19 18:04:00+08:00,4276.07,4276.07,4273.52,4274.14,2307.9,9864825.0022
2025-08-19 18:05:00+08:00,4274.14,4283,4274.14,4280.23,2318.72,9926084.0626
2025-08-19 18:06:00+08:00,4280.23,4280.64,4278.12,4280.57,377.62,1616089.8184
2025-08-19 18:07:00+08:00,4280.57,4283.44,4279.89,4282.68,842.1,3606112.5068
2025-08-19 18:08:00+08:00,4282.68,4284.43,4281.08,4281.08,794.46,3402808.446
2025-08-19 18:09:00+08:00,4281.08,4282.8,4280,4282.31,1800.46,7709247.454
2025-08-19 18:10:00+08:00,4282.31,4283.91,4281.26,4282.7,618.96,2650940.5814
2025-08-19 18:11:00+08:00,4282.7,4285.85,4282.49,4282.99,646.84,2771428.754
2025-08-19 18:12:00+08:00,4282.99,4282.99,4279.6,4279.6,543.14,2325172.5122
2025-08-19 18:13:00+08:00,4279.6,4280.46,4277.18,4279.19,303.34,1297943.1254
2025-08-19 18:14:00+08:00,4279.19,4281.62,4278.74,4279.43,861.7,3688360.5218
2025-08-19 18:15:00+08:00,4279.43,4282.85,4278.81,4282.13,168.36,720817.053
2025-08-19 18:16:00+08:00,4282.13,4284.59,4279.67,4282.11,539.2,2308977.143
2025-08-19 18:17:00+08:00,4282.11,4285.96,4281.44,4285.96,1289.2,5522897.6098
2025-08-19 18:18:00+08:00,4285.96,4287.35,4284.85,4286.24,1676.9,7186693.1162
2025-08-19 18:19:00+08:00,4286.24,4286.24,4281.55,4283.82,1607.24,6882732.4878
2025-08-19 18:20:00+08:00,4283.82,4286.4,4283.81,4285.88,138.32,592765.6768
2025-08-19 18:21:00+08:00,4285.88,4288.79,4285.53,4288.03,456.32,1956513.4462
2025-08-19 18:22:00+08:00,4288.03,4290,4286.1,4289.96,1045.6,4484392.377
2025-08-19 18:23:00+08:00,4289.96,4291.81,4289.63,4289.63,748.9,3213358.2076
2025-08-19 18:24:00+08:00,4289.63,4291.52,4289.63,4289.73,1561.1,6698257.6154
2025-08-19 18:25:00+08:00,4289.73,4294.74,4289,4294.74,1004.34,4310985.7188
2025-08-19 18:26:00+08:00,4294.74,4295.79,4292.77,4293.89,1255.96,5394094.5522
2025-08-19 18:27:00+08:00,4293.89,4297.5,4293.89,4297.25,1740.78,7477790.601
2025-08-19 18:28:00+08:00,4297.25,4297.25,4292.48,4293.75,969.38,4163457.3598
2025-08-19 18:29:00+08:00,4293.75,4294.59,4292.12,4292.3,447.34,1920220.8554
2025-08-19 18:30:00+08:00,4292.3,4292.63,4287.59,4287.61,1068.1,4582227.4012
2025-08-19 18:31:00+08:00,4287.61,4289.05,4285,4285.4,1402.28,6010338.4268
2025-08-19 18:32:00+08:00,4285.4,4287.16,4284.11,4284.11,496.04,2125739.8124
2025-08-19 18:33:00+08:00,4284.11,4284.79,4282.14,4284.17,1956.12,8378912.373
2025-08-19 18:34:00+08:00,4284.17,4286.09,4283.04,4285.12,299.48,1283237.3072
2025-08-19 18:35:00+08:00,4285.12,4285.68,4283.16,4284.96,350.62,1502165.4258
2025-08-19 18:36:00+08:00,4284.96,4289.9,4284.96,4289.41,4980.24,21358109.1144
2025-08-19 18:37:00+08:00,4289.41,4291.3,4287.55,4291.3,1553.5,6664705.4178
2025-08-19 18:38:00+08:00,4291.3,4294.86,4291.29,4294.31,1077.02,4624229.7478
2025-08-19 18:39:00+08:00,4294.31,4299.03,4294.31,4298.27,3161.18,13585363.527
2025-08-19 18:40:00+08:00,4298.27,4300,4295.69,4295.76,1066.54,4584326.5744
2025-08-19 18:41:00+08:00,4295.76,4298.63,4292.21,4292.83,1159.5,4979538.5186
2025-08-19 18:42:00+08:00,4292.83,4294.5,4291.57,4292.68,377.1,1618901.6198
2025-08-19 18:43:00+08:00,4292.68,4295.61,4291.99,4293.88,394.22,1692545.7468
2025-08-19 18:44:00+08:00,4293.88,4293.89,4290,4290.3,227.02,974271.8202
2025-08-19 18:45:00+08:00,4290.3,4291.31,4283.95,4283.99,8516.3,36501288.6142
2025-08-19 18:46:00+08:00,4283.99,4284.97,4280.52,4280.53,5625.32,24089680.6196
2025-08-19 18:47:00+08:00,4280.53,4286.42,4278.74,4284.63,9777.96,41892947.9796
2025-08-19 18:48:00+08:00,4284.63,4287.04,4284.03,4284.86,345.48,1480566.8272
2025-08-19 18:49:00+08:00,4284.86,4287.26,4283.77,4284.67,270.4,1158828.021
2025-08-19 18:50:00+08:00,4284.67,4285.13,4279.72,4279.81,5804.72,24850104.4612
2025-08-19 18:51:00+08:00,4279.81,4280.37,4277.28,4280,1379.96,5903652.641
2025-08-19 18:52:00+08:00,4280,4283.98,4280,4283.58,3779.46,16184626.2928
2025-08-19 18:53:00+08:00,4283.58,4284.93,4282.64,4283.75,511.78,2192152.8386
2025-08-19 18:54:00+08:00,4283.75,4284.81,4283.15,4283.8,243.18,1041709.4492
2025-08-19 18:55:00+08:00,4283.8,4285,4283.37,4284.58,711.82,3049326.7704
2025-08-19 18:56:00+08:00,4284.58,4284.58,4281.45,4283.35,290.58,1244629.7988
2025-08-19 18:57:00+08:00,4283.35,4285,4281.3,4282.08,637.6,2731113.6414
2025-08-19 18:58:00+08:00,4282.08,4282.75,4280.88,4281.2,417.72,1788509.569
2025-08-19 18:59:00+08:00,4281.2,4283.99,4280.56,4283.99,109.64,469428.6002
2025-08-19 19:00:00+08:00,4283.99,4286.95,4283.99,4286.95,901.44,3863365.7526
2025-08-19 19:01:00+08:00,4286.95,4287.99,4286.22,4287.98,319.24,1368650.2624
2025-08-19 19:02:00+08:00,4287.98,4288,4285.65,4286.47,172.04,737597.8764
2025-08-19 19:03:00+08:00,4286.47,4290,4286.47,4290,401.82,1722991.9448
2025-08-19 19:04:00+08:00,4290,4290,4289.33,4289.45,453.32,1944571.272
2025-08-19 19:05:00+08:00,4289.45,4291.64,4286.77,4288.03,367.84,1577649.2446
2025-08-19 19:06:00+08:00,4288.03,4289.36,4285.89,4287.37,97.12,416398.3308
2025-08-19 19:07:00+08:00,4287.37,4288.04,4285.71,4288.03,86.08,369017.4994
2025-08-19 19:08:00+08:00,4288.03,4291.82,4287.68,4290.51,1600.18,6865995.9522
2025-08-19 19:09:00+08:00,4290.51,4290.74,4287.36,4289.41,592.82,2543093.7542
2025-08-19 19:10:00+08:00,4289.41,4291.86,4287.53,4288.65,414.62,1778772.4648
2025-08-19 19:11:00+08:00,4288.65,4292,4288.39,4291.53,521.18,2236615.864
2025-08-19 19:12:00+08:00,4291.53,4291.7,4289.68,4291.32,501.6,2152252.5428
2025-08-19 19:13:00+08:00,4291.32,4292.86,4291.14,4292.86,439.32,1885380.3878
2025-08-19 19:14:00+08:00,4292.86,4293.34,4292.64,4292.64,345.08,1481498.5126
2025-08-19 19:15:00+08:00,4292.64,4294.77,4291.04,4294.77,366.4,1572752.8424
2025-08-19 19:16:00+08:00,4294.77,4294.77,4288.55,4288.99,565.78,2427304.1774
2025-08-19 19:17:00+08:00,4288.99,4291.32,4288.4,4290.41,290.48,1246159.5634
2025-08-19 19:18:00+08:00,4290.41,4296.45,4290.41,4294.01,3075.8,13208109.2444
2025-08-19 19:19:00+08:00,4294.01,4294.33,4292.39,4293.38,739.86,3175978.9676
2025-08-19 19:20:00+08:00,4293.38,4296.67,4292,4296.14,835.72,3589184.2852
2025-08-19 19:21:00+08:00,4296.14,4299.48,4293.95,4299.48,3343.72,14366879.655
2025-08-19 19:22:00+08:00,4299.48,4308.39,4298.98,4306.51,5234.7,22525707.3502
2025-08-19 19:23:00+08:00,4306.51,4307.25,4299.53,4302.13,2366.6,10181054.4672
2025-08-19 19:24:00+08:00,4302.13,4303.47,4301.23,4302.25,1500.38,6454683.046
2025-08-19 19:25:00+08:00,4302.25,4304.75,4300.58,4304.56,718.84,3093081.047
2025-08-19 19:26:00+08:00,4304.56,4308,4303.92,4307.99,659.02,2837149.4332
2025-08-19 19:27:00+08:00,4307.99,4311.68,4304.77,4305.47,3131.4,13494289.0372
2025-08-19 19:28:00+08:00,4305.47,4305.77,4301.61,4301.67,1561.24,6718610.2712
2025-08-19 19:29:00+08:00,4301.67,4304.13,4301,4304.03,771.62,3319911.896
2025-08-19 19:30:00+08:00,4304.03,4310.02,4301.5,4308.32,1462.9,6302333.4972
2025-08-19 19:31:00+08:00,4308.32,4315,4305.43,4312.03,6179.98,26640195.037
2025-08-19 19:32:00+08:00,4312.03,4312.98,4307.61,4310.32,1943.92,8379469.87
2025-08-19 19:33:00+08:00,4310.32,4310.34,4305.26,4307.49,1789.38,7707966.9062
2025-08-19 19:34:00+08:00,4307.49,4307.49,4300.46,4302.65,3045.1,13101502.1098
2025-08-19 19:35:00+08:00,4302.65,4304.58,4297.77,4299.72,2700.58,11612990.33
2025-08-19 19:36:00+08:00,4299.72,4302.25,4298.23,4301.01,2128.4,9150244.7714
2025-08-19 19:37:00+08:00,4301.01,4304.77,4300.34,4301.86,1930.84,8308727.5092
2025-08-19 19:38:00+08:00,4301.86,4302.28,4299.11,4299.11,531.98,2287987.0604
2025-08-19 19:39:00+08:00,4299.11,4301.24,4297.62,4297.99,1439.94,6190754.6906
2025-08-19 19:40:00+08:00,4297.99,4298.93,4297.33,4298.48,819.34,3521525.529
2025-08-19 19:41:00+08:00,4298.48,4301.65,4298.08,4300.78,1295.2,5568856.593
2025-08-19 19:42:00+08:00,4300.78,4302.53,4298.79,4299.36,957.52,4117983.9834
2025-08-19 19:43:00+08:00,4299.36,4299.36,4294.71,4294.71,381,1636796.0044
2025-08-19 19:44:00+08:00,4294.71,4295.99,4294.58,4295.51,909.94,3908498.2346
2025-08-19 19:45:00+08:00,4295.51,4296.54,4292.7,4293.55,1425.54,6121678.5618
2025-08-19 19:46:00+08:00,4293.55,4299.75,4293.03,4298.92,1051.08,4515650.493
2025-08-19 19:47:00+08:00,4298.92,4302.13,4298,4301.57,1088.64,4682361.7996
2025-08-19 19:48:00+08:00,4301.57,4304.69,4300.56,4304.63,589.44,2536772.433
2025-08-19 19:49:00+08:00,4304.63,4306.25,4303.01,4305,1224.52,5271574.663
2025-08-19 19:50:00+08:00,4305,4305.54,4301.07,4301.61,309.1,1330277.5376
2025-08-19 19:51:00+08:00,4301.61,4303.09,4301.39,4301.6,368.4,1585172.9766
2025-08-19 19:52:00+08:00,4301.6,4304.32,4301.6,4303.73,389.02,1674028.1596
2025-08-19 19:53:00+08:00,4303.73,4305.71,4303.72,4305.32,143.28,616846.5708
2025-08-19 19:54:00+08:00,4305.32,4305.33,4303.86,4303.97,289.96,1248116.6798
2025-08-19 19:55:00+08:00,4303.97,4305.23,4302.39,4303.36,542.8,2336299.5414
2025-08-19 19:56:00+08:00,4303.36,4309.57,4303.36,4309.23,4523.9,19488289.8862
2025-08-19 19:57:00+08:00,4309.23,4309.69,4306.2,4306.88,2088.42,8997321.9578
2025-08-19 19:58:00+08:00,4306.88,4309.5,4306.88,4308.46,796.3,3430832.8822
2025-08-19 19:59:00+08:00,4308.46,4308.85,4306,4307.09,1435.46,6182391.1622
2025-08-19 20:00:00+08:00,4307.09,4307.86,4302.57,4302.57,797.46,3433258.1994
2025-08-19 20:01:00+08:00,4302.57,4303.6,4301.01,4303.42,1103.48,4747771.8684
2025-08-19 20:02:00+08:00,4303.42,4304.95,4302.38,4304.54,1081.14,4652627.4624
2025-08-19 20:03:00+08:00,4304.54,4306.51,4303.86,4304,1085.3,4672476.7996
2025-08-19 20:04:00+08:00,4304,4304.95,4299.26,4299.77,928.4,3993675.4032
2025-08-19 20:05:00+08:00,4299.77,4302,4299.54,4300.5,572.12,2460462.4508
2025-08-19 20:06:00+08:00,4300.5,4300.5,4297.51,4298.36,1144.34,4918760.982
2025-08-19 20:07:00+08:00,4298.36,4301.22,4298.12,4301.22,774.8,3331075.7268
2025-08-19 20:08:00+08:00,4301.22,4303.49,4297.8,4297.81,498.92,2145450.4394
2025-08-19 20:09:00+08:00,4297.81,4300.62,4297.6,4300,726.24,3122355.8034
2025-08-19 20:10:00+08:00,4300,4301.83,4299.05,4301.21,297.08,1277750.9246
2025-08-19 20:11:00+08:00,4301.21,4306.04,4300,4306.03,1112.96,4788167.945
2025-08-19 20:12:00+08:00,4306.03,4306.72,4303.6,4306.71,425.96,1833783.835
2025-08-19 20:13:00+08:00,4306.71,4307.24,4305,4305.52,865.2,3725882.3922
2025-08-19 20:14:00+08:00,4305.52,4306.75,4302.92,4303.99,837.24,3603512.3284
2025-08-19 20:15:00+08:00,4303.99,4307.44,4303.99,4306.54,401.86,1730627.5708
2025-08-19 20:16:00+08:00,4306.54,4306.54,4301,4301.49,1002.66,4314856.103
2025-08-19 20:17:00+08:00,4301.49,4306,4301.49,4306,422.92,1820033.9568
2025-08-19 20:18:00+08:00,4306,4306.75,4301.78,4301.78,237.88,1024272.722
2025-08-19 20:19:00+08:00,4301.78,4301.78,4300.01,4300.48,454.4,1954273.9312
2025-08-19 20:20:00+08:00,4300.48,4305.38,4300,4303.71,258.82,1113345.6926
2025-08-19 20:21:00+08:00,4303.71,4304.34,4301,4302.34,332.28,1429512.6984
2025-08-19 20:22:00+08:00,4302.34,4302.34,4298.92,4298.93,151.52,651545.8682
2025-08-19 20:23:00+08:00,4298.93,4303.53,4298.92,4303.35,140.8,605462.5724
2025-08-19 20:24:00+08:00,4303.35,4307.5,4303.01,4306.75,1250.12,5382110.3914
2025-08-19 20:25:00+08:00,4306.75,4307.3,4304.97,4306.62,438.44,1887828.5062
2025-08-19 20:26:00+08:00,4306.62,4313,4306.45,4308.85,1846.04,7957869.8246
2025-08-19 20:27:00+08:00,4308.85,4311.45,4308.76,4309.56,2216.7,9554454.122
2025-08-19 20:28:00+08:00,4309.56,4310.12,4306.37,4306.37,738.02,3179685.453
2025-08-19 20:29:00+08:00,4306.37,4307.83,4304.57,4305.05,180.1,775548.688
2025-08-19 20:30:00+08:00,4305.05,4306.99,4301.73,4301.73,1503.14,6468973.2238
2025-08-19 20:31:00+08:00,4301.73,4303.01,4297.88,4298.55,2052.78,8826646.1686
2025-08-19 20:32:00+08:00,4298.55,4299.58,4297,4297.21,898.06,3859853.2876
2025-08-19 20:33:00+08:00,4297.21,4297.21,4293.33,4295.89,5975.64,25669554.5534
2025-08-19 20:34:00+08:00,4295.89,4296.65,4292.66,4292.66,1821.46,7823046.7122
2025-08-19 20:35:00+08:00,4292.66,4297.81,4292.66,4296.5,1924.26,8266839.9198
2025-08-19 20:36:00+08:00,4296.5,4297.34,4295.72,4296.36,779.74,3350334.3754
2025-08-19 20:37:00+08:00,4296.36,4299.33,4296.36,4296.85,323.34,1389612.1604
2025-08-19 20:38:00+08:00,4296.85,4302.18,4296.29,4302.07,965.4,4151621.081
2025-08-19 20:39:00+08:00,4302.07,4303.75,4301.89,4303.26,471.96,2030677.3496
2025-08-19 20:40:00+08:00,4303.26,4305,4303,4303,395.6,1702496.3142
2025-08-19 20:41:00+08:00,4303,4304.77,4302.52,4302.98,309.98,1333930.2008
2025-08-19 20:42:00+08:00,4302.98,4305.46,4302.98,4304.87,256.78,1105402.6302
2025-08-19 20:43:00+08:00,4304.87,4304.87,4298.28,4298.28,717.12,3083905.953
2025-08-19 20:44:00+08:00,4298.28,4301.27,4298.28,4300.85,1093.86,4702861.1718
2025-08-19 20:45:00+08:00,4300.85,4302.93,4295.04,4295.74,2633.78,11320457.0566
2025-08-19 20:46:00+08:00,4295.74,4296.33,4292.56,4292.56,2355.2,10113935.423
2025-08-19 20:47:00+08:00,4292.56,4294.85,4291.04,4293.76,2650.14,11376357.5776
2025-08-19 20:48:00+08:00,4293.76,4293.76,4289.25,4289.62,1966.06,8435433.4186
2025-08-19 20:49:00+08:00,4289.62,4290.72,4283.57,4286.23,9521.68,40820042.0516
2025-08-19 20:50:00+08:00,4286.23,4289.5,4285.31,4288,3260.96,13980523.8386
2025-08-19 20:51:00+08:00,4288,4290,4287,4288,1632.98,7003207.7056
2025-08-19 20:52:00+08:00,4288,4289.32,4287,4287.99,704.08,3019255.7792
2025-08-19 20:53:00+08:00,4287.99,4290,4287,4289.29,1174.52,5037149.3622
2025-08-19 20:54:00+08:00,4289.29,4294.36,4289.28,4293.04,1838.66,7891347.0658
2025-08-19 20:55:00+08:00,4293.04,4297.76,4293.04,4297.67,2839.56,12201285.9812
2025-08-19 20:56:00+08:00,4297.67,4301.35,4297.46,4297.88,1109.94,4771268.1718
2025-08-19 20:57:00+08:00,4297.88,4301,4296.21,4301,1008.34,4333627.8528
2025-08-19 20:58:00+08:00,4301,4304,4300.45,4303.48,1040.94,4478895.3778
2025-08-19 20:59:00+08:00,4303.48,4303.48,4302.97,4303.29,359.9,1548710.1594
2025-08-19 21:00:00+08:00,4303.29,4303.73,4302.46,4303.31,1396.72,6010239.6946
2025-08-19 21:01:00+08:00,4303.31,4303.31,4298,4298.46,2320.38,9977210.88
2025-08-19 21:02:00+08:00,4298.46,4302.35,4298.07,4302.35,558.44,2401375.9404
2025-08-19 21:03:00+08:00,4302.35,4302.35,4296.42,4300.52,702.56,3020091.5218
2025-08-19 21:04:00+08:00,4300.52,4300.52,4298.41,4298.6,283.1,1217017.6074
2025-08-19 21:05:00+08:00,4298.6,4298.6,4296,4297.87,163.6,703060.6654
2025-08-19 21:06:00+08:00,4297.87,4298.26,4293,4293,498.92,2143032.2204
2025-08-19 21:07:00+08:00,4293,4298.48,4293,4298.26,936.84,4024137.5464
2025-08-19 21:08:00+08:00,4298.26,4300.74,4297.97,4298.44,661.52,2844060.659
2025-08-19 21:09:00+08:00,4298.44,4300.07,4298.21,4299.67,748.92,3219747.0754
2025-08-19 21:10:00+08:00,4299.67,4303,4298.42,4298.76,889.1,3823842.0242
2025-08-19 21:11:00+08:00,4298.76,4299.86,4296.82,4297.41,274.86,1181410.9036
2025-08-19 21:12:00+08:00,4297.41,4299.59,4296.67,4299.26,268.2,1152640.837
2025-08-19 21:13:00+08:00,4299.26,4299.59,4295.64,4295.64,125,537242.2472
2025-08-19 21:14:00+08:00,4295.64,4296.88,4295,4295.27,454.54,1952526.839
2025-08-19 21:15:00+08:00,4295.27,4297.64,4295.1,4297.63,580.3,2493350.9476
2025-08-19 21:16:00+08:00,4297.63,4300.1,4296.59,4298.05,1515,6513522.567
2025-08-19 21:17:00+08:00,4298.05,4299.99,4298.05,4298.55,83.14,357435.3308
2025-08-19 21:18:00+08:00,4298.55,4300,4296.19,4296.19,320.6,1378067.1684
2025-08-19 21:19:00+08:00,4296.19,4298.06,4295.56,4295.99,652.24,2802874.5418
2025-08-19 21:20:00+08:00,4295.99,4301.92,4295.99,4300.53,1880.76,8085407.2812
2025-08-19 21:21:00+08:00,4300.53,4300.53,4298.12,4299.47,275.72,1185442.1256
2025-08-19 21:22:00+08:00,4299.47,4301.96,4297,4301.96,283.86,1220521.3412
2025-08-19 21:23:00+08:00,4301.96,4306,4301,4306,978.96,4214139.8702
2025-08-19 21:24:00+08:00,4306,4306.28,4305.09,4306,1009.32,4345929.7932
2025-08-19 21:25:00+08:00,4306,4309.09,4305.36,4308.35,1292.7,5568139.7836
2025-08-19 21:26:00+08:00,4308.35,4310.61,4305,4306.55,1040.84,4483914.9734
2025-08-19 21:27:00+08:00,4306.55,4314.78,4306.55,4314.56,2285.96,9859219.9662
2025-08-19 21:28:00+08:00,4314.56,4314.56,4307.2,4309.73,898.08,3870371.301
2025-08-19 21:29:00+08:00,4309.73,4313.28,4309.44,4312.31,1510.56,6513445.205
2025-08-19 21:30:00+08:00,4312.31,4338.64,4309,4335.28,31861.44,137897337.3706
2025-08-19 21:31:00+08:00,4335.28,4335.28,4319.42,4319.66,12700.62,54941945.8174
2025-08-19 21:32:00+08:00,4319.66,4319.99,4304.4,4305.32,12571.28,54191448.931
2025-08-19 21:33:00+08:00,4305.32,4311.21,4296.73,4297.37,10330.72,44453104.3996
2025-08-19 21:34:00+08:00,4297.37,4303.89,4291.16,4303.2,7574.48,32540824.0452
2025-08-19 21:35:00+08:00,4303.2,4304.79,4287.32,4289.25,10237.9,43961427.3206
2025-08-19 21:36:00+08:00,4289.25,4306.24,4288.17,4304.79,7334.14,31526253.1118
2025-08-19 21:37:00+08:00,4304.79,4310.81,4302.3,4310.44,2514.66,10831050.451
2025-08-19 21:38:00+08:00,4310.44,4312,4302.48,4303.27,1670.78,7194571.7272
2025-08-19 21:39:00+08:00,4303.27,4304.28,4288.03,4288.35,3911.2,16794167.2922
2025-08-19 21:40:00+08:00,4288.35,4296.82,4287.86,4288.44,9162.72,39327235.5866
2025-08-19 21:41:00+08:00,4288.44,4294.93,4288.44,4292.73,2293.26,9841338.538
2025-08-19 21:42:00+08:00,4292.73,4295.89,4289.77,4292,2635.28,11313386.3954
2025-08-19 21:43:00+08:00,4292,4292.82,4275.89,4278.05,25610.14,109633221.162
2025-08-19 21:44:00+08:00,4278.05,4282.08,4273.56,4276.14,15893.38,67962087.3426
2025-08-19 21:45:00+08:00,4276.14,4279.48,4271.29,4271.29,4851.64,20741864.8396
2025-08-19 21:46:00+08:00,4271.29,4274.94,4266,4266.33,15203.96,64903076.1196
2025-08-19 21:47:00+08:00,4266.33,4274.99,4263.83,4267.22,7183.38,30673078.826
2025-08-19 21:48:00+08:00,4267.22,4272.99,4264.53,4269.95,4697.98,20055831.5826
2025-08-19 21:49:00+08:00,4269.95,4272.41,4263.05,4266.56,2819,12028654.2374
2025-08-19 21:50:00+08:00,4266.56,4273,4262.18,4264.66,4406.32,18805139.5644
2025-08-19 21:51:00+08:00,4264.66,4277.31,4264.65,4277.31,4809.62,20537545.837
2025-08-19 21:52:00+08:00,4277.31,4278.46,4269.51,4275.35,3483.02,14884382.0896
2025-08-19 21:53:00+08:00,4275.35,4302.85,4275.2,4301.85,24286.72,104334203.5902
2025-08-19 21:54:00+08:00,4301.85,4311.8,4297.33,4298.61,24877.88,107058953.6892
2025-08-19 21:55:00+08:00,4298.61,4306,4294.47,4295.6,10529.92,45294072.8968
2025-08-19 21:56:00+08:00,4295.6,4305.57,4293.81,4299.72,2733.52,11754038.0306
2025-08-19 21:57:00+08:00,4299.72,4299.97,4293.06,4294.29,2114.34,9083579.1318
2025-08-19 21:58:00+08:00,4294.29,4294.29,4288.89,4291.55,2476.8,10629653.1654
2025-08-19 21:59:00+08:00,4291.55,4293.15,4288.58,4290.46,4245.08,18215922.8542
2025-08-19 22:00:00+08:00,4290.46,4294,4288.46,4288.47,1676.04,7192648.709
2025-08-19 22:01:00+08:00,4288.47,4301.99,4288.47,4300.64,2522.08,10836947.2964
2025-08-19 22:02:00+08:00,4300.64,4304.04,4297.61,4298.04,5230.02,22492003.0932
2025-08-19 22:03:00+08:00,4298.04,4298.57,4292.03,4298.57,1399.16,6009276.237
2025-08-19 22:04:00+08:00,4298.57,4305.66,4298.14,4302.28,1647.32,7086029.1136
2025-08-19 22:05:00+08:00,4302.28,4302.28,4293.31,4293.5,1616.6,6945822.9194
2025-08-19 22:06:00+08:00,4293.5,4296.36,4286.29,4286.39,2929.32,12565330.7324
2025-08-19 22:07:00+08:00,4286.39,4292.44,4286.16,4289.1,1352.18,5800563.6138
2025-08-19 22:08:00+08:00,4289.1,4289.48,4274.64,4277.05,19612.88,83951124.1742
2025-08-19 22:09:00+08:00,4277.05,4281.94,4276.76,4280.28,3400.74,14554773.2146
2025-08-19 22:10:00+08:00,4280.28,4281.06,4271.19,4273.07,2802.86,11980984.7326
2025-08-19 22:11:00+08:00,4273.07,4275.9,4269.2,4272.23,7501.44,32059816.6214
2025-08-19 22:12:00+08:00,4272.23,4278.32,4271.67,4272.95,7606.6,32519731.564
2025-08-19 22:13:00+08:00,4272.95,4280,4271.93,4276.36,1738.54,7435627.1184
2025-08-19 22:14:00+08:00,4276.36,4276.37,4270,4271.81,2389.7,10207403.8012
2025-08-19 22:15:00+08:00,4271.81,4275.3,4266,4266.01,5071.64,21653722.5204
2025-08-19 22:16:00+08:00,4266.01,4266.26,4255.68,4256.71,9730.76,41458832.7268
2025-08-19 22:17:00+08:00,4256.71,4261,4253.71,4258.19,6220.1,26481058.2684
2025-08-19 22:18:00+08:00,4258.19,4261.58,4255.48,4256.36,3317.76,14126762.8956
2025-08-19 22:19:00+08:00,4256.36,4264.49,4255.34,4259.76,9437.86,40193075.1878
2025-08-19 22:20:00+08:00,4259.76,4262.78,4257.11,4259.87,1561.56,6650881.0638
2025-08-19 22:21:00+08:00,4259.87,4264.78,4256.82,4258.22,2573.5,10967331.8342
2025-08-19 22:22:00+08:00,4258.22,4258.64,4247.74,4248.33,9424.74,40062202.4622
2025-08-19 22:23:00+08:00,4248.33,4252.3,4244.58,4247.4,5153.06,21888326.6862
2025-08-19 22:24:00+08:00,4247.4,4251.96,4246.38,4250.4,4108.2,17456683.0656
2025-08-19 22:25:00+08:00,4250.4,4255.96,4244.13,4244.67,3138.12,13331709.0728
2025-08-19 22:26:00+08:00,4244.67,4246.83,4235,4235.03,6511,27613202.4288
2025-08-19 22:27:00+08:00,4235.03,4236.75,4225.82,4226.44,20767.02,87880546.1334
2025-08-19 22:28:00+08:00,4226.44,4228.07,4212.82,4214.57,25761.36,108764795.1064
2025-08-19 22:29:00+08:00,4214.57,4215.56,4206.38,4209.71,7351.32,30956739.01
2025-08-19 22:30:00+08:00,4209.71,4218.45,4203.06,4203.83,16992.54,71579668.0514
2025-08-19 22:31:00+08:00,4203.83,4206.23,4191.26,4200.74,40663.14,170730467.6024
2025-08-19 22:32:00+08:00,4200.74,4221.6,4200.74,4218.63,23934.72,100858975.4818
2025-08-19 22:33:00+08:00,4218.63,4223.69,4216,4222.42,5346.86,22559429.8236
2025-08-19 22:34:00+08:00,4222.42,4223,4217.52,4217.69,6157.96,25989916.6516
2025-08-19 22:35:00+08:00,4217.69,4218.91,4205.02,4208.82,8925.96,37571160.2844
2025-08-19 22:36:00+08:00,4208.82,4210.75,4201,4201.41,4139.14,17402071.5584
2025-08-19 22:37:00+08:00,4201.41,4209.89,4201.41,4209.89,3390.04,14261793.3584
2025-08-19 22:38:00+08:00,4209.89,4215.06,4206.12,4206.74,2944.4,12404077.4956
2025-08-19 22:39:00+08:00,4206.74,4210.82,4202,4208,3149.12,13250298.685
2025-08-19 22:40:00+08:00,4208,4209.3,4201.2,4201.51,4306.92,18105173.6176
2025-08-19 22:41:00+08:00,4201.51,4204.51,4184.22,4184.5,15181.94,63627136.631
2025-08-19 22:42:00+08:00,4184.5,4194.64,4182,4182.61,15829.18,66289020.3792
2025-08-19 22:43:00+08:00,4182.61,4191.53,4182.59,4189.69,8607.72,36045228.8042
2025-08-19 22:44:00+08:00,4189.69,4203.56,4187.58,4200.01,13540.16,56802792.207
2025-08-19 22:45:00+08:00,4200.01,4200.84,4191.5,4191.68,6075.24,25496524.3614
2025-08-19 22:46:00+08:00,4191.68,4205,4190.37,4200.03,10273.66,43139010.4282
2025-08-19 22:47:00+08:00,4200.03,4205.06,4196.1,4197.13,6312.24,26518263.1074
2025-08-19 22:48:00+08:00,4197.13,4198.16,4187.11,4187.33,12289.4,51526682.3988
2025-08-19 22:49:00+08:00,4187.33,4201.09,4187.04,4199.57,12647.66,53025417.7366
2025-08-19 22:50:00+08:00,4199.57,4200.7,4191,4191.46,5074.66,21292110.5402
2025-08-19 22:51:00+08:00,4191.46,4204.84,4191.46,4203.67,14574.52,61190991.2334
2025-08-19 22:52:00+08:00,4203.67,4210.75,4202.75,4207.58,8238.5,34663875.9808
2025-08-19 22:53:00+08:00,4207.58,4208.19,4202,4206.7,1939.64,8157163.3598
2025-08-19 22:54:00+08:00,4206.7,4208,4203.6,4203.6,1472.72,6194842.9492
2025-08-19 22:55:00+08:00,4203.6,4204,4194.12,4194.13,6124.14,25720311.5526
2025-08-19 22:56:00+08:00,4194.13,4198.86,4189.48,4197.82,6250.6,26205572.7876
2025-08-19 22:57:00+08:00,4197.82,4201.48,4193.16,4194.29,5577.62,23410666.2664
2025-08-19 22:58:00+08:00,4194.29,4197.53,4191.4,4191.87,5458.2,22895283.8562
2025-08-19 22:59:00+08:00,4191.87,4194.03,4188.04,4190.61,5747.18,24077808.0878
2025-08-19 23:00:00+08:00,4190.61,4197.52,4187.04,4187.78,5428.32,22750952.7282
2025-08-19 23:01:00+08:00,4187.78,4190.94,4179.26,4182.37,11278.7,47174439.0214
2025-08-19 23:02:00+08:00,4182.37,4191.39,4182.37,4184.79,2016.9,8445501.9084
2025-08-19 23:03:00+08:00,4184.79,4193.71,4184.25,4193.7,3908.2,16364581.5204
2025-08-19 23:04:00+08:00,4193.7,4193.7,4188.77,4188.78,1508.68,6322788.3014
2025-08-19 23:05:00+08:00,4188.78,4189.71,4181.45,4181.86,2735.72,11445731.2122
2025-08-19 23:06:00+08:00,4181.86,4189.45,4181.86,4181.89,2606.06,10908600.949
2025-08-19 23:07:00+08:00,4181.89,4185.2,4168,4179.59,34023.58,142024983.2434
2025-08-19 23:08:00+08:00,4179.59,4194.71,4179.58,4185.91,12282.36,51458577.7434
2025-08-19 23:09:00+08:00,4185.91,4194.28,4185.89,4192.78,6759.72,28325803.353
2025-08-19 23:10:00+08:00,4192.78,4194.87,4183.51,4194.37,6242.76,26153737.3272
2025-08-19 23:11:00+08:00,4194.37,4194.51,4185.39,4187.59,3043.06,12752041.1714
2025-08-19 23:12:00+08:00,4187.59,4188.5,4183.51,4184.31,2464.08,10313107.818
2025-08-19 23:13:00+08:00,4184.31,4189.29,4183,4189.27,2074.82,8686202.5974
2025-08-19 23:14:00+08:00,4189.27,4189.92,4184.49,4185.04,1829.76,7663109.738
2025-08-19 23:15:00+08:00,4185.04,4188.45,4179.58,4179.58,1823.28,7628961.9508
2025-08-19 23:16:00+08:00,4179.58,4185.3,4175,4185.16,4630.7,19355454.9582
2025-08-19 23:17:00+08:00,4185.16,4198.79,4184.66,4193.24,15074.06,63203976.207
2025-08-19 23:18:00+08:00,4193.24,4197.43,4188.24,4194.85,10276.32,43090517.4714
2025-08-19 23:19:00+08:00,4194.85,4194.85,4186.56,4189.99,6548.44,27446048.1
2025-08-19 23:20:00+08:00,4189.99,4197.05,4188.54,4197.04,2928.92,12281818.77
2025-08-19 23:21:00+08:00,4197.04,4204.68,4196.16,4203.27,21618.96,90792347.0404
2025-08-19 23:22:00+08:00,4203.27,4205.53,4196.26,4197.75,2326.86,9776378.6424
2025-08-19 23:23:00+08:00,4197.75,4207.74,4195.76,4207.15,5323.92,22378287.6964
2025-08-19 23:24:00+08:00,4207.15,4211.67,4204.49,4207.81,5395.7,22710971.5826
2025-08-19 23:25:00+08:00,4207.81,4209.48,4202.25,4206.9,4316.26,18150076.0058
2025-08-19 23:26:00+08:00,4206.9,4214.4,4206.55,4210.63,2727.92,11488917.8436
2025-08-19 23:27:00+08:00,4210.63,4219,4209.27,4218.98,5060.64,21336246.1634
2025-08-19 23:28:00+08:00,4218.98,4218.99,4215.72,4215.85,4901.82,20671377.1304
2025-08-19 23:29:00+08:00,4215.85,4226.32,4215.62,4224.15,11294.14,47682675.6638
2025-08-19 23:30:00+08:00,4224.15,4231.06,4219.43,4221.08,13681.48,57810402.9918
2025-08-19 23:31:00+08:00,4221.08,4221.09,4213.31,4216.45,7796.24,32874091.9792
2025-08-19 23:32:00+08:00,4216.45,4216.59,4210.31,4210.31,2724.3,11478467.643
2025-08-19 23:33:00+08:00,4210.31,4213,4209.11,4210.99,1709.08,7197164.703
2025-08-19 23:34:00+08:00,4210.99,4215,4210.99,4214.49,1045.94,4407072.666
2025-08-19 23:35:00+08:00,4214.49,4215.9,4210.28,4210.28,971.66,4094223.316
2025-08-19 23:36:00+08:00,4210.28,4210.29,4202.35,4202.83,2370.16,9967353.0852
2025-08-19 23:37:00+08:00,4202.83,4208.37,4202.81,4207.97,1115.76,4692154.614
2025-08-19 23:38:00+08:00,4207.97,4207.97,4203.36,4203.55,1010.18,4247830.409
2025-08-19 23:39:00+08:00,4203.55,4208.07,4203.54,4204.05,925.5,3893305.9368
2025-08-19 23:40:00+08:00,4204.05,4210.96,4202.34,4209.94,2970.68,12500493.6212
2025-08-19 23:41:00+08:00,4209.94,4209.94,4201.63,4205.24,1142.44,4805684.681
2025-08-19 23:42:00+08:00,4205.24,4210.21,4205.24,4208.91,548.5,2308096.2262
2025-08-19 23:43:00+08:00,4208.91,4218.42,4208.7,4217.55,1598.9,6738356.1412
2025-08-19 23:44:00+08:00,4217.55,4220.5,4214.41,4214.69,1479.8,6241329.0076
2025-08-19 23:45:00+08:00,4214.69,4215.92,4206.89,4207.72,1116.24,4698858.7824
2025-08-19 23:46:00+08:00,4207.72,4212.38,4207.71,4208.84,545.72,2297039.1226
2025-08-19 23:47:00+08:00,4208.84,4208.84,4194.06,4194.97,4442.42,18653695.7712
2025-08-19 23:48:00+08:00,4194.97,4205.42,4194.97,4201.1,3652.28,15338812.041
2025-08-19 23:49:00+08:00,4201.1,4201.26,4194.51,4199.99,6650.98,27912753.0036
2025-08-19 23:50:00+08:00,4199.99,4201.2,4190.57,4199.32,7153.3,30014476.4002
2025-08-19 23:51:00+08:00,4199.32,4201.04,4194.5,4194.63,1146.2,4812193.283
2025-08-19 23:52:00+08:00,4194.63,4200.65,4194.1,4198.83,1789.82,7511803.6538
2025-08-19 23:53:00+08:00,4198.83,4199.77,4193.08,4194.86,1238.48,5196899.501
2025-08-19 23:54:00+08:00,4194.86,4200.96,4193.49,4195.79,842.62,3537173.528
2025-08-19 23:55:00+08:00,4195.79,4198.2,4194.16,4194.53,929.26,3898989.2016
2025-08-19 23:56:00+08:00,4194.53,4196.58,4194.53,4195.35,507.24,2128167.635
2025-08-19 23:57:00+08:00,4195.35,4195.48,4192.55,4193.04,1826.86,7660977.5444
2025-08-19 23:58:00+08:00,4193.04,4197.25,4190.03,4190.99,1245.22,5220942.825
2025-08-19 23:59:00+08:00,4190.99,4191,4186.45,4189.87,3577.34,14983711.4616
2025-08-20 00:00:00+08:00,4189.87,4192.13,4183.81,4188.46,5514.98,23101512.9786
2025-08-20 00:01:00+08:00,4188.46,4189.47,4184.55,4186.69,682.18,2855817.576
2025-08-20 00:02:00+08:00,4186.69,4193.07,4186.68,4190.71,3315.06,13891877.6496
2025-08-20 00:03:00+08:00,4190.71,4193.86,4188.05,4193.86,1360.12,5699888.635
2025-08-20 00:04:00+08:00,4193.86,4201.31,4193.86,4197.62,2047.06,8595091.6016
2025-08-20 00:05:00+08:00,4197.62,4199.99,4190.34,4191.36,3248.48,13623244.7226
2025-08-20 00:06:00+08:00,4191.36,4198.09,4188.67,4198.09,2385.44,10002851.9818
2025-08-20 00:07:00+08:00,4198.09,4201.77,4194.06,4194.06,2622.64,11011589.6142
2025-08-20 00:08:00+08:00,4194.06,4196.78,4191.58,4192.01,469.9,1970659.7556
2025-08-20 00:09:00+08:00,4192.01,4197.98,4191.14,4197.43,949.32,3981798.1526
2025-08-20 00:10:00+08:00,4197.43,4202.94,4196.35,4198.73,1501.86,6308320.8762
2025-08-20 00:11:00+08:00,4198.73,4202.92,4197.02,4202.37,642.52,2698881.6556
2025-08-20 00:12:00+08:00,4202.37,4204.99,4199.54,4200.8,1701.4,7149315.0108
2025-08-20 00:13:00+08:00,4200.8,4201.1,4192.86,4192.86,1285.6,5395512.8098
2025-08-20 00:14:00+08:00,4192.86,4193.4,4183.44,4183.69,2927.44,12256489.2762
2025-08-20 00:15:00+08:00,4183.69,4189.55,4181.33,4185.1,4798.32,20079676.8992
2025-08-20 00:16:00+08:00,4185.1,4190.97,4181.99,4189.58,1009.84,4226668.8036
2025-08-20 00:17:00+08:00,4189.58,4191.15,4181.56,4183.75,1817.98,7608250.8588
2025-08-20 00:18:00+08:00,4183.75,4184.02,4176.02,4183.33,4459.9,18638942.664
2025-08-20 00:19:00+08:00,4183.33,4187.73,4181.73,4184.68,2308.08,9658775.5248
2025-08-20 00:20:00+08:00,4184.68,4188.46,4182.2,4186.15,1540.88,6447644.8754
2025-08-20 00:21:00+08:00,4186.15,4193.96,4185.61,4185.89,1128,4726775.6812
2025-08-20 00:22:00+08:00,4185.89,4193,4185.89,4191.79,1440.36,6035889.2512
2025-08-20 00:23:00+08:00,4191.79,4194.82,4189.09,4192.97,2336.3,9794806.2462
2025-08-20 00:24:00+08:00,4192.97,4193.44,4190.43,4193.29,522.76,2191190.4946
2025-08-20 00:25:00+08:00,4193.29,4195.43,4184.92,4184.92,1031.76,4324907.4206
2025-08-20 00:26:00+08:00,4184.92,4185.63,4181,4182.47,1841.06,7700344.9964
2025-08-20 00:27:00+08:00,4182.47,4186.73,4178.2,4178.95,1542.68,6449332.5146
2025-08-20 00:28:00+08:00,4178.95,4180.81,4178.94,4180.52,655.16,2738336.706
2025-08-20 00:29:00+08:00,4180.52,4183.74,4175.23,4176.21,2179.08,9102849.0058
2025-08-20 00:30:00+08:00,4176.21,4179.21,4175.22,4175.24,1281.38,5351609.4042
2025-08-20 00:31:00+08:00,4175.24,4180.55,4173,4173,3902.52,16290085.041
2025-08-20 00:32:00+08:00,4173,4182,4172.04,4180.65,1870.6,7813464.7754
2025-08-20 00:33:00+08:00,4180.65,4184.88,4180.09,4181.24,1152.8,4821891.3296
2025-08-20 00:34:00+08:00,4181.24,4181.25,4175.88,4179.34,753.16,3147516.103
2025-08-20 00:35:00+08:00,4179.34,4182.42,4177.13,4179.34,900.04,3762097.6204
2025-08-20 00:36:00+08:00,4179.34,4179.84,4166.16,4166.65,10199.2,42523047.102
2025-08-20 00:37:00+08:00,4166.65,4184.18,4158,4177.77,35451.72,147718064.197
2025-08-20 00:38:00+08:00,4177.77,4181.32,4168.72,4170.01,6279.86,26220848.88
2025-08-20 00:39:00+08:00,4170.01,4170.6,4159.16,4165.64,10630.26,44262120.6572
2025-08-20 00:40:00+08:00,4165.64,4166.84,4155,4159.83,13277.28,55222623.768
2025-08-20 00:41:00+08:00,4159.83,4164.91,4154.69,4161.79,8448.5,35128474.9322
2025-08-20 00:42:00+08:00,4161.79,4170,4161.79,4167.99,4277.38,17824454.8478
2025-08-20 00:43:00+08:00,4167.99,4170.59,4158.29,4158.29,2742.64,11418414.832
2025-08-20 00:44:00+08:00,4158.29,4166.5,4158.29,4166.24,2930.7,12196650.4532
2025-08-20 00:45:00+08:00,4166.24,4167.88,4158.63,4158.81,2098.2,8737008.1876
2025-08-20 00:46:00+08:00,4158.81,4160.05,4152.6,4155.87,5738.36,23844561.0124
2025-08-20 00:47:00+08:00,4155.87,4161.85,4153.19,4155.52,2019.2,8393724.5814
2025-08-20 00:48:00+08:00,4155.52,4156.32,4150,4151.05,23056.76,95739613.8322
2025-08-20 00:49:00+08:00,4151.05,4153.97,4150.42,4150.59,3581.78,14869835.9914
2025-08-20 00:50:00+08:00,4150.59,4152.89,4144.12,4146.77,16253.34,67416346.6086
2025-08-20 00:51:00+08:00,4146.77,4160.19,4146.77,4157.25,6654.3,27650436.6162
2025-08-20 00:52:00+08:00,4157.25,4166.71,4157.01,4164.23,6498,27054413.3376
2025-08-20 00:53:00+08:00,4164.23,4171.19,4164.23,4166.99,6103.26,25438700.0002
2025-08-20 00:54:00+08:00,4166.99,4168.54,4161,4162.02,1505.06,6269989.9182
2025-08-20 00:55:00+08:00,4162.02,4165.91,4159,4159.69,1406.8,5855749.238
2025-08-20 00:56:00+08:00,4159.69,4162.03,4157,4159.83,1674.98,6966957.1024
2025-08-20 00:57:00+08:00,4159.83,4160.31,4144.58,4147.5,5176.56,21487418.182
2025-08-20 00:58:00+08:00,4147.5,4150.82,4142.99,4145.33,9822.1,40728191.3718
2025-08-20 00:59:00+08:00,4145.33,4147.94,4135.99,4141.11,22513.32,93220645.7042
2025-08-20 01:00:00+08:00,4141.11,4147.77,4137.41,4147.5,4077.92,16896883.305
2025-08-20 01:01:00+08:00,4147.5,4149.65,4136.51,4144.89,4472.6,18533572.453
2025-08-20 01:02:00+08:00,4144.89,4148.41,4140.24,4144.82,2338.5,9689826.8224
2025-08-20 01:03:00+08:00,4144.82,4151.06,4142.25,4142.25,2252.4,9340934.3696
2025-08-20 01:04:00+08:00,4142.25,4142.76,4138.41,4140.8,1745.96,7229094.0586
2025-08-20 01:05:00+08:00,4140.8,4144.7,4132,4133.15,6935.86,28696222.3636
2025-08-20 01:06:00+08:00,4133.15,4147.46,4132.37,4139.12,6674.7,27620616.7104
2025-08-20 01:07:00+08:00,4139.12,4140.82,4132,4133.8,1770.6,7321401.7716
2025-08-20 01:08:00+08:00,4133.8,4139.95,4132.01,4138.89,4322.48,17883106.6514
2025-08-20 01:09:00+08:00,4138.89,4145.14,4136.17,4137.95,2113.76,8751481.6228
2025-08-20 01:10:00+08:00,4137.95,4147.09,4137.45,4146.18,1814.6,7517731.5712
2025-08-20 01:11:00+08:00,4146.18,4153.85,4144.49,4148.66,10755.12,44640251.0964
2025-08-20 01:12:00+08:00,4148.66,4153.94,4147.98,4151.99,2015.58,8367798.006
2025-08-20 01:13:00+08:00,4151.99,4153.04,4144.09,4146.68,5765.54,23915480.6266
2025-08-20 01:14:00+08:00,4146.68,4157.91,4146.68,4157.5,2019.68,8391020.0748
2025-08-20 01:15:00+08:00,4157.5,4160.4,4151.22,4152.33,2628.76,10925305.095
2025-08-20 01:16:00+08:00,4152.33,4152.55,4146.53,4146.92,2685.66,11144183.7402
2025-08-20 01:17:00+08:00,4146.92,4156.15,4146.92,4155.85,1053.7,4375023.3192
2025-08-20 01:18:00+08:00,4155.85,4155.9,4148.54,4148.95,1358.84,5641897.162
2025-08-20 01:19:00+08:00,4148.95,4154.9,4148.95,4153.77,1124.96,4668588.978
2025-08-20 01:20:00+08:00,4153.77,4157,4152.32,4153,1127.86,4685927.2686
2025-08-20 01:21:00+08:00,4153,4154.38,4148.09,4150.79,621.4,2579114.8932
2025-08-20 01:22:00+08:00,4150.79,4157.87,4148.86,4157.05,563.58,2340856.818
2025-08-20 01:23:00+08:00,4157.05,4162.61,4155.92,4162.27,1915.1,7967193.2854
2025-08-20 01:24:00+08:00,4162.27,4165.51,4161.07,4164.86,1209.52,5035564.064
2025-08-20 01:25:00+08:00,4164.86,4165.29,4161.39,4163.05,1095.34,4560933.0444
2025-08-20 01:26:00+08:00,4163.05,4168.68,4160.77,4167.67,7759.82,32308790.8628
2025-08-20 01:27:00+08:00,4167.67,4167.7,4163.72,4165.48,1554.82,6477300.785
2025-08-20 01:28:00+08:00,4165.48,4171.76,4165.48,4168.56,5700.9,23772538.3698
2025-08-20 01:29:00+08:00,4168.56,4170,4165.65,4168.5,962.82,4013099.836
2025-08-20 01:30:00+08:00,4168.5,4174.21,4166.16,4174.21,2316.26,9661581.4114
2025-08-20 01:31:00+08:00,4174.21,4176.47,4172.36,4172.36,3150.54,13153935.488
2025-08-20 01:32:00+08:00,4172.36,4176.76,4172.36,4175.19,2386.6,9964589.579
2025-08-20 01:33:00+08:00,4175.19,4178.75,4174.74,4177.83,8881.04,37094236.0816
2025-08-20 01:34:00+08:00,4177.83,4182,4177.65,4179.68,2892.38,12090233.9982
2025-08-20 01:35:00+08:00,4179.68,4179.68,4173.51,4173.76,2101.82,8775614.043
2025-08-20 01:36:00+08:00,4173.76,4177.07,4173.09,4174.99,583.58,2436072.3444
2025-08-20 01:37:00+08:00,4174.99,4181.04,4174.99,4179.46,654.68,2735018.8984
2025-08-20 01:38:00+08:00,4179.46,4182.37,4178.03,4182.35,1041.12,4352308.696
2025-08-20 01:39:00+08:00,4182.35,4182.37,4175.69,4175.69,1657.44,6925781.5632
2025-08-20 01:40:00+08:00,4175.69,4181.46,4175.29,4180.43,1173.16,4900422.8658
2025-08-20 01:41:00+08:00,4180.43,4181.56,4175,4175,584.38,2442373.1582
2025-08-20 01:42:00+08:00,4175,4175.58,4171.4,4171.44,874.98,3651456.4878
2025-08-20 01:43:00+08:00,4171.44,4176.2,4171.43,4173,381.32,1591600.6088
2025-08-20 01:44:00+08:00,4173,4173.94,4168.7,4169.34,1188.7,4958647.287
2025-08-20 01:45:00+08:00,4169.34,4171.65,4166.83,4167.09,2232.3,9306754.3164
2025-08-20 01:46:00+08:00,4167.09,4168.73,4161.51,4161.51,2557.78,10651688.7976
2025-08-20 01:47:00+08:00,4161.51,4169.03,4161.51,4167.74,3473.1,14465691.27
2025-08-20 01:48:00+08:00,4167.74,4171.23,4166.09,4170.49,994.86,4147811.8202
2025-08-20 01:49:00+08:00,4170.49,4173.93,4170.49,4173.57,369,1539653.6592
2025-08-20 01:50:00+08:00,4173.57,4179.24,4173.57,4179.24,1606.9,6711578.0782
2025-08-20 01:51:00+08:00,4179.24,4183.45,4177.86,4180.47,1691.76,7074249.2122
2025-08-20 01:52:00+08:00,4180.47,4180.47,4173.05,4173.28,567.3,2368978.1804
2025-08-20 01:53:00+08:00,4173.28,4177.52,4173.28,4176.87,357.68,1493598.9682
2025-08-20 01:54:00+08:00,4176.87,4179.75,4174.79,4179.21,339.14,1416513.4832
2025-08-20 01:55:00+08:00,4179.21,4182,4179.21,4181.96,596.8,2494833.2692
2025-08-20 01:56:00+08:00,4181.96,4184.54,4180.56,4180.56,1507.72,6305689.9648
2025-08-20 01:57:00+08:00,4180.56,4184.56,4180.34,4183.39,1028.46,4301832.0712
2025-08-20 01:58:00+08:00,4183.39,4188,4181.92,4185.27,2120.68,8877858.9406
2025-08-20 01:59:00+08:00,4185.27,4185.55,4182.63,4184.8,422.64,1768545.2462
2025-08-20 02:00:00+08:00,4184.8,4185.83,4180.9,4181.61,1015.2,4247134.6454
2025-08-20 02:01:00+08:00,4181.61,4182.48,4175.41,4175.41,2520.58,10534069.253
2025-08-20 02:02:00+08:00,4175.41,4181.83,4175.41,4179.91,705.96,2950126.7144
2025-08-20 02:03:00+08:00,4179.91,4182.14,4172.71,4175.34,1607.52,6713324.0832
2025-08-20 02:04:00+08:00,4175.34,4179.71,4174.41,4178.52,952.06,3977370.1054
2025-08-20 02:05:00+08:00,4178.52,4178.53,4173.31,4175.17,847.12,3537036.601
2025-08-20 02:06:00+08:00,4175.17,4175.94,4172.78,4174.95,452.88,1890464.9396
2025-08-20 02:07:00+08:00,4174.95,4180.91,4174.44,4179.47,365.54,1527365.1812
2025-08-20 02:08:00+08:00,4179.47,4182.24,4177.4,4182.24,422.64,1766871.3574
2025-08-20 02:09:00+08:00,4182.24,4185.65,4180.52,4185,1269.64,5311798.0044
2025-08-20 02:10:00+08:00,4185,4185,4180.52,4181.21,519.92,2174614.7332
2025-08-20 02:11:00+08:00,4181.21,4184.71,4181.21,4184.24,211.22,883527.4354
2025-08-20 02:12:00+08:00,4184.24,4186.21,4182.73,4184.52,499.32,2089632.9492
2025-08-20 02:13:00+08:00,4184.52,4185.46,4182.04,4183.1,518.02,2166887.2012
2025-08-20 02:14:00+08:00,4183.1,4185.54,4180.3,4180.3,832.74,3482365.1386
2025-08-20 02:15:00+08:00,4180.3,4183.82,4179.4,4182.77,263.32,1101135.0432
2025-08-20 02:16:00+08:00,4182.77,4185.87,4180.49,4181.31,529.88,2216852.4142
2025-08-20 02:17:00+08:00,4181.31,4182.87,4175,4175,379.18,1584056.4268
2025-08-20 02:18:00+08:00,4175,4179.78,4175,4179.02,238.9,997963.0822
2025-08-20 02:19:00+08:00,4179.02,4180,4172.27,4173.91,1151.86,4807681.2888
2025-08-20 02:20:00+08:00,4173.91,4176.86,4170.43,4170.43,1128.44,4709520.0874
2025-08-20 02:21:00+08:00,4170.43,4173.38,4169.23,4173.38,1384.14,5772698.1438
2025-08-20 02:22:00+08:00,4173.38,4178.99,4172.24,4175.98,970.14,4051041.6804
2025-08-20 02:23:00+08:00,4175.98,4178.57,4174.28,4178.57,1382.16,5772120.7674
2025-08-20 02:24:00+08:00,4178.57,4179.52,4176.49,4178.05,425.68,1778388.7628
2025-08-20 02:25:00+08:00,4178.05,4183.81,4176.98,4182.46,1304.54,5454001.5142
2025-08-20 02:26:00+08:00,4182.46,4182.46,4177.31,4177.31,509.36,2129163.0806
2025-08-20 02:27:00+08:00,4177.31,4177.32,4170.43,4170.6,499.72,2085766.292
2025-08-20 02:28:00+08:00,4170.6,4171.88,4169.35,4169.56,791.56,3301077.1972
2025-08-20 02:29:00+08:00,4169.56,4171.1,4164.57,4165.59,2397.1,9989378.7376
2025-08-20 02:30:00+08:00,4165.59,4167.44,4164.54,4166.01,1321.56,5505904.437
2025-08-20 02:31:00+08:00,4166.01,4169.77,4166.01,4168.54,412,1717443.964
2025-08-20 02:32:00+08:00,4168.54,4171.87,4168.31,4171.65,559.74,2334356.514
2025-08-20 02:33:00+08:00,4171.65,4171.65,4165.36,4167.06,665.16,2771907.2026
2025-08-20 02:34:00+08:00,4167.06,4171.18,4167.06,4169.98,758.72,3163507.5434
2025-08-20 02:35:00+08:00,4169.98,4173.26,4168.95,4169.1,983.46,4102466.1436
2025-08-20 02:36:00+08:00,4169.1,4171.88,4165.22,4165.22,867.56,3617561.4224
2025-08-20 02:37:00+08:00,4165.22,4165.99,4161.65,4162.83,1940.4,8080384.102
2025-08-20 02:38:00+08:00,4162.83,4164.06,4153.59,4154.17,9072.38,37729995.9116
2025-08-20 02:39:00+08:00,4154.17,4158.34,4154.17,4156.91,1483.86,6167893.61
2025-08-20 02:40:00+08:00,4156.91,4159.06,4156.11,4156.27,566.62,2355591.3436
2025-08-20 02:41:00+08:00,4156.27,4157.22,4150.47,4150.71,1344.14,5582811.2836
2025-08-20 02:42:00+08:00,4150.71,4150.71,4146,4148.18,4444.62,18439613.0186
2025-08-20 02:43:00+08:00,4148.18,4150,4139.89,4140.57,3835.12,15892075.5088
2025-08-20 02:44:00+08:00,4140.57,4143.61,4139.8,4142.4,2182.66,9039446.3172
2025-08-20 02:45:00+08:00,4142.4,4148.03,4142.13,4144.72,1968.86,8161946.4062
2025-08-20 02:46:00+08:00,4144.72,4149.52,4144.72,4149.52,2014.48,8355295.7466
2025-08-20 02:47:00+08:00,4149.52,4152.79,4145.85,4146.45,784.12,3252892.1008
2025-08-20 02:48:00+08:00,4146.45,4150.92,4139.49,4139.76,1235.08,5118157.5586
2025-08-20 02:49:00+08:00,4139.76,4142.15,4135.5,4135.55,9763.12,40409004.4056
2025-08-20 02:50:00+08:00,4135.55,4139.35,4131.12,4131.12,6170.98,25509239.9052
2025-08-20 02:51:00+08:00,4131.12,4133.33,4121.25,4124.92,66396.82,273895145.4552
2025-08-20 02:52:00+08:00,4124.92,4129.59,4121.7,4127.96,7290.32,30067107.0332
2025-08-20 02:53:00+08:00,4127.96,4141.2,4127.96,4139.04,4432.16,18334543.5922
2025-08-20 02:54:00+08:00,4139.04,4150.64,4138.96,4150.21,6548.14,27149116.637
2025-08-20 02:55:00+08:00,4150.21,4152,4145.17,4145.46,3893.4,16150042.172
2025-08-20 02:56:00+08:00,4145.46,4148.28,4142.7,4145.61,1561.28,6471924.2204
2025-08-20 02:57:00+08:00,4145.61,4147.2,4142.5,4146.21,601.66,2493869.0514
2025-08-20 02:58:00+08:00,4146.21,4147.14,4143.28,4144.76,518.18,2148220.2408
2025-08-20 02:59:00+08:00,4144.76,4149.72,4143.28,4144.3,674.22,2795815.6112
2025-08-20 03:00:00+08:00,4144.3,4148.18,4140.53,4140.69,6029.06,24988320.5524
2025-08-20 03:01:00+08:00,4140.69,4142.03,4130,4130.01,3225.3,13339400.8984
2025-08-20 03:02:00+08:00,4130.01,4130.54,4123.49,4125.39,5995.96,24742843.952
2025-08-20 03:03:00+08:00,4125.39,4133.23,4125.39,4126.63,1907.26,7875690.2138
2025-08-20 03:04:00+08:00,4126.63,4127.98,4116,4118.81,11729.4,48333288.7946
2025-08-20 03:05:00+08:00,4118.81,4128.62,4118.81,4125.44,5725.96,23619423.5764
2025-08-20 03:06:00+08:00,4125.44,4125.44,4113.43,4115.07,5840.16,24042512.6426
2025-08-20 03:07:00+08:00,4115.07,4122.12,4115,4119.67,2193.02,9031292.7886
2025-08-20 03:08:00+08:00,4119.67,4122.45,4117.09,4118.32,2068.34,8519985.624
2025-08-20 03:09:00+08:00,4118.32,4127.6,4116.27,4125.47,2103.5,8671989.991
2025-08-20 03:10:00+08:00,4125.47,4125.47,4120,4123.59,2510.58,10348532.264
2025-08-20 03:11:00+08:00,4123.59,4124,4115.36,4121.3,1203.08,4956569.873
2025-08-20 03:12:00+08:00,4121.3,4123.95,4116.89,4122.3,1162.12,4789019.0674
2025-08-20 03:13:00+08:00,4122.3,4126.54,4120.31,4120.31,904.44,3730015.9194
2025-08-20 03:14:00+08:00,4120.31,4125.59,4120.31,4123.83,569.16,2346730.2978
2025-08-20 03:15:00+08:00,4123.83,4124.18,4116.19,4117.39,1096.84,4518491.424
2025-08-20 03:16:00+08:00,4117.39,4119.06,4112.29,4117.2,4426.9,18217279.816
2025-08-20 03:17:00+08:00,4117.2,4120,4113.64,4118.84,3044.8,12532586.1264
2025-08-20 03:18:00+08:00,4118.84,4131.94,4117.51,4128.73,7623.64,31467514.8312
2025-08-20 03:19:00+08:00,4128.73,4139.59,4128.41,4139.21,6563.54,27134585.9336
2025-08-20 03:20:00+08:00,4139.21,4143.85,4136.71,4142.92,5807.26,24042769.5978
2025-08-20 03:21:00+08:00,4142.92,4157.21,4142.77,4154.91,7260.4,30133690.042
2025-08-20 03:22:00+08:00,4154.91,4156,4148.64,4152.99,2071.76,8601739.1548
2025-08-20 03:23:00+08:00,4152.99,4159.64,4150.71,4156.38,2410.68,10020092.9056
2025-08-20 03:24:00+08:00,4156.38,4159.47,4154.64,4159.46,1050.2,4364818.5548
2025-08-20 03:25:00+08:00,4159.46,4163.84,4159.46,4160.94,2734.5,11381330.2818
2025-08-20 03:26:00+08:00,4160.94,4163.32,4157.14,4162.45,1830.54,7614434.8492
2025-08-20 03:27:00+08:00,4162.45,4165.36,4158.29,4162.33,2882.82,11997549.7046
2025-08-20 03:28:00+08:00,4162.33,4164.81,4159.58,4163.38,3614.96,15047971.4278
2025-08-20 03:29:00+08:00,4163.38,4164,4159.21,4161.98,4445.26,18502949.9588
2025-08-20 03:30:00+08:00,4161.98,4167.53,4161.39,4166.44,1499.24,6244781.288
2025-08-20 03:31:00+08:00,4166.44,4166.44,4155.16,4156.53,4176.12,17370302.521
2025-08-20 03:32:00+08:00,4156.53,4158,4153.32,4156.39,1656.4,6881762.8122
2025-08-20 03:33:00+08:00,4156.39,4162.79,4156.14,4157.58,920.24,3827332.7916
2025-08-20 03:34:00+08:00,4157.58,4158.4,4155.13,4158.4,947.42,3937528.141
2025-08-20 03:35:00+08:00,4158.4,4161.91,4158.4,4160.96,826.18,3436649.7956
2025-08-20 03:36:00+08:00,4160.96,4164.66,4158.09,4164.47,804,3346407.7284
2025-08-20 03:37:00+08:00,4164.47,4166.08,4162.12,4163.94,1289.52,5370374.5246
2025-08-20 03:38:00+08:00,4163.94,4165.87,4160.01,4160.57,397.46,1654649.7078
2025-08-20 03:39:00+08:00,4160.57,4164.53,4159.26,4161.6,1729.66,7197815.4352
2025-08-20 03:40:00+08:00,4161.6,4162.36,4156.9,4162.35,432.44,1798612.858
2025-08-20 03:41:00+08:00,4162.35,4162.81,4156.44,4159.47,1048.38,4359512.1632
2025-08-20 03:42:00+08:00,4159.47,4162.2,4157.09,4158.21,586,2437004.1694
2025-08-20 03:43:00+08:00,4158.21,4160.27,4155.88,4159,214.3,890945.0002
2025-08-20 03:44:00+08:00,4159,4159.16,4154.35,4154.63,605.52,2516725.533
2025-08-20 03:45:00+08:00,4154.63,4160,4153.57,4160,801.08,3329493.561
2025-08-20 03:46:00+08:00,4160,4160,4154.23,4158.9,634.4,2637510.724
2025-08-20 03:47:00+08:00,4158.9,4159.05,4147.26,4147.47,4067.72,16886391.1758
2025-08-20 03:48:00+08:00,4147.47,4151.59,4146.56,4149.68,1018.36,4224616.6276
2025-08-20 03:49:00+08:00,4149.68,4153.72,4149.68,4151.21,221.68,920450.2098
2025-08-20 03:50:00+08:00,4151.21,4151.71,4144.99,4148.27,656.38,2722146.8868
2025-08-20 03:51:00+08:00,4148.27,4152.35,4146.59,4147.52,3274.4,13591572.4986
2025-08-20 03:52:00+08:00,4147.52,4150,4144.14,4145.02,950.3,3939618.8326
2025-08-20 03:53:00+08:00,4145.02,4145.59,4138.21,4139.94,6162.52,25519939.751
2025-08-20 03:54:00+08:00,4139.94,4143.58,4137.85,4141.61,1311.16,5427962.321
2025-08-20 03:55:00+08:00,4141.61,4154.51,4141.61,4150.65,9134.46,37904085.3352
2025-08-20 03:56:00+08:00,4150.65,4151.22,4144,4144,1921.6,7969263.7118
2025-08-20 03:57:00+08:00,4144,4148.72,4142.24,4142.24,358.36,1485967.328
2025-08-20 03:58:00+08:00,4142.24,4142.49,4135.64,4139.36,1361.12,5632965.6304
2025-08-20 03:59:00+08:00,4139.36,4145.64,4139.35,4140.94,1432.76,5935073.6898
2025-08-20 04:00:00+08:00,4140.94,4147.79,4139.83,4147.67,665.68,2758137.7254
2025-08-20 04:01:00+08:00,4147.67,4151.38,4145.01,4145.24,2731.74,11335787.479
2025-08-20 04:02:00+08:00,4145.24,4150,4143.3,4148.72,657.7,2726337.677
2025-08-20 04:03:00+08:00,4148.72,4151.8,4147.53,4151.16,844.94,3506858.7778
2025-08-20 04:04:00+08:00,4151.16,4152.95,4150,4150.01,569.68,2364901.7464
2025-08-20 04:05:00+08:00,4150.01,4150.07,4141.47,4141.48,867.1,3595021.9196
2025-08-20 04:06:00+08:00,4141.48,4142.6,4135.17,4135.6,1883.54,7794011.4304
2025-08-20 04:07:00+08:00,4135.6,4139.36,4133.4,4137.66,4508.74,18651242.0076
2025-08-20 04:08:00+08:00,4137.66,4137.67,4131.01,4131.58,3083.12,12742932.7546
2025-08-20 04:09:00+08:00,4131.58,4133.07,4124,4124,3286.18,13567270.0922
2025-08-20 04:10:00+08:00,4124,4127.49,4122.25,4123.9,2109.46,8700195.7384
2025-08-20 04:11:00+08:00,4123.9,4126.79,4120.38,4122.79,2405.92,9917709.4496
2025-08-20 04:12:00+08:00,4122.79,4124.28,4114.35,4115.19,4732.3,19489141.0658
2025-08-20 04:13:00+08:00,4115.19,4123.99,4114.33,4116.41,3087.22,12711953.7464
2025-08-20 04:14:00+08:00,4116.41,4118.78,4115.84,4117.89,872.82,3593544.9584
2025-08-20 04:15:00+08:00,4117.89,4123.55,4116.72,4119.45,1935.58,7975339.423
2025-08-20 04:16:00+08:00,4119.45,4134.39,4119.45,4131.77,3354.28,13847991.417
2025-08-20 04:17:00+08:00,4131.77,4135.97,4130.78,4132.6,1717.2,7096851.7352
2025-08-20 04:18:00+08:00,4132.6,4137.52,4130.67,4137.34,3268.1,13510096.1454
2025-08-20 04:19:00+08:00,4137.34,4137.76,4135.02,4136.85,425.2,1758888.8194
2025-08-20 04:20:00+08:00,4136.85,4140,4135.31,4138.07,713.48,2952755.736
2025-08-20 04:21:00+08:00,4138.07,4143.47,4136.6,4143.13,618.32,2560649.7284
2025-08-20 04:22:00+08:00,4143.13,4143.53,4139.09,4139.09,574.08,2377381.4312
2025-08-20 04:23:00+08:00,4139.09,4139.09,4130.93,4135.19,1515.48,6265705.9924
2025-08-20 04:24:00+08:00,4135.19,4136.65,4132.59,4133.49,137.6,568849.6894
2025-08-20 04:25:00+08:00,4133.49,4137.89,4133.05,4135.52,546.12,2258600.4332
2025-08-20 04:26:00+08:00,4135.52,4145.32,4135.52,4145.32,787.6,3262941.9534
2025-08-20 04:27:00+08:00,4145.32,4148,4144.7,4147.42,516,2139634.218
2025-08-20 04:28:00+08:00,4147.42,4148.31,4140.94,4142.07,606.24,2512781.2088
2025-08-20 04:29:00+08:00,4142.07,4144.02,4138.48,4143.65,314.94,1304406.6974
2025-08-20 04:30:00+08:00,4143.65,4150.74,4143.56,4150.02,1729.24,7173579.964
2025-08-20 04:31:00+08:00,4150.02,4152.52,4147.89,4150.08,3423.54,14210997.2712
2025-08-20 04:32:00+08:00,4150.08,4151.24,4146.42,4150,1111.38,4612163.1778
2025-08-20 04:33:00+08:00,4150,4154.2,4149.22,4153.24,849.82,3529142.6424
2025-08-20 04:34:00+08:00,4153.24,4155.36,4151.94,4153.76,604.82,2512268.4378
2025-08-20 04:35:00+08:00,4153.76,4154.9,4148.16,4150.35,360,1494215.4326
2025-08-20 04:36:00+08:00,4150.35,4152.99,4148.53,4152.99,402.48,1670340.023
2025-08-20 04:37:00+08:00,4152.99,4153.63,4150,4150,652.32,2708622.6634
2025-08-20 04:38:00+08:00,4150,4152.95,4148.57,4152.7,155.8,646715.2184
2025-08-20 04:39:00+08:00,4152.7,4155.43,4149.37,4152.77,642.1,2666566.2008
2025-08-20 04:40:00+08:00,4152.77,4154.99,4151.06,4151.34,1041.64,4326108.6266
2025-08-20 04:41:00+08:00,4151.34,4151.72,4148.67,4149.99,80.48,333968.1744
2025-08-20 04:42:00+08:00,4149.99,4152.73,4149.99,4152.72,254.8,1057907.7032
2025-08-20 04:43:00+08:00,4152.72,4152.72,4146.24,4146.24,426.58,1769354.2594
2025-08-20 04:44:00+08:00,4146.24,4147.07,4144.64,4146.19,295.58,1225370.5094
2025-08-20 04:45:00+08:00,4146.19,4150.48,4146.19,4149.2,252.66,1048123.8104
2025-08-20 04:46:00+08:00,4149.2,4153.95,4149.2,4151.1,930.68,3864663.2608
2025-08-20 04:47:00+08:00,4151.1,4154.91,4151.1,4152.32,203.58,845637.512
2025-08-20 04:48:00+08:00,4152.32,4154.5,4152.12,4154.09,304.22,1263280.561
2025-08-20 04:49:00+08:00,4154.09,4156.49,4152.76,4156.48,430.44,1788507.9562
2025-08-20 04:50:00+08:00,4156.48,4156.99,4152.31,4156.71,2741.82,11392761.1118
2025-08-20 04:51:00+08:00,4156.71,4156.71,4152.52,4154.1,288.86,1200015.9302
2025-08-20 04:52:00+08:00,4154.1,4157.2,4154.1,4157.2,460.7,1914822.2884
2025-08-20 04:53:00+08:00,4157.2,4157.2,4154.87,4156.86,395.34,1642952.6954
2025-08-20 04:54:00+08:00,4156.86,4159.98,4156.86,4159.23,870.56,3621005.7334
2025-08-20 04:55:00+08:00,4159.23,4160.56,4156.86,4160.42,1388.54,5775086.9866
2025-08-20 04:56:00+08:00,4160.42,4162.99,4159.55,4161.08,1291.86,5376766.046
2025-08-20 04:57:00+08:00,4161.08,4161.55,4156.83,4156.9,4280.02,17799711.7842
2025-08-20 04:58:00+08:00,4156.9,4158.36,4156.26,4157.13,404.94,1683186.1028
2025-08-20 04:59:00+08:00,4157.13,4158.46,4154.1,4158.46,5614.54,23335724.0638
2025-08-20 05:00:00+08:00,4158.46,4158.46,4151.32,4151.59,2683.42,11144565.9868
2025-08-20 05:01:00+08:00,4151.59,4152.72,4146.71,4147.28,1816.06,7536127.5102
2025-08-20 05:02:00+08:00,4147.28,4153.12,4147.28,4150.96,901.2,3740678.4544
2025-08-20 05:03:00+08:00,4150.96,4150.97,4148.93,4148.93,156.4,649038.8078
2025-08-20 05:04:00+08:00,4148.93,4153.59,4148.93,4153.36,171.76,712903.8958
2025-08-20 05:05:00+08:00,4153.36,4153.57,4149.7,4150.65,244.56,1015247.7558
2025-08-20 05:06:00+08:00,4150.65,4151.33,4148.3,4150.2,298.34,1238024.355
2025-08-20 05:07:00+08:00,4150.2,4151.05,4146.45,4147.59,483.18,2004246.4692
2025-08-20 05:08:00+08:00,4147.59,4148.66,4145,4145.01,762.42,3161182.3602
2025-08-20 05:09:00+08:00,4145.01,4145.01,4136.04,4136.64,6016.02,24908216.3272
2025-08-20 05:10:00+08:00,4136.64,4143.72,4136.63,4143.05,1109.9,4593791.9182
2025-08-20 05:11:00+08:00,4143.05,4147.25,4143.05,4147.25,1526.76,6330096.5902
2025-08-20 05:12:00+08:00,4147.25,4151.81,4146.54,4151.57,1115.76,4630154.656
2025-08-20 05:13:00+08:00,4151.57,4153.68,4150,4153.68,1521.88,6319190.3092
2025-08-20 05:14:00+08:00,4153.68,4164.39,4153.68,4163.69,5139.12,21381279.9116
2025-08-20 05:15:00+08:00,4163.69,4164.29,4160.13,4161.29,1365.78,5682952.6448
2025-08-20 05:16:00+08:00,4161.29,4163.9,4161.29,4163.73,713.86,2972146.101
2025-08-20 05:17:00+08:00,4163.73,4163.95,4156.68,4157.09,1093.44,4550026.7334
2025-08-20 05:18:00+08:00,4157.09,4157.09,4152.94,4153.77,507.9,2110021.5814
2025-08-20 05:19:00+08:00,4153.77,4154.97,4148.38,4150.11,354.08,1469774.573
2025-08-20 05:20:00+08:00,4150.11,4152.12,4142.58,4143.74,456.68,1893712.6918
2025-08-20 05:21:00+08:00,4143.74,4144.5,4140.72,4142.21,683.9,2832841.616
2025-08-20 05:22:00+08:00,4142.21,4148.09,4141.36,4145.47,1534.7,6359647.182
2025-08-20 05:23:00+08:00,4145.47,4147.02,4144.69,4145.9,198.68,823685.9106
2025-08-20 05:24:00+08:00,4145.9,4147.02,4145,4145.05,724.9,3004904.0148
2025-08-20 05:25:00+08:00,4145.05,4146.43,4139.47,4139.48,4616.38,19132233.9616
2025-08-20 05:26:00+08:00,4139.48,4142.91,4138.84,4140.57,1316.94,5454486.9694
2025-08-20 05:27:00+08:00,4140.57,4145.61,4140.57,4144.97,1188.2,4924320.206
2025-08-20 05:28:00+08:00,4144.97,4148.49,4144.97,4148.49,140.36,582085.716
2025-08-20 05:29:00+08:00,4148.49,4150.99,4148.49,4150.72,270.4,1122184.5044
2025-08-20 05:30:00+08:00,4150.72,4151.18,4145.21,4147.13,340.3,1411722.8314
2025-08-20 05:31:00+08:00,4147.13,4147.13,4144.16,4144.84,117.36,486606.8298
2025-08-20 05:32:00+08:00,4144.84,4145.75,4143.64,4143.78,469.82,1947448.139
2025-08-20 05:33:00+08:00,4143.78,4143.84,4142.75,4142.86,110.82,459131.1602
2025-08-20 05:34:00+08:00,4142.86,4142.87,4140,4141.49,186.3,771395.32
2025-08-20 05:35:00+08:00,4141.49,4146.4,4141.49,4145.83,1972.84,8174519.1056
2025-08-20 05:36:00+08:00,4145.83,4147.7,4145.83,4146.47,373.8,1550046.1156
2025-08-20 05:37:00+08:00,4146.47,4149.3,4146.47,4148.11,1652.1,6853749.4062
2025-08-20 05:38:00+08:00,4148.11,4149.35,4148.11,4149.35,107.6,446375.0278
2025-08-20 05:39:00+08:00,4149.35,4149.35,4145.49,4145.92,237.6,985265.0308
2025-08-20 05:40:00+08:00,4145.92,4149,4144.83,4147.46,599.06,2483570.406
2025-08-20 05:41:00+08:00,4147.46,4150.29,4147.39,4150.12,607.26,2520122.47
2025-08-20 05:42:00+08:00,4150.12,4151.25,4148.93,4151.25,396.88,1647352.1884
2025-08-20 05:43:00+08:00,4151.25,4152.8,4150.79,4151.25,282.86,1174368.5944
2025-08-20 05:44:00+08:00,4151.25,4152.8,4151.15,4151.36,247.72,1028480.3828
2025-08-20 05:45:00+08:00,4151.36,4151.36,4146.88,4146.88,179.9,746473.2934
2025-08-20 05:46:00+08:00,4146.88,4147.83,4143.7,4145.73,827.1,3429146.8878
2025-08-20 05:47:00+08:00,4145.73,4145.73,4143.46,4143.62,168.44,698104.8552
2025-08-20 05:48:00+08:00,4143.62,4148.13,4143.62,4148.12,908.8,3767715.4444
2025-08-20 05:49:00+08:00,4148.12,4149.85,4145.62,4148.03,351.88,1459586.4906
2025-08-20 05:50:00+08:00,4148.03,4148.8,4146,4147.51,94.24,390804.231
2025-08-20 05:51:00+08:00,4147.51,4147.74,4145.4,4145.6,101.48,420807.5632
2025-08-20 05:52:00+08:00,4145.6,4147.73,4145.6,4147.73,278.54,1154920.5348
2025-08-20 05:53:00+08:00,4147.73,4149.95,4147.73,4149.38,484.64,2010789.6376
2025-08-20 05:54:00+08:00,4149.38,4150.24,4148.43,4150.24,1132.54,4699017.4912
2025-08-20 05:55:00+08:00,4150.24,4151.63,4150.23,4151.28,115.74,480491.9654
2025-08-20 05:56:00+08:00,4151.28,4151.29,4151.28,4151.29,89.64,372121.4526
2025-08-20 05:57:00+08:00,4151.29,4151.58,4148.62,4148.63,66.74,276994.1434
2025-08-20 05:58:00+08:00,4148.63,4150.93,4148.18,4150.92,200.46,831675.622
2025-08-20 05:59:00+08:00,4150.92,4152.49,4150.92,4152.48,144.7,600791.6122
2025-08-20 06:00:00+08:00,4152.48,4152.49,4147.23,4148.68,164.02,680493.1026
2025-08-20 06:01:00+08:00,4148.68,4152.21,4148.68,4152.21,238.28,988959.4788
2025-08-20 06:02:00+08:00,4152.21,4153.66,4128.09,4135.97,6913.22,28594221.732
2025-08-20 06:03:00+08:00,4135.97,4140.91,4135.54,4138.96,2418.62,10010459.9938
2025-08-20 06:04:00+08:00,4138.96,4143.85,4136.08,4141.6,2881.64,11924721.7502
2025-08-20 06:05:00+08:00,4141.6,4144.39,4128.74,4130.33,3610.54,14929315.5386
2025-08-20 06:06:00+08:00,4130.33,4134.55,4123,4133.54,4193.38,17305543.5658
2025-08-20 06:07:00+08:00,4133.54,4135.49,4129.44,4134.96,740.1,3059256.0026
2025-08-20 06:08:00+08:00,4134.96,4139.99,4134.96,4138.68,1796.28,7431855.3282
2025-08-20 06:09:00+08:00,4138.68,4144.07,4137.58,4143.46,1460.46,6047862.9988
2025-08-20 06:10:00+08:00,4143.46,4144.81,4138.96,4139.97,1322.92,5478139.8952
2025-08-20 06:11:00+08:00,4139.97,4140.32,4131.18,4132.7,1807.42,7472491.622
2025-08-20 06:12:00+08:00,4132.7,4135.95,4131.58,4132.91,747.46,3090395.5584
2025-08-20 06:13:00+08:00,4132.91,4139.1,4132.24,4136.13,730.98,3022409.9674
2025-08-20 06:14:00+08:00,4136.13,4137.73,4132.57,4133.45,345.96,1430697.885
2025-08-20 06:15:00+08:00,4133.45,4139.44,4132.76,4138.23,278.62,1152167.8582
2025-08-20 06:16:00+08:00,4138.23,4138.23,4133.62,4137.01,269.28,1113485.9602
2025-08-20 06:17:00+08:00,4137.01,4138.83,4133.42,4135.18,1219.14,5040136.225
2025-08-20 06:18:00+08:00,4135.18,4135.18,4123.06,4125.1,3221.94,13292381.8974
2025-08-20 06:19:00+08:00,4125.1,4127.67,4120.41,4121.68,1395.84,5755835.2858
2025-08-20 06:20:00+08:00,4121.68,4127.39,4118.52,4121.75,2526.06,10410737.627
2025-08-20 06:21:00+08:00,4121.75,4126.22,4118.52,4125.03,2157.6,8897567.3102
2025-08-20 06:22:00+08:00,4125.03,4139.98,4125.03,4138.01,10239.86,42318023.6222
2025-08-20 06:23:00+08:00,4138.01,4142.43,4136.69,4139.93,1648.42,6823115.5298
2025-08-20 06:24:00+08:00,4139.93,4143.48,4139.12,4143.48,442.08,1830824.9096
2025-08-20 06:25:00+08:00,4143.48,4143.59,4138.53,4138.53,460.9,1908712.3008
2025-08-20 06:26:00+08:00,4138.53,4141.45,4135.09,4136.9,350.62,1450667.0582
2025-08-20 06:27:00+08:00,4136.9,4143.92,4136.53,4143.11,1388.18,5749794.2284
2025-08-20 06:28:00+08:00,4143.11,4146.23,4141.46,4142.2,340.36,1410658.3242
2025-08-20 06:29:00+08:00,4142.2,4142.63,4140.45,4141.83,167.94,695580.0792
2025-08-20 06:30:00+08:00,4141.83,4143.83,4140,4143.73,155.68,644771.8376
2025-08-20 06:31:00+08:00,4143.73,4147.25,4142.84,4146.72,519.68,2154489.2086
2025-08-20 06:32:00+08:00,4146.72,4148.31,4145.95,4148.11,1413.04,5860129.5086
2025-08-20 06:33:00+08:00,4148.11,4148.11,4142.21,4144.89,451.48,1871350.428
2025-08-20 06:34:00+08:00,4144.89,4148.32,4144.88,4148.32,118.16,490013.1962
2025-08-20 06:35:00+08:00,4148.32,4148.32,4142.5,4142.79,768.46,3185762.7012
2025-08-20 06:36:00+08:00,4142.79,4146,4142.79,4144.96,94.22,390538.6302
2025-08-20 06:37:00+08:00,4144.96,4144.96,4134.14,4134.42,783.78,3242781.2394
2025-08-20 06:38:00+08:00,4134.42,4137.6,4133.25,4135.18,597.68,2471529.3626
2025-08-20 06:39:00+08:00,4135.18,4136.81,4134.12,4135.33,321.78,1330733.0178
2025-08-20 06:40:00+08:00,4135.33,4136.6,4131.12,4135.14,1129.32,4667423.0102
2025-08-20 06:41:00+08:00,4135.14,4140,4135.14,4139.11,156.7,648494.1996
2025-08-20 06:42:00+08:00,4139.11,4140.59,4137.32,4138.86,92.18,381543.6624
2025-08-20 06:43:00+08:00,4138.86,4142.79,4138.82,4141.89,360.34,1492237.2544
2025-08-20 06:44:00+08:00,4141.89,4142.84,4138.24,4142.41,254.58,1054343.642
2025-08-20 06:45:00+08:00,4142.41,4142.45,4139.13,4142.45,499.12,2066438.529
2025-08-20 06:46:00+08:00,4142.45,4143.88,4141.1,4142.68,128.64,532965.5466
2025-08-20 06:47:00+08:00,4142.68,4143.24,4136.1,4136.65,146.46,606348.0198
2025-08-20 06:48:00+08:00,4136.65,4137.2,4129.32,4133.59,1184.42,4895203.46
2025-08-20 06:49:00+08:00,4133.59,4133.93,4129.42,4133.16,1205.7,4982043.2174
2025-08-20 06:50:00+08:00,4133.16,4136.14,4131.9,4136.05,614.94,2542507.751
2025-08-20 06:51:00+08:00,4136.05,4137.61,4134.7,4136.36,207,856188.6844
2025-08-20 06:52:00+08:00,4136.36,4139.13,4133.72,4138.73,200.58,829358.4056
2025-08-20 06:53:00+08:00,4138.73,4141.5,4138.4,4140.33,596.44,2469765.5582
2025-08-20 06:54:00+08:00,4140.33,4141.25,4135.35,4135.35,128.08,529912.5204
2025-08-20 06:55:00+08:00,4135.35,4140.98,4135.35,4140.97,466.5,1930776.5228
2025-08-20 06:56:00+08:00,4140.97,4141.28,4138.95,4139.86,337.82,1398636.2094
2025-08-20 06:57:00+08:00,4139.86,4141.31,4132.38,4133.37,471.46,1949935.6164
2025-08-20 06:58:00+08:00,4133.37,4133.99,4130.88,4130.89,803.38,3319767.5324
2025-08-20 06:59:00+08:00,4130.89,4131.17,4128.36,4130.73,467.62,1931223.294
2025-08-20 07:00:00+08:00,4130.73,4134.61,4128.98,4132.66,448.56,1853558.4086
2025-08-20 07:01:00+08:00,4132.66,4132.66,4126.15,4126.15,740.34,3056258.7144
2025-08-20 07:02:00+08:00,4126.15,4128.75,4123.91,4127.47,891.22,3677190.056
2025-08-20 07:03:00+08:00,4127.47,4127.47,4120.15,4120.99,1346.4,5550676.0742
2025-08-20 07:04:00+08:00,4120.99,4122.21,4120,4120.16,1141.46,4703506.3854
2025-08-20 07:05:00+08:00,4120.16,4122.11,4117.47,4117.79,2194.92,9041687.2436
2025-08-20 07:06:00+08:00,4117.79,4120.64,4115.79,4120.39,1920.18,7906771.0936
2025-08-20 07:07:00+08:00,4120.39,4121.2,4115.93,4121.16,1193.14,4914107.5512
2025-08-20 07:08:00+08:00,4121.16,4125.35,4119.58,4119.67,564.96,2328885.505
2025-08-20 07:09:00+08:00,4119.67,4119.67,4115.78,4116.41,784.24,3229147.396
2025-08-20 07:10:00+08:00,4116.41,4118.64,4113.51,4117,1192.94,4909115.8384
2025-08-20 07:11:00+08:00,4117,4117.45,4114.01,4115.95,888.02,3654622.4132
2025-08-20 07:12:00+08:00,4115.95,4121.66,4115.95,4121.65,752.02,3097337.2696
2025-08-20 07:13:00+08:00,4121.65,4124.41,4121.12,4121.76,341.5,1408046.2418
2025-08-20 07:14:00+08:00,4121.76,4124.8,4119.42,4123.74,1841.92,7590817.7676
2025-08-20 07:15:00+08:00,4123.74,4124.4,4114,4115.77,781.86,3218319.02
2025-08-20 07:16:00+08:00,4115.77,4126.56,4115.77,4120.73,1489.92,6144252.1022
2025-08-20 07:17:00+08:00,4120.73,4125.82,4108.94,4125.23,16025.24,65912702.04
2025-08-20 07:18:00+08:00,4125.23,4125.83,4115.75,4117.01,2243.86,9244115.4764
2025-08-20 07:19:00+08:00,4117.01,4118.68,4113.79,4114.79,1559,6416334.3734
2025-08-20 07:20:00+08:00,4114.79,4121.01,4113.42,4120.7,1695.06,6980862.5228
2025-08-20 07:21:00+08:00,4120.7,4129.03,4119.29,4126.34,1252.6,5168375.9594
2025-08-20 07:22:00+08:00,4126.34,4132.6,4126.34,4131.87,1248.44,5156745.9844
2025-08-20 07:23:00+08:00,4131.87,4132.56,4125.31,4126.34,697.1,2877257.731
2025-08-20 07:24:00+08:00,4126.34,4127.76,4110.33,4113.26,5680.6,23374185.38
2025-08-20 07:25:00+08:00,4113.26,4122.16,4113.15,4119.67,4527.82,18647510.8904
2025-08-20 07:26:00+08:00,4119.67,4119.67,4113.23,4114.35,1135.78,4674330.278
2025-08-20 07:27:00+08:00,4114.35,4116.87,4111.32,4112.82,1282.22,5273370.287
2025-08-20 07:28:00+08:00,4112.82,4114.43,4110.08,4111,2158.72,8874887.6916
2025-08-20 07:29:00+08:00,4111,4111.48,4105.24,4107.13,6239.9,25632400.771
2025-08-20 07:30:00+08:00,4107.13,4111.79,4105.54,4108.26,5894.86,24219713.8348
2025-08-20 07:31:00+08:00,4108.26,4109.17,4102.75,4102.89,8393.1,34455231.1624
2025-08-20 07:32:00+08:00,4102.89,4106.9,4100.22,4101.17,4489.18,18422295.5016
2025-08-20 07:33:00+08:00,4101.17,4106.98,4100.66,4106.98,7050.5,28929500.9328
2025-08-20 07:34:00+08:00,4106.98,4113.45,4101.97,4111.93,4279.14,17570182.6526
2025-08-20 07:35:00+08:00,4111.93,4116.74,4109.04,4111.6,4960.54,20407228.8854
2025-08-20 07:36:00+08:00,4111.6,4116.49,4106.35,4106.67,1796.96,7388742.1488
2025-08-20 07:37:00+08:00,4106.67,4107.83,4101.05,4101.3,1656.82,6798135.5452
2025-08-20 07:38:00+08:00,4101.3,4104.39,4086.77,4091.5,28425.12,116323125.4298
2025-08-20 07:39:00+08:00,4091.5,4095,4081.52,4085.55,17419.22,71193397.9212
2025-08-20 07:40:00+08:00,4085.55,4088.84,4079.93,4086.05,10537.64,43030870.1608
2025-08-20 07:41:00+08:00,4086.05,4091.74,4081.22,4082.5,5020.1,20519228.4752
2025-08-20 07:42:00+08:00,4082.5,4089.16,4081.22,4087.14,5138.98,20999586.3232
2025-08-20 07:43:00+08:00,4087.14,4092,4086.61,4091.99,2665.5,10904020.978
2025-08-20 07:44:00+08:00,4091.99,4096,4090.26,4096,4863.5,19911290.0902
2025-08-20 07:45:00+08:00,4096,4096.81,4085.52,4086.2,3244.82,13278960.2896
2025-08-20 07:46:00+08:00,4086.2,4089.59,4084.34,4085.14,5593.12,22857589.9102
2025-08-20 07:47:00+08:00,4085.14,4086.72,4080.05,4080.42,2540.58,10373989.1706
2025-08-20 07:48:00+08:00,4080.42,4083.64,4079.14,4081.14,2628.1,10725137.6414
2025-08-20 07:49:00+08:00,4081.14,4083.62,4078.3,4079.26,1980.02,8078551.6092
2025-08-20 07:50:00+08:00,4079.26,4082.28,4077.77,4077.78,3316.3,13528714.6412
2025-08-20 07:51:00+08:00,4077.78,4080.93,4077,4077.01,2142.06,8736289.626
2025-08-20 07:52:00+08:00,4077.01,4077.54,4071.22,4071.32,9463.94,38563222.4288
2025-08-20 07:53:00+08:00,4071.32,4074.28,4070.22,4072.84,8644.78,35204955.0664
2025-08-20 07:54:00+08:00,4072.84,4077.33,4056.51,4074.48,48847.46,198570554.8164
2025-08-20 07:55:00+08:00,4074.48,4074.8,4070.31,4072.87,5381.84,21916686.08
2025-08-20 07:56:00+08:00,4072.87,4074.58,4067.7,4068.71,2791.34,11366313.1178
2025-08-20 07:57:00+08:00,4068.71,4079,4066.35,4078.99,4455.58,18149829.4604
2025-08-20 07:58:00+08:00,4078.99,4079.73,4070,4070.64,5167.7,21055746.3624
2025-08-20 07:59:00+08:00,4070.64,4078.01,4070.64,4073.66,2713.9,11060152.0568
2025-08-20 08:00:00+08:00,4073.66,4081.92,4073.28,4081.23,6776.68,27632640.4816
2025-08-20 08:01:00+08:00,4081.23,4088.74,4080,4086.8,5733.8,23427744.7808
2025-08-20 08:02:00+08:00,4086.8,4089.82,4085.85,4087.49,3595.6,14700553.0102
2025-08-20 08:03:00+08:00,4087.49,4092,4086.78,4091.87,1744.3,7133603.9908
2025-08-20 08:04:00+08:00,4091.87,4095.09,4090.74,4093.57,2014.28,8244442.9768
2025-08-20 08:05:00+08:00,4093.57,4096.82,4091,4096.43,3308.58,13549915.842
2025-08-20 08:06:00+08:00,4096.43,4097.99,4095.21,4097.99,1947.56,7979285.697
2025-08-20 08:07:00+08:00,4097.99,4099.94,4096.73,4097.83,2631.34,10784868.741
2025-08-20 08:08:00+08:00,4097.83,4099.76,4097.05,4097.4,1565.96,6418826.1284
2025-08-20 08:09:00+08:00,4097.4,4098.71,4095.41,4098.22,1393.54,5709652.429
2025-08-20 08:10:00+08:00,4098.22,4098.22,4091.46,4097.48,1470.9,6023665.4584
2025-08-20 08:11:00+08:00,4097.48,4099.51,4096.13,4099.19,737.28,3021672.6614
2025-08-20 08:12:00+08:00,4099.19,4100.21,4098,4099.08,1325.78,5435198.5602
2025-08-20 08:13:00+08:00,4099.08,4100.27,4094,4097.31,1614.74,6615893.5024
2025-08-20 08:14:00+08:00,4097.31,4098.1,4093.27,4093.65,737.4,3019843.1092
2025-08-20 08:15:00+08:00,4093.65,4100.26,4092.43,4100.26,834.18,3418223.8578
2025-08-20 08:16:00+08:00,4100.26,4100.8,4099.17,4100.01,881.9,3615680.233
2025-08-20 08:17:00+08:00,4100.01,4100.7,4099.71,4100.57,915,3751900.5936
2025-08-20 08:18:00+08:00,4100.57,4100.82,4097,4097,1303.3,5343214.7086
2025-08-20 08:19:00+08:00,4097,4097,4087.11,4091.44,1738.9,7113298.6266
2025-08-20 08:20:00+08:00,4091.44,4096.44,4091.44,4095.12,1058.82,4334371.0712
2025-08-20 08:21:00+08:00,4095.12,4099.34,4091.51,4091.51,658.62,2697568.564
2025-08-20 08:22:00+08:00,4091.51,4095.9,4088.88,4088.89,953.84,3902451.344
2025-08-20 08:23:00+08:00,4088.89,4089.74,4082.62,4082.62,2596.74,10608827.1748
2025-08-20 08:24:00+08:00,4082.62,4086.47,4082.61,4084.15,1092.22,4460724.1728
2025-08-20 08:25:00+08:00,4084.15,4085.17,4073.57,4077,3196.04,13032096.1832
2025-08-20 08:26:00+08:00,4077,4078.96,4075.33,4077.19,1704.46,6949226.051
2025-08-20 08:27:00+08:00,4077.19,4081.72,4076.32,4081.3,1463.74,5970613.4296
2025-08-20 08:28:00+08:00,4081.3,4086.51,4081.25,4085.85,949.74,3879396.2762
2025-08-20 08:29:00+08:00,4085.85,4090,4084,4090,441.16,1803223.3036
2025-08-20 08:30:00+08:00,4090,4093.36,4089.19,4093.36,1037.96,4246384.2314
2025-08-20 08:31:00+08:00,4093.36,4095,4086.96,4086.96,1255.24,5135315.0042
2025-08-20 08:32:00+08:00,4086.96,4086.98,4078.73,4080.99,1450,5916297.0378
2025-08-20 08:33:00+08:00,4080.99,4084.99,4080,4084.81,1083.88,4426293.7318
2025-08-20 08:34:00+08:00,4084.81,4090.52,4083.61,4090.52,870.52,3558043.3494
2025-08-20 08:35:00+08:00,4090.52,4099.71,4089.67,4099.71,2334.64,9562930.6574
2025-08-20 08:36:00+08:00,4099.71,4100.2,4097.65,4099.99,1437.1,5891859.311
2025-08-20 08:37:00+08:00,4099.99,4100.49,4098.02,4099.39,533.28,2186367.626
2025-08-20 08:38:00+08:00,4099.39,4100.5,4098,4099.43,1397.1,5727485.5694
2025-08-20 08:39:00+08:00,4099.43,4100.44,4098.83,4100.31,467.46,1916613.3524
2025-08-20 08:40:00+08:00,4100.31,4108.31,4098.21,4106.88,6985.22,28666771.768
2025-08-20 08:41:00+08:00,4106.88,4113.16,4103.86,4106.36,6289.98,25853048.719
2025-08-20 08:42:00+08:00,4106.36,4112.92,4106.35,4112.91,1458.34,5992749.432
2025-08-20 08:43:00+08:00,4112.91,4113.79,4109,4111,3961.06,16285979.3418
2025-08-20 08:44:00+08:00,4111,4113.02,4109.71,4110.04,695.38,2858991.0568
2025-08-20 08:45:00+08:00,4110.04,4112.1,4105.38,4109.99,5466.46,22472617.8108
2025-08-20 08:46:00+08:00,4109.99,4111.99,4108.08,4111.99,819.18,3366436.183
2025-08-20 08:47:00+08:00,4111.99,4111.99,4107,4107.01,571.36,2348523.944
2025-08-20 08:48:00+08:00,4107.01,4108.46,4103,4103.7,841,3453377.233
2025-08-20 08:49:00+08:00,4103.7,4108.36,4103.7,4107.53,733.18,3011723.9248
2025-08-20 08:50:00+08:00,4107.53,4109.84,4103.43,4103.43,2039.24,8371723.4308
2025-08-20 08:51:00+08:00,4103.43,4107,4101.84,4107,565.92,2322100.1954
2025-08-20 08:52:00+08:00,4107,4109.98,4107,4109.62,374.48,1538590.1182
2025-08-20 08:53:00+08:00,4109.62,4110.19,4107.7,4107.92,766.14,3148141.5012
2025-08-20 08:54:00+08:00,4107.92,4107.92,4103.58,4104.2,825.22,3387254.907
2025-08-20 08:55:00+08:00,4104.2,4109.97,4104.19,4109.91,356.02,1462156.5346
2025-08-20 08:56:00+08:00,4109.91,4110.82,4107.88,4110.44,344.34,1415058.76
2025-08-20 08:57:00+08:00,4110.44,4111.12,4108.08,4109.5,479.36,1970382.1716
2025-08-20 08:58:00+08:00,4109.5,4111.81,4104.71,4105.11,1130.76,4644161.5834
2025-08-20 08:59:00+08:00,4105.11,4105.97,4102.62,4102.8,330.7,1357291.2978
2025-08-20 09:00:00+08:00,4102.8,4108.16,4102.8,4106.33,324.56,1332530.2532
2025-08-20 09:01:00+08:00,4106.33,4113.83,4106.02,4113.83,803.48,3302318.9822
2025-08-20 09:02:00+08:00,4113.83,4116,4112.59,4114.63,597.78,2459582.8022
2025-08-20 09:03:00+08:00,4114.63,4117.37,4113.6,4115.62,1388.76,5715406.174
2025-08-20 09:04:00+08:00,4115.62,4117.01,4113.88,4117,561.44,2310549.3418
2025-08-20 09:05:00+08:00,4117,4118.55,4115.32,4118.54,672.28,2767894.4172
2025-08-20 09:06:00+08:00,4118.54,4120.76,4118.41,4120.65,2169.34,8937263.3606
2025-08-20 09:07:00+08:00,4120.65,4120.94,4114.67,4114.67,4211.48,17341500.7152
2025-08-20 09:08:00+08:00,4114.67,4114.67,4108.86,4111.34,1084.76,4459699.9584
2025-08-20 09:09:00+08:00,4111.34,4111.99,4104.88,4106.85,1495.28,6142315.0026
2025-08-20 09:10:00+08:00,4106.85,4107.16,4093.73,4095.43,3014.1,12350882.7652
2025-08-20 09:11:00+08:00,4095.43,4098.87,4095.43,4098.87,2009.62,8234164.4478
2025-08-20 09:12:00+08:00,4098.87,4102.49,4098.87,4102.49,1233.16,5057124.147
2025-08-20 09:13:00+08:00,4102.49,4103.16,4095.72,4095.96,2744.08,11246487.1484
2025-08-20 09:14:00+08:00,4095.96,4101.58,4095.96,4101.24,840.92,3446802.616
2025-08-20 09:15:00+08:00,4101.24,4102.71,4096.79,4096.8,799.5,3278073.7592
2025-08-20 09:16:00+08:00,4096.8,4098.03,4093.86,4097.02,1078.14,4416058.7312
2025-08-20 09:17:00+08:00,4097.02,4097.49,4090.87,4090.87,2981.18,12203591.771
2025-08-20 09:18:00+08:00,4090.87,4096.46,4088.98,4096.46,1507.56,6167235.0124
2025-08-20 09:19:00+08:00,4096.46,4103.33,4095,4103.18,1845.12,7564496.9166
2025-08-20 09:20:00+08:00,4103.18,4105.81,4100.1,4102.17,855.48,3510235.0946
2025-08-20 09:21:00+08:00,4102.17,4113,4101.6,4112.15,1371.48,5636108.7934
2025-08-20 09:22:00+08:00,4112.15,4114.56,4105.07,4106.98,2881.24,11846635.5458
2025-08-20 09:23:00+08:00,4106.98,4107.38,4102.21,4102.88,1109.18,4553903.6768
2025-08-20 09:24:00+08:00,4102.88,4103.75,4097.45,4097.97,500.4,2051437.6164
2025-08-20 09:25:00+08:00,4097.97,4101.51,4094.02,4100.25,857.92,3515073.6738
2025-08-20 09:26:00+08:00,4100.25,4101.08,4094.57,4094.77,858.96,3519942.0424
2025-08-20 09:27:00+08:00,4094.77,4097.49,4091,4091.54,849.14,3475514.8862
2025-08-20 09:28:00+08:00,4091.54,4096.42,4091,4092.33,1705.1,6980401.3462
2025-08-20 09:29:00+08:00,4092.33,4092.88,4088.88,4091.43,942.94,3856303.0944
2025-08-20 09:30:00+08:00,4091.43,4093.41,4082.34,4082.87,6811.96,27842323.438
2025-08-20 09:31:00+08:00,4082.87,4084.99,4076.54,4079.27,3641.44,14854494.0506
2025-08-20 09:32:00+08:00,4079.27,4081.11,4074.26,4081.11,4173.66,17015183.9428
2025-08-20 09:33:00+08:00,4081.11,4086.15,4080.17,4082.37,7214.56,29452598.0946
2025-08-20 09:34:00+08:00,4082.37,4088,4082.24,4085.74,8336.36,34053022.3312
2025-08-20 09:35:00+08:00,4085.74,4089.63,4082.94,4085.4,2822.72,11532153.709
2025-08-20 09:36:00+08:00,4085.4,4088.45,4084.57,4085,1403.32,5734489.2056
2025-08-20 09:37:00+08:00,4085,4085,4078.38,4078.38,2464.6,10060888.8386
2025-08-20 09:38:00+08:00,4078.38,4078.39,4060.23,4064.2,28880.58,117502128.2454
2025-08-20 09:39:00+08:00,4064.2,4070.41,4063.89,4067.99,4925.42,20038744.1894
2025-08-20 09:40:00+08:00,4067.99,4075.94,4067.99,4072.89,3165,12887261.5568
2025-08-20 09:41:00+08:00,4072.89,4074.39,4068.26,4068.56,2982.88,12144040.645
2025-08-20 09:42:00+08:00,4068.56,4075.63,4068.55,4074.09,2630.22,10714002.0332
2025-08-20 09:43:00+08:00,4074.09,4077,4072.81,4077,1843.44,7509900.386
2025-08-20 09:44:00+08:00,4077,4077,4074.23,4074.72,959.84,3911825.3956
2025-08-20 09:45:00+08:00,4074.72,4079.05,4074.65,4078.27,2014.8,8216269.4004
2025-08-20 09:46:00+08:00,4078.27,4084.04,4077.61,4078.47,3761.1,15352170.0336
2025-08-20 09:47:00+08:00,4078.47,4084.86,4078.47,4082.62,1192.26,4867922.0246
2025-08-20 09:48:00+08:00,4082.62,4095.07,4078.36,4093.79,10319.48,42189177.8458
2025-08-20 09:49:00+08:00,4093.79,4099.45,4090.66,4098.27,3727.98,15262754.458
2025-08-20 09:50:00+08:00,4098.27,4111.11,4097.89,4110.09,5370.88,22057766.512
2025-08-20 09:51:00+08:00,4110.09,4112.55,4107.04,4112.54,2393.76,9838407.7654
2025-08-20 09:52:00+08:00,4112.54,4115.77,4108.24,4114.1,5117.14,21042640.1726
2025-08-20 09:53:00+08:00,4114.1,4117.48,4109.31,4109.35,4386.06,18041132.0694
2025-08-20 09:54:00+08:00,4109.35,4115,4107.59,4113.42,1709.46,7031058.1926
2025-08-20 09:55:00+08:00,4113.42,4119.5,4111.44,4118.86,2191.26,9022470.628
2025-08-20 09:56:00+08:00,4118.86,4118.86,4115.62,4115.67,1843.22,7588876.848
2025-08-20 09:57:00+08:00,4115.67,4117,4108.67,4108.73,1230.26,5060647.2124
2025-08-20 09:58:00+08:00,4108.73,4109.36,4105.08,4106.81,3731.42,15326419.5288
2025-08-20 09:59:00+08:00,4106.81,4108.42,4105.86,4108.34,1256.52,5160849.8918
2025-08-20 10:00:00+08:00,4108.34,4110.75,4106.02,4110.73,5529.54,22717781.1792
2025-08-20 10:01:00+08:00,4110.73,4112.44,4109.03,4111.27,731.42,3006976.5918
2025-08-20 10:02:00+08:00,4111.27,4112.5,4104.28,4110,3100.42,12733590.0842
2025-08-20 10:03:00+08:00,4110,4111.8,4107.53,4108.74,1106.48,4547346.5052
2025-08-20 10:04:00+08:00,4108.74,4111,4103.78,4106.81,9594.5,39412260.4452
2025-08-20 10:05:00+08:00,4106.81,4110.89,4106.81,4108.86,4521.36,18581016.6636
2025-08-20 10:06:00+08:00,4108.86,4117.46,4108.01,4117.44,3637.32,14959949.781
2025-08-20 10:07:00+08:00,4117.44,4122.83,4115.71,4120.62,2598.24,10706445.7908
2025-08-20 10:08:00+08:00,4120.62,4120.62,4116.98,4118.5,1661.08,6841244.0072
2025-08-20 10:09:00+08:00,4118.5,4118.5,4108,4111.7,1181.8,4860184.8492
2025-08-20 10:10:00+08:00,4111.7,4117.21,4111.69,4117.21,372.24,1531388.563
2025-08-20 10:11:00+08:00,4117.21,4120,4116.51,4118.45,452.4,1863278.4786
2025-08-20 10:12:00+08:00,4118.45,4119.46,4117.43,4119.46,310.32,1278174.1888
2025-08-20 10:13:00+08:00,4119.46,4122.84,4118.44,4121.92,746.92,3077778.614
2025-08-20 10:14:00+08:00,4121.92,4132,4120.8,4131.99,10445.02,43116056.3226
2025-08-20 10:15:00+08:00,4131.99,4133.56,4128.57,4129.25,2443.34,10094028.1512
2025-08-20 10:16:00+08:00,4129.25,4132,4127.1,4132,1355.94,5598479.7334
2025-08-20 10:17:00+08:00,4132,4132.06,4127.6,4129.36,1008.2,4164581.965
2025-08-20 10:18:00+08:00,4129.36,4133,4128,4128,578.32,2388534.2052
2025-08-20 10:19:00+08:00,4128,4129,4126.9,4129,477.92,1972848.6704
2025-08-20 10:20:00+08:00,4129,4132.53,4128.88,4129.44,1062.5,4389098.581
2025-08-20 10:21:00+08:00,4129.44,4129.99,4125.19,4125.58,1079.14,4454256.7038
2025-08-20 10:22:00+08:00,4125.58,4132.98,4125.41,4129.62,843.78,3484294.1446
2025-08-20 10:23:00+08:00,4129.62,4135.98,4129.62,4135.54,1423.06,5882635.3098
2025-08-20 10:24:00+08:00,4135.54,4136.45,4134.09,4134.11,1342.44,5551184.1622
2025-08-20 10:25:00+08:00,4134.11,4136.44,4134,4136.44,568.46,2350453.9802
2025-08-20 10:26:00+08:00,4136.44,4137.46,4133.59,4136.21,1264.8,5230812.0016
2025-08-20 10:27:00+08:00,4136.21,4136.21,4132,4132,974.86,4030036.846
2025-08-20 10:28:00+08:00,4132,4133.78,4130.28,4133.58,703.52,2906414.3916
2025-08-20 10:29:00+08:00,4133.58,4134.84,4132.78,4134.42,406.88,1681958.475
2025-08-20 10:30:00+08:00,4134.42,4136.28,4132.76,4135.69,416.22,1720792.9218
2025-08-20 10:31:00+08:00,4135.69,4135.69,4127,4131.1,6967.82,28777097.7596
2025-08-20 10:32:00+08:00,4131.1,4133.22,4128.67,4131.71,2401.42,9921049.0758
2025-08-20 10:33:00+08:00,4131.71,4133.51,4127.01,4127.01,1899.84,7848331.2034
2025-08-20 10:34:00+08:00,4127.01,4128.04,4125.16,4126.66,854.4,3525833.4674
2025-08-20 10:35:00+08:00,4126.66,4130.71,4126.21,4130.71,305.9,1262711.9868
2025-08-20 10:36:00+08:00,4130.71,4132.76,4126.9,4126.9,1291.54,5334959.9038
2025-08-20 10:37:00+08:00,4126.9,4129.29,4126.25,4126.63,993.76,4102053.3188
2025-08-20 10:38:00+08:00,4126.63,4127.8,4122.8,4123.48,1246.3,5141549.8274
2025-08-20 10:39:00+08:00,4123.48,4126.45,4123.47,4124.39,278.28,1148050.602
2025-08-20 10:40:00+08:00,4124.39,4124.39,4120.87,4123.1,1212.56,4999289.6664
2025-08-20 10:41:00+08:00,4123.1,4127.87,4123.1,4126.02,312.72,1290294.0506
2025-08-20 10:42:00+08:00,4126.02,4128.07,4125.17,4127.94,92.22,380533.24
2025-08-20 10:43:00+08:00,4127.94,4128.89,4125.89,4127.86,190.8,787482.8372
2025-08-20 10:44:00+08:00,4127.86,4131.91,4127.86,4129.83,1352.42,5585359.7584
2025-08-20 10:45:00+08:00,4129.83,4131.55,4128.9,4130.19,564.96,2333259.1984
2025-08-20 10:46:00+08:00,4130.19,4132,4127.51,4128.37,833.94,3444384.7812
2025-08-20 10:47:00+08:00,4128.37,4130.48,4124.05,4126.97,631.32,2605939.0212
2025-08-20 10:48:00+08:00,4126.97,4130.44,4125.25,4126.12,2314.48,9555791.4134
2025-08-20 10:49:00+08:00,4126.12,4127.77,4124.6,4125.71,388.12,1601574.5378
2025-08-20 10:50:00+08:00,4125.71,4126.33,4124.39,4126.33,1727.12,7125655.4816
2025-08-20 10:51:00+08:00,4126.33,4132,4125.45,4132,660.2,2725676.2608
2025-08-20 10:52:00+08:00,4132,4135.79,4131.74,4135.78,887.7,3668787.7946
2025-08-20 10:53:00+08:00,4135.78,4136,4133.55,4134.15,387.4,1602005.6004
2025-08-20 10:54:00+08:00,4134.15,4135.54,4133.2,4135.53,229.34,948080.1998
2025-08-20 10:55:00+08:00,4135.53,4136.19,4132.61,4135.18,793.5,3280724.1914
2025-08-20 10:56:00+08:00,4135.18,4140,4134.6,4138.59,1721.88,7126062.4756
2025-08-20 10:57:00+08:00,4138.59,4139.4,4136.79,4139.4,753.52,3117935.0152
2025-08-20 10:58:00+08:00,4139.4,4140.55,4137.3,4139.95,1780.24,7369320.2426
2025-08-20 10:59:00+08:00,4139.95,4140.01,4133.79,4135.66,1005.48,4159884.5072
2025-08-20 11:00:00+08:00,4135.66,4137.82,4135.32,4137.18,907.74,3755167.7886
2025-08-20 11:01:00+08:00,4137.18,4142.44,4136.96,4142.43,926.58,3836833.6504
2025-08-20 11:02:00+08:00,4142.43,4144.87,4142.43,4144.86,1193.28,4944659.7684
2025-08-20 11:03:00+08:00,4144.86,4147.62,4143.68,4143.68,2272.16,9420044.5522
2025-08-20 11:04:00+08:00,4143.68,4145.62,4142.61,4145.61,2685.3,11126822.6132
2025-08-20 11:05:00+08:00,4145.61,4145.61,4137.39,4137.39,1223.6,5066857.0214
2025-08-20 11:06:00+08:00,4137.39,4139.12,4135.87,4135.88,704.48,2914397.0986
2025-08-20 11:07:00+08:00,4135.88,4140,4134.06,4138.23,458.38,1896489.8082
2025-08-20 11:08:00+08:00,4138.23,4142,4138.23,4141.4,738.94,3059671.6232
2025-08-20 11:09:00+08:00,4141.4,4141.53,4137.91,4137.91,526.78,2180708.1206
2025-08-20 11:10:00+08:00,4137.91,4138.77,4132.51,4133.52,587.76,2430155.6806
2025-08-20 11:11:00+08:00,4133.52,4135.41,4130.18,4131.51,549.02,2268797.46
2025-08-20 11:12:00+08:00,4131.51,4135,4131.51,4134.49,685.82,2834690.0448
2025-08-20 11:13:00+08:00,4134.49,4135.73,4132.37,4132.95,120.08,496397.2218
2025-08-20 11:14:00+08:00,4132.95,4133.21,4130.01,4131.08,859.32,3550445.4312
2025-08-20 11:15:00+08:00,4131.08,4133.38,4129.09,4129.3,836.14,3454032.2582
2025-08-20 11:16:00+08:00,4129.3,4131.99,4126.32,4131.99,1366.68,5642021.167
2025-08-20 11:17:00+08:00,4131.99,4134.77,4126.81,4129.47,2190.08,9047942.8472
2025-08-20 11:18:00+08:00,4129.47,4132.62,4128.63,4132.62,269.58,1113451.8082
2025-08-20 11:19:00+08:00,4132.62,4137.27,4132.61,4137.14,771.1,3189388.4424
2025-08-20 11:20:00+08:00,4137.14,4142,4137.14,4142,1071.36,4435934.5264
2025-08-20 11:21:00+08:00,4142,4144.08,4141.45,4141.46,1094.04,4532274.9078
2025-08-20 11:22:00+08:00,4141.46,4143.23,4138.82,4139.2,554.76,2297644.6266
2025-08-20 11:23:00+08:00,4139.2,4142.68,4138.77,4142.68,175.16,725104.6758
2025-08-20 11:24:00+08:00,4142.68,4144.57,4142.6,4144.5,936.8,3882157.7146
2025-08-20 11:25:00+08:00,4144.5,4144.85,4140.88,4140.88,709.3,2939541.7416
2025-08-20 11:26:00+08:00,4140.88,4144.47,4140.23,4144.47,118.38,490444.8932
2025-08-20 11:27:00+08:00,4144.47,4148.26,4142.86,4148.26,783.48,3247836.7294
2025-08-20 11:28:00+08:00,4148.26,4150.92,4147.06,4148.37,10555.9,43802969.5172
2025-08-20 11:29:00+08:00,4148.37,4149.54,4145.79,4149.52,991.5,4112325.0908
2025-08-20 11:30:00+08:00,4149.52,4152,4147.64,4151.43,1439.16,5973449.7902
2025-08-20 11:31:00+08:00,4151.43,4152.03,4148.98,4152.01,1435.76,5959177.1166
2025-08-20 11:32:00+08:00,4152.01,4154.86,4151.55,4154.32,2317.8,9625894.6318
2025-08-20 11:33:00+08:00,4154.32,4155.28,4152.96,4153.73,2276.06,9455961.8096
2025-08-20 11:34:00+08:00,4153.73,4156.52,4152.21,4156,1666,6923202.5488
2025-08-20 11:35:00+08:00,4156,4156.21,4150.83,4152.56,1563.32,6492706.9724
2025-08-20 11:36:00+08:00,4152.56,4152.56,4148.43,4149.28,967.52,4015221.7744
2025-08-20 11:37:00+08:00,4149.28,4150.32,4145.01,4146.4,1589.96,6595397.6164
2025-08-20 11:38:00+08:00,4146.4,4148.15,4143.49,4144.03,1556.48,6452442.0702
2025-08-20 11:39:00+08:00,4144.03,4144.03,4138.66,4143.34,3989.34,16520432.1922
2025-08-20 11:40:00+08:00,4143.34,4144.15,4141.99,4144.13,323.24,1339325.4766
2025-08-20 11:41:00+08:00,4144.13,4144.14,4139.21,4139.94,817.3,3384569.558
2025-08-20 11:42:00+08:00,4139.94,4141.29,4137.16,4138.76,1105.14,4574045.4936
2025-08-20 11:43:00+08:00,4138.76,4139.5,4135.44,4135.44,549.56,2273727.0972
2025-08-20 11:44:00+08:00,4135.44,4141.42,4135.44,4141.42,948.52,3925149.3642
2025-08-20 11:45:00+08:00,4141.42,4141.42,4138.06,4140.82,915.96,3791670.0904
2025-08-20 11:46:00+08:00,4140.82,4140.82,4136.4,4137.33,232.98,963959.5424
2025-08-20 11:47:00+08:00,4137.33,4139.26,4135.33,4136.28,203.36,841359.8682
2025-08-20 11:48:00+08:00,4136.28,4142.87,4135.86,4142.57,964.8,3994279.583
2025-08-20 11:49:00+08:00,4142.57,4142.59,4139.01,4142.44,454.74,1883426.1914
2025-08-20 11:50:00+08:00,4142.44,4143.47,4139.28,4139.28,401.06,1660749.349
2025-08-20 11:51:00+08:00,4139.28,4140.81,4135.87,4138.88,629.62,2605425.14
2025-08-20 11:52:00+08:00,4138.88,4139.91,4137.33,4139.29,121.4,502435.3884
2025-08-20 11:53:00+08:00,4139.29,4139.29,4135.25,4136.77,848.74,3511360.5252
2025-08-20 11:54:00+08:00,4136.77,4138.99,4136.29,4138.99,581.68,2406996.013
2025-08-20 11:55:00+08:00,4138.99,4141.23,4138.99,4139.18,409.88,1696963.0578
2025-08-20 11:56:00+08:00,4139.18,4143.11,4138.47,4141.92,311.8,1291450.0458
2025-08-20 11:57:00+08:00,4141.92,4142.14,4141.32,4141.32,297.6,1232538.1302
2025-08-20 11:58:00+08:00,4141.32,4142.15,4140.15,4140.38,95.76,396597.93
2025-08-20 11:59:00+08:00,4140.38,4140.38,4138.13,4139.11,127.54,527879.5124
2025-08-20 12:00:00+08:00,4139.11,4140.91,4137.38,4137.6,214.08,886097.562
2025-08-20 12:01:00+08:00,4137.6,4142.58,4137.4,4142.21,470.5,1947145.3374
2025-08-20 12:02:00+08:00,4142.21,4147.68,4141.79,4147.3,981.38,4068664.8088
2025-08-20 12:03:00+08:00,4147.3,4151.25,4145.9,4150.49,3499.62,14520161.4734
2025-08-20 12:04:00+08:00,4150.49,4151.81,4148.28,4151.18,1953.44,8106392.1626
2025-08-20 12:05:00+08:00,4151.18,4152.07,4148.14,4151.75,1536.74,6378178.0882
2025-08-20 12:06:00+08:00,4151.75,4154.89,4151.04,4154.42,1464.44,6081191.424
2025-08-20 12:07:00+08:00,4154.42,4156.17,4154.04,4154.43,1148.6,4772378.019
2025-08-20 12:08:00+08:00,4154.43,4161.38,4153.07,4157.1,10801.82,44922626.863
2025-08-20 12:09:00+08:00,4157.1,4157.96,4155.25,4155.25,2950.78,12266032.452
2025-08-20 12:10:00+08:00,4155.25,4155.84,4152.37,4155.42,939.98,3904677.792
2025-08-20 12:11:00+08:00,4155.42,4155.65,4152.43,4152.56,487.06,2023082.5348
2025-08-20 12:12:00+08:00,4152.56,4153.84,4152,4152.45,332,1378650.064
2025-08-20 12:13:00+08:00,4152.45,4152.45,4150.78,4152.44,318.7,1323101.057
2025-08-20 12:14:00+08:00,4152.44,4154.52,4150.95,4154.33,250.3,1039435.7978
2025-08-20 12:15:00+08:00,4154.33,4154.33,4150.54,4151.79,1098.96,4562492.4496
2025-08-20 12:16:00+08:00,4151.79,4155.36,4151.79,4155.36,523.88,2176358.163
2025-08-20 12:17:00+08:00,4155.36,4159,4155.36,4159,707.32,2941123.4894
2025-08-20 12:18:00+08:00,4159,4160.95,4158.08,4160.09,752.22,3128991.1886
2025-08-20 12:19:00+08:00,4160.09,4161.47,4158.31,4160.37,992.54,4128979.0744
2025-08-20 12:20:00+08:00,4160.37,4161.48,4158.76,4161.48,764.84,3181399.7512
2025-08-20 12:21:00+08:00,4161.48,4164.99,4159.43,4160.71,2282.82,9502025.4362
2025-08-20 12:22:00+08:00,4160.71,4163.45,4159.29,4163.45,1295.82,5392342.7148
2025-08-20 12:23:00+08:00,4163.45,4163.45,4162.11,4163.03,390.28,1624547.3032
2025-08-20 12:24:00+08:00,4163.03,4164.64,4162.33,4162.33,1730.52,7205139.9842
2025-08-20 12:25:00+08:00,4162.33,4162.35,4159.46,4160.08,426.02,1772742.91
2025-08-20 12:26:00+08:00,4160.08,4164.47,4160.08,4164.35,411.88,1714915.0538
2025-08-20 12:27:00+08:00,4164.35,4164.49,4164,4164.42,327.52,1363878.7098
2025-08-20 12:28:00+08:00,4164.42,4166.88,4164.3,4164.47,917.94,3823740.7832
2025-08-20 12:29:00+08:00,4164.47,4167.97,4162.13,4163.21,2074.94,8643230.5492
2025-08-20 12:30:00+08:00,4163.21,4166.67,4163.21,4165.84,962.56,4009607.4694
2025-08-20 12:31:00+08:00,4165.84,4167.99,4165.01,4167.98,783.96,3266613.487
2025-08-20 12:32:00+08:00,4167.98,4170.78,4167.55,4170.16,1907.44,7952361.3556
2025-08-20 12:33:00+08:00,4170.16,4173.09,4170.16,4172.24,2422.96,10107641.2246
2025-08-20 12:34:00+08:00,4172.24,4173.37,4170.18,4173.1,1271.96,5306336.9332
2025-08-20 12:35:00+08:00,4173.1,4177.75,4170.16,4172.76,7734.06,32287722.2566
2025-08-20 12:36:00+08:00,4172.76,4172.76,4161.72,4166.17,2029.34,8451629.6774
2025-08-20 12:37:00+08:00,4166.17,4168.61,4161.97,4162.48,9447.12,39352153.2336
2025-08-20 12:38:00+08:00,4162.48,4163.83,4159.1,4160.62,3917.28,16300874.5772
2025-08-20 12:39:00+08:00,4160.62,4160.64,4158.11,4159.68,3460.3,14392433.8236
2025-08-20 12:40:00+08:00,4159.68,4162.3,4155,4155.62,2325.38,9667147.9902
2025-08-20 12:41:00+08:00,4155.62,4158.29,4155.44,4157.2,785.26,3264498.3422
2025-08-20 12:42:00+08:00,4157.2,4164.52,4157.05,4162.7,950.92,3956681.5106
2025-08-20 12:43:00+08:00,4162.7,4163.94,4160.61,4160.61,733.46,3053066.7068
2025-08-20 12:44:00+08:00,4160.61,4161.88,4159.43,4161.04,276.06,1148483.8576
2025-08-20 12:45:00+08:00,4161.04,4161.35,4158.28,4158.28,360.78,1500938.8988
2025-08-20 12:46:00+08:00,4158.28,4158.99,4155.97,4156.29,1036.7,4309310.0196
2025-08-20 12:47:00+08:00,4156.29,4158.4,4156.06,4156.48,675.22,2806708.6732
2025-08-20 12:48:00+08:00,4156.48,4158.47,4156.48,4158.46,640.54,2663273.6872
2025-08-20 12:49:00+08:00,4158.46,4162.41,4158.46,4161.84,581.8,2420650.9778
2025-08-20 12:50:00+08:00,4161.84,4167.03,4161.84,4166.84,721.28,3003538.4296
2025-08-20 12:51:00+08:00,4166.84,4167.86,4165.29,4167.85,487.48,2031007.8334
2025-08-20 12:52:00+08:00,4167.85,4170.3,4167.85,4169.3,861.8,3592636.148
2025-08-20 12:53:00+08:00,4169.3,4169.51,4167.39,4167.5,441.66,1841226.455
2025-08-20 12:54:00+08:00,4167.5,4168.52,4165.28,4165.66,481.44,2005896.1306
2025-08-20 12:55:00+08:00,4165.66,4166.11,4165,4165.82,394.86,1644673.9782
2025-08-20 12:56:00+08:00,4165.82,4167.48,4165.29,4167.48,80.74,336422.0102
2025-08-20 12:57:00+08:00,4167.48,4167.64,4165.25,4167.64,93.94,391379.1948
2025-08-20 12:58:00+08:00,4167.64,4167.79,4165.57,4165.57,159.68,665253.2372
2025-08-20 12:59:00+08:00,4165.57,4168.5,4165.27,4167.8,347.12,1446706.419
2025-08-20 13:00:00+08:00,4167.8,4170,4166.69,4168.96,488.72,2037111.854
2025-08-20 13:01:00+08:00,4168.96,4169.09,4166.59,4168.39,458.06,1909259.4796
2025-08-20 13:02:00+08:00,4168.39,4168.7,4165.15,4166.54,606.36,2526363.0244
2025-08-20 13:03:00+08:00,4166.54,4168.2,4164.08,4167.9,356.44,1484739.5098
2025-08-20 13:04:00+08:00,4167.9,4168.98,4166.53,4167.26,676.84,2820805.0586
2025-08-20 13:05:00+08:00,4167.26,4169.99,4167.16,4167.16,369.84,1541609.7324
2025-08-20 13:06:00+08:00,4167.16,4167.16,4163.29,4163.54,842.52,3508406.4396
2025-08-20 13:07:00+08:00,4163.54,4165.41,4161.41,4161.63,421.62,1754935.168
2025-08-20 13:08:00+08:00,4161.63,4164.22,4161.14,4163.47,207.92,865410.1508
2025-08-20 13:09:00+08:00,4163.47,4164.36,4162.17,4162.4,206.62,860254.056
2025-08-20 13:10:00+08:00,4162.4,4162.54,4158.7,4158.7,518.78,2158357.8602
2025-08-20 13:11:00+08:00,4158.7,4158.71,4157.5,4157.5,440.82,1833103.02
2025-08-20 13:12:00+08:00,4157.5,4157.89,4156,4157.07,463.5,1926727.7408
2025-08-20 13:13:00+08:00,4157.07,4160,4154.9,4158.51,2132.34,8863079.93
2025-08-20 13:14:00+08:00,4158.51,4161,4158.51,4159.32,464.94,1934129.0406
2025-08-20 13:15:00+08:00,4159.32,4163.49,4158.85,4162.47,377.98,1573015.0174
2025-08-20 13:16:00+08:00,4162.47,4162.47,4157.1,4157.1,217.82,906506.5478
2025-08-20 13:17:00+08:00,4157.1,4159.08,4156.43,4158.6,313.7,1304195.2718
2025-08-20 13:18:00+08:00,4158.6,4158.71,4154.4,4154.41,306.44,1273681.0862
2025-08-20 13:19:00+08:00,4154.41,4155.69,4152.2,4152.7,1170.48,4861741.0766
2025-08-20 13:20:00+08:00,4152.7,4154.78,4152.7,4153.17,860.7,3575268.4136
2025-08-20 13:21:00+08:00,4153.17,4155,4152.22,4153.87,490.92,2038683.7904
2025-08-20 13:22:00+08:00,4153.87,4159.1,4153.83,4158.19,972.76,4043774.477
2025-08-20 13:23:00+08:00,4158.19,4160,4157.27,4160,724.16,3011079.0692
2025-08-20 13:24:00+08:00,4160,4160.77,4158.36,4159.33,185.82,772967.5922
2025-08-20 13:25:00+08:00,4159.33,4160.78,4158.17,4159.3,837.56,3483489.0804
2025-08-20 13:26:00+08:00,4159.3,4159.3,4156.43,4156.43,230.96,960261.9652
2025-08-20 13:27:00+08:00,4156.43,4160.72,4156.38,4160.72,142.58,592925.715
2025-08-20 13:28:00+08:00,4160.72,4162,4160.25,4160.65,207.42,863076.3572
2025-08-20 13:29:00+08:00,4160.65,4160.65,4160,4160,64.72,269250.5852
2025-08-20 13:30:00+08:00,4160,4160.08,4156.4,4156.45,293.24,1219066.4284
2025-08-20 13:31:00+08:00,4156.45,4159.39,4156.45,4157.61,182.44,758673.0966
2025-08-20 13:32:00+08:00,4157.61,4161.33,4157,4161.32,292.96,1218585.188
2025-08-20 13:33:00+08:00,4161.32,4162,4158.67,4159.87,214.12,890781.1806
2025-08-20 13:34:00+08:00,4159.87,4165,4159.87,4165,768.26,3198704.1468
2025-08-20 13:35:00+08:00,4165,4167,4159.33,4159.34,2847.54,11861776.5056
2025-08-20 13:37:00+08:00,4165.08,4165.54,4164.33,4165.54,559.44,2330161.6608
2025-08-20 13:38:00+08:00,4165.54,4167.32,4165.52,4166.78,820.18,3416716.947
2025-08-20 13:39:00+08:00,4166.78,4166.78,4165.01,4166.08,335.06,1395808.439
2025-08-20 13:40:00+08:00,4166.08,4166.99,4165.66,4165.81,145.84,607596.6134
2025-08-20 13:41:00+08:00,4165.81,4168.42,4165.8,4167.21,1052.16,4383958.3986
2025-08-20 13:42:00+08:00,4167.21,4167.54,4166,4166.5,327.34,1363897.1182
2025-08-20 13:43:00+08:00,4166.5,4166.5,4164.37,4165.26,461.08,1920442.4018
2025-08-20 13:44:00+08:00,4165.26,4166.9,4165.26,4166.9,485.86,2024325.1188
2025-08-20 13:45:00+08:00,4166.9,4167.45,4163.8,4164.47,369.84,1540752.0086
2025-08-20 13:46:00+08:00,4164.47,4169.21,4164.46,4166.72,409.46,1706665.7272
2025-08-20 13:47:00+08:00,4166.72,4169,4166.72,4168.99,230.56,960932.582
2025-08-20 13:48:00+08:00,4168.99,4170.92,4168.99,4170.92,1143.5,4768319.7392
2025-08-20 13:49:00+08:00,4170.92,4171.49,4169.52,4170.76,355.72,1483557.3576
2025-08-20 13:50:00+08:00,4170.76,4171.95,4170.76,4171.45,219.56,915893.4842
2025-08-20 13:51:00+08:00,4171.45,4172.23,4170.01,4170.83,1533.12,6395390.144
2025-08-20 13:52:00+08:00,4170.83,4173.19,4170.53,4172.54,379.72,1584304.554
2025-08-20 13:53:00+08:00,4172.54,4174.47,4171.25,4174.46,1188.68,4961178.373
2025-08-20 13:54:00+08:00,4174.46,4174.66,4173.39,4174.19,1090.96,4553944.1142
2025-08-20 13:55:00+08:00,4174.19,4176.26,4172.17,4174.81,1089.3,4547551.5094
2025-08-20 13:56:00+08:00,4174.81,4177.4,4174.81,4177.39,561.44,2344838.4666
2025-08-20 13:57:00+08:00,4177.39,4180,4175.51,4179.12,3821.72,15970141.321
2025-08-20 13:58:00+08:00,4179.12,4179.66,4177.47,4178.6,1578.9,6597992.3422
2025-08-20 13:59:00+08:00,4178.6,4181.92,4178.12,4180.55,1676.44,7007965.9776
2025-08-20 14:00:00+08:00,4180.55,4182.34,4178.8,4178.8,1273.46,5324138.5706
2025-08-20 14:01:00+08:00,4178.8,4180.69,4176.7,4179.77,910.38,3803915.4716
2025-08-20 14:02:00+08:00,4179.77,4183.51,4178.68,4183.51,657.56,2749921.2986
2025-08-20 14:03:00+08:00,4183.51,4185.38,4181.7,4183.35,2334.62,9768678.9958
2025-08-20 14:04:00+08:00,4183.35,4183.35,4178,4181.01,1087.34,4544242.1526
2025-08-20 14:05:00+08:00,4181.01,4181.02,4176.7,4176.85,531.34,2220065.947
2025-08-20 14:06:00+08:00,4176.85,4179.77,4176.69,4179.41,1814.52,7580410.6036
2025-08-20 14:07:00+08:00,4179.41,4179.42,4175.41,4176.99,724.14,3024637.719
2025-08-20 14:08:00+08:00,4176.99,4179,4176.08,4178.4,1371.62,5729280.4428
2025-08-20 14:09:00+08:00,4178.4,4179,4176.32,4177.58,552.56,2308594.1772
2025-08-20 14:10:00+08:00,4177.58,4177.58,4174.73,4174.74,592.42,2473732.4088
2025-08-20 14:11:00+08:00,4174.74,4175.02,4173.75,4173.85,2905.76,12129500.8536
2025-08-20 14:12:00+08:00,4173.85,4173.85,4172.01,4172.36,1505.6,6282229.7734
2025-08-20 14:13:00+08:00,4172.36,4173.17,4172,4172.2,604.62,2522677.4986
2025-08-20 14:14:00+08:00,4172.2,4173.07,4172.2,4172.87,288.1,1202198.971
2025-08-20 14:15:00+08:00,4172.87,4176.56,4172.87,4173.58,509.82,2128423.2238
2025-08-20 14:16:00+08:00,4173.58,4176.74,4173.58,4175.6,252.32,1053566.4274
2025-08-20 14:17:00+08:00,4175.6,4175.6,4167.16,4168.94,7115.6,29658805.0634
2025-08-20 14:18:00+08:00,4168.94,4174.14,4168.94,4173,799.88,3336058.9064
2025-08-20 14:19:00+08:00,4173,4179.99,4173,4179.33,574.8,2401031.6876
2025-08-20 14:20:00+08:00,4179.33,4180.58,4178,4180.57,819.56,3425425.0626
2025-08-20 14:21:00+08:00,4180.57,4181.1,4179.01,4181.08,651.8,2724963.2852
2025-08-20 14:22:00+08:00,4181.08,4182.45,4178.39,4178.44,2516.4,10521118.572
2025-08-20 14:23:00+08:00,4178.44,4178.8,4174.5,4175.02,640.86,2676634.1816
2025-08-20 14:24:00+08:00,4175.02,4177.18,4173.5,4173.51,1667.24,6961298.421
2025-08-20 14:25:00+08:00,4173.51,4173.51,4170.45,4171.19,1375.8,5738832.3806
2025-08-20 14:26:00+08:00,4171.19,4171.35,4168.71,4169.66,629.06,2623514.3644
2025-08-20 14:27:00+08:00,4169.66,4171.7,4169.1,4169.1,446.32,1861252.5742
2025-08-20 14:28:00+08:00,4169.1,4171.73,4168.52,4168.67,1665.28,6944062.4398
2025-08-20 14:29:00+08:00,4168.67,4174.94,4168.21,4173.07,2299.86,9596402.7466
2025-08-20 14:30:00+08:00,4173.07,4177.99,4171.78,4175.59,2235.78,9337553.9048
2025-08-20 14:31:00+08:00,4175.59,4176.07,4172.16,4172.71,394.9,1648538.1278
2025-08-20 14:32:00+08:00,4172.71,4173.67,4172.22,4172.23,195.22,814649.7708
2025-08-20 14:33:00+08:00,4172.23,4173.5,4170.5,4173.06,153.5,640470.156
2025-08-20 14:34:00+08:00,4173.06,4178.34,4171.87,4178.31,2720.8,11356350.0918
2025-08-20 14:35:00+08:00,4178.31,4178.31,4176.14,4177.61,668.38,2791872.542
2025-08-20 14:36:00+08:00,4177.61,4183.33,4175.86,4183.15,1152.98,4820524.1206
2025-08-20 14:37:00+08:00,4183.15,4183.69,4180.82,4183.68,1119.04,4680407.0684
2025-08-20 14:38:00+08:00,4183.68,4184.67,4183.37,4183.7,662.72,2772868.877
2025-08-20 14:39:00+08:00,4183.7,4184.68,4182.58,4184.17,472.82,1978206.4116
2025-08-20 14:40:00+08:00,4184.17,4186.62,4183.78,4186.01,1362.42,5702368.4854
2025-08-20 14:41:00+08:00,4186.01,4186.67,4185.2,4185.2,1025.14,4290888.9222
2025-08-20 14:42:00+08:00,4185.2,4185.65,4183.47,4184.6,1276.04,5339726.8654
2025-08-20 14:43:00+08:00,4184.6,4184.61,4182.04,4183.63,720.3,3013245.2256
2025-08-20 14:44:00+08:00,4183.63,4185,4183.55,4183.85,753.48,3153043.4454
2025-08-20 14:45:00+08:00,4183.85,4184.45,4180.03,4180.22,464.6,1943119.4506
2025-08-20 14:46:00+08:00,4180.22,4182.28,4180,4180.01,335.74,1403597.366
2025-08-20 14:47:00+08:00,4180.01,4180.01,4176.03,4176.03,465.98,1947088.1522
2025-08-20 14:48:00+08:00,4176.03,4177.62,4175.16,4176.63,714.6,2984442.4326
2025-08-20 14:49:00+08:00,4176.63,4177.15,4175.03,4177,1944.82,8122175.5312
2025-08-20 14:50:00+08:00,4177,4180.67,4177,4179.78,413.94,1730245.9976
2025-08-20 14:51:00+08:00,4179.78,4179.91,4177.66,4177.66,626.32,2617654.2316
2025-08-20 14:52:00+08:00,4177.66,4179.29,4176.18,4178.65,1983.82,8289271.8002
2025-08-20 14:53:00+08:00,4178.65,4182.13,4178.34,4181.79,358.84,1499944.177
2025-08-20 14:54:00+08:00,4181.79,4181.8,4176.89,4178.3,6124.2,25593086.5866
2025-08-20 14:55:00+08:00,4178.3,4178.31,4177.28,4178,383.9,1603936.3622
2025-08-20 14:56:00+08:00,4178,4180.04,4177.08,4178.94,826.5,3454075.8134
2025-08-20 14:57:00+08:00,4178.94,4181.28,4178.91,4181.28,320.62,1340193.0088
2025-08-20 14:58:00+08:00,4181.28,4183.23,4180.9,4181.44,708.66,2963534.294
2025-08-20 14:59:00+08:00,4181.44,4181.44,4178.8,4180.17,470.92,1968276.2842
2025-08-20 15:00:00+08:00,4180.17,4194.28,4180.14,4192.51,14594.72,61153540.5704
2025-08-20 15:01:00+08:00,4192.51,4193,4188,4192.69,2406.72,10085150.3072
2025-08-20 15:02:00+08:00,4192.69,4197.5,4192.64,4197.27,3425.24,14372356.7472
2025-08-20 15:03:00+08:00,4197.27,4197.27,4190.53,4190.85,1605.94,6734992.9764
2025-08-20 15:04:00+08:00,4190.85,4192.62,4190.27,4192,1335.74,5598665.237
2025-08-20 15:05:00+08:00,4192,4194.67,4186,4186.97,1756.5,7360728.4916
2025-08-20 15:06:00+08:00,4186.97,4190,4186.97,4189.59,1359.14,5692343.7174
2025-08-20 15:07:00+08:00,4189.59,4192.84,4189.58,4191.74,722.42,3028388.583
2025-08-20 15:08:00+08:00,4191.74,4193.78,4191.74,4193.44,679.6,2849455.3732
2025-08-20 15:09:00+08:00,4193.44,4197.31,4192.85,4197.06,1493.5,6266888.413
2025-08-20 15:10:00+08:00,4197.06,4198,4195.48,4197.8,1420.72,5963152.1064
2025-08-20 15:11:00+08:00,4197.8,4197.8,4193.92,4196.9,803.48,3371288.7454
2025-08-20 15:12:00+08:00,4196.9,4199.11,4195.48,4198.28,1237.4,5194477.2934
2025-08-20 15:13:00+08:00,4198.28,4198.28,4195.27,4197.77,1576.9,6616973.7314
2025-08-20 15:14:00+08:00,4197.77,4201.54,4197.77,4200.21,3263.18,13706374.521
2025-08-20 15:15:00+08:00,4200.21,4205.56,4200.21,4204.9,2592.34,10897071.3576
2025-08-20 15:16:00+08:00,4204.9,4208,4204.47,4207.99,3683.98,15497863.9386
2025-08-20 15:17:00+08:00,4207.99,4209.46,4203.15,4203.15,3297.14,13868419.6792
2025-08-20 15:18:00+08:00,4203.15,4204.44,4201.41,4204.43,1658.92,6971717.3592
2025-08-20 15:19:00+08:00,4204.43,4208,4203.14,4207.15,3093.9,13013340.4034
2025-08-20 15:20:00+08:00,4207.15,4207.87,4205,4206.78,699.9,2943720.81
2025-08-20 15:21:00+08:00,4206.78,4206.78,4204,4204.22,1388.84,5839250.5786
2025-08-20 15:22:00+08:00,4204.22,4205.31,4203,4203.87,519.22,2182905.8292
2025-08-20 15:23:00+08:00,4203.87,4205.63,4203,4204.47,1276.14,5365580.0796
2025-08-20 15:24:00+08:00,4204.47,4204.47,4201.82,4202.4,1113.28,4678536.6006
2025-08-20 15:25:00+08:00,4202.4,4202.99,4199.59,4200.33,1189.7,4996908.8762
2025-08-20 15:26:00+08:00,4200.33,4204.95,4200.33,4204.68,2591.28,10891817.8348
2025-08-20 15:27:00+08:00,4204.68,4205,4201.63,4201.63,1588.28,6677649.2336
2025-08-20 15:28:00+08:00,4201.63,4203.25,4200.44,4200.45,3546.38,14900593.9318
2025-08-20 15:29:00+08:00,4200.45,4202.71,4200.29,4201.62,594.92,2499204.8636
2025-08-20 15:30:00+08:00,4201.62,4201.84,4194.9,4194.9,5340.26,22422641.11
2025-08-20 15:31:00+08:00,4194.9,4195.76,4192.19,4194.24,2235.42,9376423.2352
2025-08-20 15:32:00+08:00,4194.24,4199.12,4194.24,4198.99,1058.54,4443413.9296
2025-08-20 15:33:00+08:00,4198.99,4199.07,4193.03,4193.04,896.84,3764182.6484
2025-08-20 15:34:00+08:00,4193.04,4195,4192.22,4193.96,2296.78,9633045.6434
2025-08-20 15:35:00+08:00,4193.96,4194.67,4190.11,4190.14,761.18,3191474.9026
2025-08-20 15:36:00+08:00,4190.14,4191.89,4188.45,4189.45,3067.54,12852510.1278
2025-08-20 15:37:00+08:00,4189.45,4194.17,4189.45,4194.17,478.58,2006373.7442
2025-08-20 15:38:00+08:00,4194.17,4194.22,4192.1,4193.85,959.9,4025275.8464
2025-08-20 15:39:00+08:00,4193.85,4193.85,4189.26,4190.92,501.64,2101963.8106
2025-08-20 15:40:00+08:00,4190.92,4192,4190.25,4191.53,1270.94,5326415.471
2025-08-20 15:41:00+08:00,4191.53,4193.75,4191.03,4191.03,277.5,1163617.7632
2025-08-20 15:42:00+08:00,4191.03,4192.55,4190.66,4191.25,2870.76,12033573.188
2025-08-20 15:43:00+08:00,4191.25,4191.26,4188.42,4188.63,1170.44,4903212.9432
2025-08-20 15:44:00+08:00,4188.63,4189.72,4188.37,4189.18,754.6,3161159.808
2025-08-20 15:45:00+08:00,4189.18,4190.51,4186.48,4188.35,2796.28,11711775.7618
2025-08-20 15:46:00+08:00,4188.35,4194.67,4188.35,4194.67,680.26,2851334.7812
2025-08-20 15:47:00+08:00,4194.67,4195.42,4193.22,4195.42,1417.9,5947940.0644
2025-08-20 15:48:00+08:00,4195.42,4197.75,4194.56,4196.21,344.76,1446726.8786
2025-08-20 15:49:00+08:00,4196.21,4196.21,4191.66,4191.96,1020.52,4278629.436
2025-08-20 15:50:00+08:00,4191.96,4193.9,4188.35,4193.9,4000.1,16757377.5838
2025-08-20 15:51:00+08:00,4193.9,4194,4190.01,4190.27,298.42,1250825.281
2025-08-20 15:52:00+08:00,4190.27,4190.54,4190,4190.45,428.36,1794899.0046
2025-08-20 15:53:00+08:00,4190.45,4190.45,4185.01,4185.68,1314.62,5503361.6234
2025-08-20 15:54:00+08:00,4185.68,4189.5,4185.51,4187.82,608.74,2549424.3392
2025-08-20 15:55:00+08:00,4187.82,4190,4186.28,4187.17,730.12,3058108.5148
2025-08-20 15:56:00+08:00,4187.17,4187.17,4182.68,4184.01,4499.48,18829505.9478
2025-08-20 15:57:00+08:00,4184.01,4184.9,4180.73,4181.83,3592.86,15026152.2132
2025-08-20 15:58:00+08:00,4181.83,4183.31,4181,4182.74,1092.24,4567879.8772
2025-08-20 15:59:00+08:00,4182.74,4183.65,4182.19,4182.99,554.26,2318334.27
2025-08-20 16:00:00+08:00,4182.99,4184.96,4177.14,4179.99,6922.44,28939289.5658
2025-08-20 16:01:00+08:00,4179.99,4184.19,4179.07,4184.19,2028.68,8481539.4628
2025-08-20 16:02:00+08:00,4184.19,4188.8,4184.19,4187.26,1548.76,6485087.167
2025-08-20 16:03:00+08:00,4187.26,4194.09,4186.28,4191.74,1893.38,7938331.4398
2025-08-20 16:04:00+08:00,4191.74,4194.55,4190.52,4194.31,7153.98,29999010.5316
2025-08-20 16:05:00+08:00,4194.31,4197.31,4192.93,4196.42,1093.62,4588493.1412
2025-08-20 16:06:00+08:00,4196.42,4196.68,4192.22,4193.86,3507.6,14715511.983
2025-08-20 16:07:00+08:00,4193.86,4193.86,4190,4192.36,1036.9,4346090.4792
2025-08-20 16:08:00+08:00,4192.36,4195,4192.34,4194.43,298.1,1250167.3636
2025-08-20 16:09:00+08:00,4194.43,4196.46,4194.06,4194.82,994.44,4172047.1404
2025-08-20 16:10:00+08:00,4194.82,4196,4193.66,4195.99,640.82,2688334.5988
2025-08-20 16:11:00+08:00,4195.99,4199.95,4195.42,4199.59,1356.04,5692655.9438
2025-08-20 16:12:00+08:00,4199.59,4204.81,4198.12,4203.22,2402.42,10095812.368
2025-08-20 16:13:00+08:00,4203.22,4203.68,4201.03,4202.5,711.72,2991003.6642
2025-08-20 16:14:00+08:00,4202.5,4205,4202.5,4203.53,2012.76,8461378.7434
2025-08-20 16:15:00+08:00,4203.53,4206,4203.23,4203.82,2424.48,10195293.125
2025-08-20 16:16:00+08:00,4203.82,4217,4200.79,4214.72,18430.58,77549839.9796
2025-08-20 16:17:00+08:00,4214.72,4216.45,4212.2,4212.37,2756.56,11616267.0514
2025-08-20 16:18:00+08:00,4212.37,4212.6,4210.03,4211.99,1576.1,6637100.5584
2025-08-20 16:19:00+08:00,4211.99,4216,4211.39,4215.58,718.78,3029143.414
2025-08-20 16:20:00+08:00,4215.58,4217.7,4215.11,4217.54,3896.36,16429698.5824
2025-08-20 16:21:00+08:00,4217.54,4217.54,4212,4212.73,1044.08,4400803.2646
2025-08-20 16:22:00+08:00,4212.73,4216.81,4211.98,4214.16,2848.22,12003357.6276
2025-08-20 16:23:00+08:00,4214.16,4214.84,4211,4211.08,1956.42,8241549.7442
2025-08-20 16:24:00+08:00,4211.08,4213.77,4211,4211.91,905.74,3815602.9112
2025-08-20 16:25:00+08:00,4211.91,4211.92,4209.42,4210.39,362.84,1527623.4316
2025-08-20 16:26:00+08:00,4210.39,4215.52,4207.79,4215.51,1731.14,7291453.645
2025-08-20 16:27:00+08:00,4215.51,4223.81,4214.99,4221.62,14833.58,62591910.5082
2025-08-20 16:28:00+08:00,4221.62,4225.93,4220.02,4225.16,5489.06,23178859.8842
2025-08-20 16:29:00+08:00,4225.16,4226.94,4223.81,4225.35,5059.4,21378130.4004
2025-08-20 16:30:00+08:00,4225.35,4225.99,4223.47,4223.47,1643.68,6944766.3268
2025-08-20 16:31:00+08:00,4223.47,4225.52,4222.09,4225,1370.92,5789254.5414
2025-08-20 16:32:00+08:00,4225,4227.94,4225,4227.03,1136.22,4802310.3006
2025-08-20 16:33:00+08:00,4227.03,4227.76,4225.49,4225.71,1684.24,7118736.012
2025-08-20 16:34:00+08:00,4225.71,4225.71,4220.77,4222.17,1830.5,7730118.3514
2025-08-20 16:35:00+08:00,4222.17,4222.17,4218.43,4218.64,1831.76,7728857.36
2025-08-20 16:36:00+08:00,4218.64,4223,4218.43,4221.75,1870.84,7896941.0728
2025-08-20 16:37:00+08:00,4221.75,4222.04,4220.38,4222.01,261.78,1105014.902
2025-08-20 16:38:00+08:00,4222.01,4223.68,4219.67,4222.17,1496.92,6318946.8458
2025-08-20 16:39:00+08:00,4222.17,4223.11,4219.67,4219.92,3184.46,13443521.5638
2025-08-20 16:40:00+08:00,4219.92,4220.99,4219.5,4219.64,1660.44,7007945.5476
2025-08-20 16:41:00+08:00,4219.64,4226,4219.64,4225.76,2988.9,12622815.0708
2025-08-20 16:42:00+08:00,4225.76,4228.77,4224.17,4228.31,6576.56,27798051.7708
2025-08-20 16:43:00+08:00,4228.31,4229.15,4226.24,4228.92,1518.98,6422378.4288
2025-08-20 16:44:00+08:00,4228.92,4231.42,4228.25,4231.14,3141.88,13288905.4754
2025-08-20 16:45:00+08:00,4231.14,4232.56,4227.52,4232.56,2187.88,9253290.9974
2025-08-20 16:46:00+08:00,4232.56,4232.77,4228,4228.67,1606.92,6796012.8974
2025-08-20 16:47:00+08:00,4228.67,4229.98,4228.2,4229.98,1085.22,4589622.972
2025-08-20 16:48:00+08:00,4229.98,4230.67,4228.3,4228.68,2024.56,8561845.9026
2025-08-20 16:49:00+08:00,4228.68,4228.75,4228,4228,780.16,3298743.8284
2025-08-20 16:50:00+08:00,4228,4228,4226.26,4226.49,1361.58,5755051.6334
2025-08-20 16:51:00+08:00,4226.49,4229,4226.37,4228.99,1079.44,4563820.4564
2025-08-20 16:52:00+08:00,4228.99,4233,4228.99,4233,921.5,3899813.8676
2025-08-20 16:53:00+08:00,4233,4233.1,4229.61,4230.73,561.66,2376665.0474
2025-08-20 16:54:00+08:00,4230.73,4230.74,4229.15,4230.4,465.6,1969409.6318
2025-08-20 16:55:00+08:00,4230.4,4230.97,4230,4230.94,1532.58,6483712.5054
2025-08-20 16:56:00+08:00,4230.94,4236.96,4230.94,4236.95,5049.48,21387193.2636
2025-08-20 16:57:00+08:00,4236.95,4237.46,4232.57,4233.62,5820.06,24646474.7494
2025-08-20 16:58:00+08:00,4233.62,4237.81,4233.62,4236.53,4350.82,18432968.9238
2025-08-20 16:59:00+08:00,4236.53,4239.78,4236,4236.71,9737.76,41266561.0432
2025-08-20 17:00:00+08:00,4236.71,4236.71,4229.25,4229.25,5155.56,21824616.3682
2025-08-20 17:01:00+08:00,4229.25,4230.65,4224.79,4227.14,12591.66,53241508.2148
2025-08-20 17:02:00+08:00,4227.14,4227.64,4223.65,4225.68,3623.52,15309591.3676
2025-08-20 17:03:00+08:00,4225.68,4226.45,4222.33,4223.5,2891.4,12214860.396
2025-08-20 17:04:00+08:00,4223.5,4228.02,4223.5,4225.28,5029.46,21250905.8936
2025-08-20 17:05:00+08:00,4225.28,4225.83,4223.28,4225.07,3173.34,13407254.7652
2025-08-20 17:06:00+08:00,4225.07,4230,4224.75,4229.41,1968.9,8323776.9388
2025-08-20 17:07:00+08:00,4229.41,4230.03,4225.96,4225.96,3613.2,15276990.1222
2025-08-20 17:08:00+08:00,4225.96,4227.28,4223.02,4226.76,2205.94,9319009.0846
2025-08-20 17:09:00+08:00,4226.76,4227.95,4222.45,4222.47,5579.12,23576132.9716
2025-08-20 17:10:00+08:00,4222.47,4225.25,4222.33,4223.01,1325.84,5599953.9352
2025-08-20 17:11:00+08:00,4223.01,4224.02,4221.86,4221.88,300.5,1268984.7344
2025-08-20 17:12:00+08:00,4221.88,4224.7,4220.62,4222.68,5631.72,23780304.2384
2025-08-20 17:13:00+08:00,4222.68,4226.4,4222.68,4226.4,768.98,3248537.8716
2025-08-20 17:14:00+08:00,4226.4,4232.37,4224.54,4226.81,13579.22,57418231.0252
2025-08-20 17:15:00+08:00,4226.81,4229.71,4224.85,4228.32,2739.74,11582098.3844
2025-08-20 17:16:00+08:00,4228.32,4228.88,4226.71,4228.2,2985.56,12622753.534
2025-08-20 17:17:00+08:00,4228.2,4229.42,4226.37,4226.38,1066.56,4509342.0182
2025-08-20 17:18:00+08:00,4226.38,4230.45,4226.38,4229.98,1776.12,7511274.5526
2025-08-20 17:19:00+08:00,4229.98,4229.98,4227.46,4227.53,1937.06,8192230.0402
2025-08-20 17:20:00+08:00,4227.53,4231,4227.03,4230.38,1250.06,5287468.1822
2025-08-20 17:21:00+08:00,4230.38,4230.39,4227.42,4227.42,1734.3,7333743.4768
2025-08-20 17:22:00+08:00,4227.42,4231.35,4227.42,4230.89,1599.44,6764532.772
2025-08-20 17:23:00+08:00,4230.89,4231.09,4223.52,4223.86,2660.24,11242582.8098
2025-08-20 17:24:00+08:00,4223.86,4225.68,4223,4225.64,857.88,3624277.0886
2025-08-20 17:25:00+08:00,4225.64,4227.03,4223.15,4223.4,2389.12,10094817.5112
2025-08-20 17:26:00+08:00,4223.4,4224.11,4221.01,4221.01,1257.16,5308125.0852
2025-08-20 17:27:00+08:00,4221.01,4223.79,4220,4220.08,2746.14,11593871.3024
2025-08-20 17:28:00+08:00,4220.08,4221.21,4219.16,4219.7,995.4,4200778.21
2025-08-20 17:29:00+08:00,4219.7,4221,4217.4,4220.99,2937.74,12393697.9062
2025-08-20 17:30:00+08:00,4220.99,4224.69,4220.45,4224.58,2178.64,9201890.981
2025-08-20 17:31:00+08:00,4224.58,4224.58,4220,4220,3140.14,13254352.2796
2025-08-20 17:32:00+08:00,4220,4221.13,4218.71,4220.21,559.64,2361503.0332
2025-08-20 17:33:00+08:00,4220.21,4221.77,4219.99,4221.12,521.32,2200485.5314
2025-08-20 17:34:00+08:00,4221.12,4221.33,4219.38,4219.58,607.86,2565111.1742
2025-08-20 17:35:00+08:00,4219.58,4221.41,4217.81,4218.8,1004.44,4237763.9916
2025-08-20 17:36:00+08:00,4218.8,4221,4217.35,4219.78,1873.8,7905357.9986
2025-08-20 17:37:00+08:00,4219.78,4221,4218.82,4221,253.82,1070970.3076
2025-08-20 17:38:00+08:00,4221,4227.06,4221,4227,1249.48,5277862.2432
2025-08-20 17:39:00+08:00,4227,4227,4224,4226.46,987.44,4172772.5226
2025-08-20 17:40:00+08:00,4226.46,4227.12,4224.64,4226.34,648.6,2740964.8088
2025-08-20 17:41:00+08:00,4226.34,4226.78,4224.87,4225.18,754.04,3186174.568
2025-08-20 17:42:00+08:00,4225.18,4228,4224.64,4227.31,1005.9,4251960.6274
2025-08-20 17:43:00+08:00,4227.31,4227.31,4224.67,4225.51,652.4,2756685.447
2025-08-20 17:44:00+08:00,4225.51,4225.61,4224.64,4224.67,204.94,865917.4924
2025-08-20 17:45:00+08:00,4224.67,4227.67,4224.64,4225.84,466.36,1970819.744
2025-08-20 17:46:00+08:00,4225.84,4227.52,4224.64,4226.05,546.68,2309920.8064
2025-08-20 17:47:00+08:00,4226.05,4231.8,4226.05,4231.35,828.56,3504573.8142
2025-08-20 17:48:00+08:00,4231.35,4232.32,4227.72,4227.73,655.26,2771982.9498
2025-08-20 17:49:00+08:00,4227.73,4228.21,4224.5,4224.5,1067.72,4511739.937
2025-08-20 17:50:00+08:00,4224.5,4224.5,4221.01,4221.02,673.42,2843771.2114
2025-08-20 17:51:00+08:00,4221.02,4222.73,4220.55,4221.5,712.26,3006885.9988
2025-08-20 17:52:00+08:00,4221.5,4221.5,4218,4219.3,1142.14,4818804.4506
2025-08-20 17:53:00+08:00,4219.3,4219.79,4216.39,4216.93,1702.14,7178366.8794
2025-08-20 17:54:00+08:00,4216.93,4217.88,4215.52,4216.99,1399.54,5900977.787
2025-08-20 17:55:00+08:00,4216.99,4221.72,4216.99,4219.5,868.18,3663792.296
2025-08-20 17:56:00+08:00,4219.5,4221.14,4218.71,4220.67,736.24,3106511.0504
2025-08-20 17:57:00+08:00,4220.67,4222.99,4220.67,4221.81,822.52,3472393.4986
2025-08-20 17:58:00+08:00,4221.81,4222.36,4220.42,4222.1,788.34,3328093.0486
2025-08-20 17:59:00+08:00,4222.1,4222.11,4219.52,4220.93,563.3,2377131.7148
2025-08-20 18:00:00+08:00,4220.93,4221.78,4219.86,4220.95,397.08,1675936.8684
2025-08-20 18:01:00+08:00,4220.95,4222.26,4218.48,4218.58,572.18,2415030.4832
2025-08-20 18:02:00+08:00,4218.58,4222.47,4217.55,4221.71,848.86,3581305.006
2025-08-20 18:03:00+08:00,4221.71,4222.87,4221.01,4222.87,729.46,3079811.6632
2025-08-20 18:04:00+08:00,4222.87,4226.47,4222.86,4226,2379.8,10056077.0802
2025-08-20 18:05:00+08:00,4226,4227.8,4223.22,4227.8,560.28,2368218.7428
2025-08-20 18:06:00+08:00,4227.8,4227.8,4222.02,4222.67,675.88,2855617.7808
2025-08-20 18:07:00+08:00,4222.67,4223.1,4220.1,4220.16,891.96,3764616.5066
2025-08-20 18:08:00+08:00,4220.16,4221,4218.7,4219.79,895.82,3780213.3404
2025-08-20 18:09:00+08:00,4219.79,4219.8,4216.13,4216.71,1273.58,5372188.3308
2025-08-20 18:10:00+08:00,4216.71,4217.9,4214.58,4214.97,1686.98,7111375.7386
2025-08-20 18:11:00+08:00,4214.97,4216.23,4213.07,4213.5,2200.68,9274155.834
2025-08-20 18:12:00+08:00,4213.5,4215.75,4211.44,4214.89,2389.7,10067232.5252
2025-08-20 18:13:00+08:00,4214.89,4217.47,4213.65,4213.83,1035.22,4363934.3374
2025-08-20 18:14:00+08:00,4213.83,4214.91,4213.15,4213.15,512.64,2160129.0928
2025-08-20 18:15:00+08:00,4213.15,4217.84,4213.15,4217.49,1268.54,5348674.4628
2025-08-20 18:16:00+08:00,4217.49,4220.33,4217.38,4220.32,431.38,1820113.213
2025-08-20 18:17:00+08:00,4220.32,4223.61,4220.32,4222.51,628.78,2655099.4672
2025-08-20 18:18:00+08:00,4222.51,4224.17,4222.51,4224.01,367.7,1553048.7818
2025-08-20 18:19:00+08:00,4224.01,4225.98,4222.1,4222.45,1073.72,4535223.6302
2025-08-20 18:20:00+08:00,4222.45,4222.46,4218,4218,411.02,1734350.1628
2025-08-20 18:21:00+08:00,4218,4223.34,4217.82,4223.01,124.7,526377.194
2025-08-20 18:22:00+08:00,4223.01,4223.01,4217.12,4217.64,394.18,1662827.1302
2025-08-20 18:23:00+08:00,4217.64,4217.98,4215.56,4216.46,610.8,2575503.6152
2025-08-20 18:24:00+08:00,4216.46,4216.46,4211.64,4211.99,703.74,2965407.5882
2025-08-20 18:25:00+08:00,4211.99,4213.36,4210.63,4212.54,1257.34,5295477.4126
2025-08-20 18:26:00+08:00,4212.54,4213.29,4209.01,4211.71,3545.02,14923282.8864
2025-08-20 18:27:00+08:00,4211.71,4212,4209.73,4210.21,755.46,3181274.9768
2025-08-20 18:28:00+08:00,4210.21,4211.09,4208.41,4210.68,1321.86,5564083.1924
2025-08-20 18:29:00+08:00,4210.68,4210.68,4209,4209.71,497.36,2093635.6052
2025-08-20 18:30:00+08:00,4209.71,4214.39,4209.71,4212.84,736.38,3102414.1842
2025-08-20 18:31:00+08:00,4212.84,4213.87,4211,4211.57,965.54,4066761.6732
2025-08-20 18:32:00+08:00,4211.57,4213.98,4211.14,4213.98,262.62,1106220.828
2025-08-20 18:33:00+08:00,4213.98,4213.98,4210.45,4211.58,270.8,1140724.3608
2025-08-20 18:34:00+08:00,4211.58,4215.12,4211.58,4212.53,757.04,3190256.1676
2025-08-20 18:35:00+08:00,4212.53,4215.37,4212.52,4214.01,375,1580377.9366
2025-08-20 18:36:00+08:00,4214.01,4214.01,4210.85,4210.85,376.2,1584913.7802
2025-08-20 18:37:00+08:00,4210.85,4216,4210.69,4216,345.76,1457164.4194
2025-08-20 18:38:00+08:00,4216,4217.71,4211.47,4213.55,810.1,3414759.6288
2025-08-20 18:39:00+08:00,4213.55,4214.32,4212.28,4214.31,327.38,1379091.0864
2025-08-20 18:40:00+08:00,4214.31,4218.73,4214.31,4218.18,404.08,1704260.1658
2025-08-20 18:41:00+08:00,4218.18,4218.5,4215.45,4216.06,536.1,2261123.933
2025-08-20 18:42:00+08:00,4216.06,4221.64,4215.93,4221.63,1171.68,4943167.875
2025-08-20 18:43:00+08:00,4221.63,4221.64,4219.52,4220.69,532.3,2246470.6694
2025-08-20 18:44:00+08:00,4220.69,4221.75,4220.69,4221.75,790.98,3338867.2204
2025-08-20 18:45:00+08:00,4221.75,4224.7,4221.75,4224.2,723.24,3054337.7328
2025-08-20 18:46:00+08:00,4224.2,4224.21,4222.03,4222.77,282.76,1194153.5946
2025-08-20 18:47:00+08:00,4222.77,4225.8,4222.77,4225.48,681.78,2880450.2756
2025-08-20 18:48:00+08:00,4225.48,4225.85,4224.76,4225.84,415.06,1753757.8142
2025-08-20 18:49:00+08:00,4225.84,4229.64,4225.84,4229.63,1185.92,5013965.1248
2025-08-20 18:50:00+08:00,4229.63,4231.72,4229.4,4229.75,1549.22,6552847.2764
2025-08-20 18:51:00+08:00,4229.75,4229.75,4226.63,4228.91,1702.56,7199558.6636
2025-08-20 18:52:00+08:00,4228.91,4229.77,4228.87,4229.49,259.2,1096224.6406
2025-08-20 18:53:00+08:00,4229.49,4229.5,4228.02,4228.34,367.5,1554021.5652
2025-08-20 18:54:00+08:00,4228.34,4229.22,4228,4228.82,126.38,534366.8636
2025-08-20 18:55:00+08:00,4228.82,4228.83,4224.16,4224.16,2237.06,9456242.6708
2025-08-20 18:56:00+08:00,4224.16,4227.27,4223.64,4227.07,864.74,3653244.005
2025-08-20 18:57:00+08:00,4227.07,4228.44,4226.22,4226.23,322.24,1362080.0246
2025-08-20 18:58:00+08:00,4226.23,4227.42,4225.98,4225.98,127.34,538181.439
2025-08-20 18:59:00+08:00,4225.98,4225.98,4225,4225.01,159.58,674247.6296
2025-08-20 19:00:00+08:00,4225.01,4228.62,4225.01,4226.82,664.36,2808231.2086
2025-08-20 19:01:00+08:00,4226.82,4228.6,4224.29,4224.29,428.8,1812671.9784
2025-08-20 19:02:00+08:00,4224.29,4229.95,4223.7,4228.01,433.46,1831798.897
2025-08-20 19:03:00+08:00,4228.01,4228.01,4225.66,4226.84,505.38,2135659.1654
2025-08-20 19:04:00+08:00,4226.84,4230,4226.83,4229.93,771.1,3260562.8394
2025-08-20 19:05:00+08:00,4229.93,4229.93,4224.46,4224.46,1357.08,5737570.1574
2025-08-20 19:06:00+08:00,4224.46,4225.39,4221.68,4222.43,910.14,3843680.1212
2025-08-20 19:07:00+08:00,4222.43,4223.82,4221.9,4223.82,223.48,943741.3596
2025-08-20 19:08:00+08:00,4223.82,4223.82,4216.22,4216.98,1840.6,7767956.0982
2025-08-20 19:09:00+08:00,4216.98,4217.59,4214.55,4214.7,962.54,4058095.2824
2025-08-20 19:10:00+08:00,4214.7,4215.35,4211.83,4212.48,1455.58,6133367.191
2025-08-20 19:11:00+08:00,4212.48,4213.78,4210.29,4212.99,2653.24,11173651.7212
2025-08-20 19:12:00+08:00,4212.99,4213.65,4211.58,4211.9,399.86,1684366.1082
2025-08-20 19:13:00+08:00,4211.9,4212.47,4211,4212.06,812.44,3421569.8674
2025-08-20 19:14:00+08:00,4212.06,4213.43,4211.42,4212.36,437.46,1842785.8704
2025-08-20 19:15:00+08:00,4212.36,4214.3,4211.31,4211.31,816.8,3441114.73
2025-08-20 19:16:00+08:00,4211.31,4211.43,4207.2,4207.2,2688.06,11314925.647
2025-08-20 19:17:00+08:00,4207.2,4208.88,4205.16,4207.28,2711.74,11408527.4052
2025-08-20 19:18:00+08:00,4207.28,4207.99,4203.34,4207.24,5355.58,22521297.6154
2025-08-20 19:19:00+08:00,4207.24,4208,4205.67,4208,349.7,1471181.6848
2025-08-20 19:20:00+08:00,4208,4211.34,4207.17,4209.81,834.82,3514512.469
2025-08-20 19:21:00+08:00,4209.81,4211.7,4209,4209.43,371.86,1565656.2394
2025-08-20 19:22:00+08:00,4209.43,4209.43,4205.17,4205.61,1986.68,8355162.677
2025-08-20 19:23:00+08:00,4205.61,4207.16,4205.61,4206.17,767.16,3226795.996
2025-08-20 19:24:00+08:00,4206.17,4208.57,4204.15,4204.16,2510.82,10560996.98
2025-08-20 19:25:00+08:00,4204.16,4210.46,4202.28,4209.05,9300.26,39122948.948
2025-08-20 19:26:00+08:00,4209.05,4209.05,4205.79,4205.79,339.54,1428410.7132
2025-08-20 19:27:00+08:00,4205.79,4205.95,4203.02,4203.41,2463.64,10358167.2982
2025-08-20 19:28:00+08:00,4203.41,4203.44,4192.83,4198.26,13870.68,58222405.2826
2025-08-20 19:29:00+08:00,4198.26,4199.4,4195.5,4197.5,7920.86,33248052.4868
2025-08-20 19:30:00+08:00,4197.5,4199,4196.3,4197.06,1161.5,4876105.8116
2025-08-20 19:31:00+08:00,4197.06,4197.7,4188.91,4189.14,8923.6,37403945.3668
2025-08-20 19:32:00+08:00,4189.14,4190.93,4182.09,4183.05,13419.08,56158682.5958
2025-08-20 19:33:00+08:00,4183.05,4188.61,4183.04,4187.63,1796.2,7520233.1856
2025-08-20 19:34:00+08:00,4187.63,4189.15,4185.28,4187.8,1928.28,8075864.82
2025-08-20 19:35:00+08:00,4187.8,4191,4186.74,4189.62,4747.16,19888160.5564
2025-08-20 19:36:00+08:00,4189.62,4189.99,4187.22,4189.98,1101.46,4613528.6144
2025-08-20 19:37:00+08:00,4189.98,4191.99,4185.16,4185.16,2075.18,8693459.858
2025-08-20 19:38:00+08:00,4185.16,4186.6,4185.16,4185.99,1054.78,4415263.4856
2025-08-20 19:39:00+08:00,4185.99,4187.51,4179.26,4179.68,2318.04,9693117.9398
2025-08-20 19:40:00+08:00,4179.68,4181.58,4174.56,4175,4555.42,19030292.9366
2025-08-20 19:41:00+08:00,4175,4175.72,4167.88,4173.29,8761.92,36549044.349
2025-08-20 19:42:00+08:00,4173.29,4176.5,4165.6,4166.75,5565.58,23214544.8672
2025-08-20 19:43:00+08:00,4166.75,4167.2,4154.49,4154.86,11781.88,49016060.5074
2025-08-20 19:44:00+08:00,4154.86,4162.48,4153.27,4162.48,5934.52,24676775.551
2025-08-20 19:45:00+08:00,4162.48,4163.34,4152.7,4153.08,2680.74,11150301.2968
2025-08-20 19:46:00+08:00,4153.08,4158.83,4148.18,4156.95,11970.12,49722115.1012
2025-08-20 19:47:00+08:00,4156.95,4165.7,4156.95,4159.29,10852.6,45174699.7198
2025-08-20 19:48:00+08:00,4159.29,4161.02,4155.49,4160.59,2735.78,11375480.7596
2025-08-20 19:49:00+08:00,4160.59,4168.1,4160.59,4167.9,2917.02,12151838.6278
2025-08-20 19:50:00+08:00,4167.9,4176.47,4167.77,4176.47,4027.74,16805490.7252
2025-08-20 19:51:00+08:00,4176.47,4176.47,4171.01,4174,3982.06,16623520.4918
2025-08-20 19:52:00+08:00,4174,4184.19,4172.99,4181.32,8592.84,35927383.6662
2025-08-20 19:53:00+08:00,4181.32,4191.34,4180.78,4190.23,4677.58,19584281.2556
2025-08-20 19:54:00+08:00,4190.23,4191.19,4182.49,4183.21,4031.46,16878738.803
2025-08-20 19:55:00+08:00,4183.21,4186.23,4181.09,4184.01,1030.52,4311186.3068
2025-08-20 19:56:00+08:00,4184.01,4187.35,4183.66,4187.34,906.28,3793013.693
2025-08-20 19:57:00+08:00,4187.34,4187.35,4184,4185.6,672.1,2812799.162
2025-08-20 19:58:00+08:00,4185.6,4190.76,4185.51,4190,731.76,3064905.5272
2025-08-20 19:59:00+08:00,4190,4194.08,4188.74,4194.07,4600.48,19285487.3326
2025-08-20 20:00:00+08:00,4194.07,4205.86,4193.29,4205.39,6660.74,27971051.5716
2025-08-20 20:01:00+08:00,4205.39,4218,4205.39,4215.7,12001.78,50518019.079
2025-08-20 20:02:00+08:00,4215.7,4220.92,4207.23,4219.23,10017.56,42208799.1562
2025-08-20 20:03:00+08:00,4219.23,4219.3,4207.6,4216,3678.3,15492286.6258
2025-08-20 20:04:00+08:00,4216,4216,4205.73,4210.38,3613.16,15209028.2628
2025-08-20 20:05:00+08:00,4210.38,4213.87,4207.81,4211.65,4117.64,17334917.7678
2025-08-20 20:06:00+08:00,4211.65,4211.97,4199.2,4199.21,2384.02,10023292.5336
2025-08-20 20:07:00+08:00,4199.21,4204.52,4196.18,4201.89,5020.88,21079970.0768
2025-08-20 20:08:00+08:00,4201.89,4205,4197.38,4200.1,1319.38,5542548.7786
2025-08-20 20:09:00+08:00,4200.1,4208.5,4197.96,4208.49,1506.06,6328914.154
2025-08-20 20:10:00+08:00,4208.49,4210.44,4203.98,4209.31,3014.46,12687460.9808
2025-08-20 20:11:00+08:00,4209.31,4210.23,4203.84,4205.59,1152.7,4850508.8316
2025-08-20 20:12:00+08:00,4205.59,4206.68,4201.26,4201.7,1594.9,6705143.8428
2025-08-20 20:13:00+08:00,4201.7,4203.74,4196,4197.69,1457,6117782.5214
2025-08-20 20:14:00+08:00,4197.69,4200.99,4195.15,4200.01,1141.56,4791549.2876
2025-08-20 20:15:00+08:00,4200.01,4200.4,4196.4,4198.89,1928.56,8096090.931
2025-08-20 20:16:00+08:00,4198.89,4209.03,4198.89,4208.3,1883.68,7920763.5196
2025-08-20 20:17:00+08:00,4208.3,4208.3,4202,4202.7,1944.78,8178581.8494
2025-08-20 20:18:00+08:00,4202.7,4203.4,4197.45,4197.46,2298.88,9654143.8838
2025-08-20 20:19:00+08:00,4197.46,4197.46,4193.4,4193.7,1963.54,8236032.338
2025-08-20 20:20:00+08:00,4193.7,4195.79,4186.19,4186.19,6100,25558741.9926
2025-08-20 20:21:00+08:00,4186.19,4191.39,4183.69,4184.7,2045.68,8563918.5568
2025-08-20 20:22:00+08:00,4184.7,4184.88,4176.28,4180.2,4524.94,18914800.8322
2025-08-20 20:23:00+08:00,4180.2,4182.17,4174.05,4177.19,2642.76,11038219.2592
2025-08-20 20:24:00+08:00,4177.19,4183.5,4177.09,4183.5,2548.66,10656308.7092
2025-08-20 20:25:00+08:00,4183.5,4187.61,4182.71,4184.7,2135.72,8938266.7822
2025-08-20 20:26:00+08:00,4184.7,4191.24,4183.3,4191.04,1697.34,7108140.35
2025-08-20 20:27:00+08:00,4191.04,4192.33,4187.04,4187.51,1213.3,5083572.389
2025-08-20 20:28:00+08:00,4187.51,4189.5,4181.92,4181.92,1007.46,4218269.1234
2025-08-20 20:29:00+08:00,4181.92,4187.69,4181.02,4187.69,534.02,2234395.0798
2025-08-20 20:30:00+08:00,4187.69,4195.4,4185.03,4195.4,1053.92,4417499.3674
2025-08-20 20:31:00+08:00,4195.4,4196.49,4192.1,4194,2071.3,8688590.5814
2025-08-20 20:32:00+08:00,4194,4194,4176.67,4181.57,3887.22,16268413.6388
2025-08-20 20:33:00+08:00,4181.57,4187.51,4181.56,4185.4,538.66,2254601.4608
2025-08-20 20:34:00+08:00,4185.4,4190.74,4183.53,4189.6,2202.9,9221309.763
2025-08-20 20:35:00+08:00,4189.6,4193.41,4189.6,4191.97,1043.66,4374486.477
2025-08-20 20:36:00+08:00,4191.97,4193.92,4185.23,4186.6,625.06,2617912.9022
2025-08-20 20:37:00+08:00,4186.6,4197.66,4186.2,4196.19,4800.88,20129947.754
2025-08-20 20:38:00+08:00,4196.19,4196.19,4190.82,4191.71,2471.7,10362841.6348
2025-08-20 20:39:00+08:00,4191.71,4193.45,4188.34,4188.35,317.34,1329980.762
2025-08-20 20:40:00+08:00,4188.35,4194.99,4188.35,4194.99,306.92,1286220.768
2025-08-20 20:41:00+08:00,4194.99,4195.7,4192.61,4195.36,462.06,1938168.6398
2025-08-20 20:42:00+08:00,4195.36,4203,4195.36,4203,2557.04,10738047.4702
2025-08-20 20:43:00+08:00,4203,4205,4202.22,4203.91,2542.5,10688429.3654
2025-08-20 20:44:00+08:00,4203.91,4203.91,4200.74,4203.05,524.94,2205760.5636
2025-08-20 20:45:00+08:00,4203.05,4204.49,4197.17,4199.33,4774.72,20061403.2492
2025-08-20 20:46:00+08:00,4199.33,4200.87,4197.85,4200.46,890.02,3737681.9658
2025-08-20 20:47:00+08:00,4200.46,4201.01,4198.24,4198.25,2412.94,10132421.865
2025-08-20 20:48:00+08:00,4198.25,4200.66,4198.24,4200.2,396.5,1664885.602
2025-08-20 20:49:00+08:00,4200.2,4203.73,4200.2,4202,623.46,2619788.1832
2025-08-20 20:50:00+08:00,4202,4206.38,4201.5,4206.17,1210.86,5092538.4592
2025-08-20 20:51:00+08:00,4206.17,4207.62,4198.24,4198.8,1109.2,4662602.7456
2025-08-20 20:52:00+08:00,4198.8,4200.3,4192.86,4194.22,1143.2,4797190.2094
2025-08-20 20:53:00+08:00,4194.22,4199.73,4194.22,4199,441.94,1855186.4754
2025-08-20 20:54:00+08:00,4199,4202.24,4198.32,4201.21,214.14,899653.2078
2025-08-20 20:55:00+08:00,4201.21,4202.16,4199.61,4200.7,372.16,1563381.9842
2025-08-20 20:56:00+08:00,4200.7,4208.61,4200.11,4207.99,1321.18,5558727.6566
2025-08-20 20:57:00+08:00,4207.99,4208.66,4205.12,4205.13,766.56,3225016.2124
2025-08-20 20:58:00+08:00,4205.13,4207.33,4205.13,4205.19,217.56,915083.5452
2025-08-20 20:59:00+08:00,4205.19,4206.08,4202,4203.28,308.8,1298121.9414
2025-08-20 21:00:00+08:00,4203.28,4203.64,4197.06,4200,871.96,3661852.2038
2025-08-20 21:01:00+08:00,4200,4202.72,4197.76,4197.76,1415.78,5945531.8178
2025-08-20 21:02:00+08:00,4197.76,4199.93,4187.59,4189.45,2567.92,10765184.1516
2025-08-20 21:03:00+08:00,4189.45,4195.39,4189.32,4192,637.28,2671986.3714
2025-08-20 21:04:00+08:00,4192,4197.1,4192,4194.49,679.38,2850249.208
2025-08-20 21:05:00+08:00,4194.49,4194.49,4190.63,4192.21,1336.6,5603070.779
2025-08-20 21:06:00+08:00,4192.21,4195.79,4192.21,4195,418.72,1756202.7958
2025-08-20 21:07:00+08:00,4195,4197.81,4192.51,4194.21,173.9,729333.5546
2025-08-20 21:08:00+08:00,4194.21,4194.21,4186.51,4187.44,604.08,2530543.5714
2025-08-20 21:09:00+08:00,4187.44,4188.69,4186.23,4187.27,1081.46,4528126.7022
2025-08-20 21:10:00+08:00,4187.27,4187.52,4182.18,4182.18,1436.02,6008820.5788
2025-08-20 21:11:00+08:00,4182.18,4183.39,4177.58,4178.09,2391.4,9994850.2234
2025-08-20 21:12:00+08:00,4178.09,4179.9,4175.17,4175.22,1433.84,5989049.443
2025-08-20 21:13:00+08:00,4175.22,4180,4173.63,4174.53,1616.56,6750290.1968
2025-08-20 21:14:00+08:00,4174.53,4175.14,4168.35,4168.61,3624.66,15116984.2354
2025-08-20 21:15:00+08:00,4168.61,4168.61,4163,4163.84,3639.66,15161410.5916
2025-08-20 21:16:00+08:00,4163.84,4172.33,4163.84,4169.84,2938.98,12257132.2082
2025-08-20 21:17:00+08:00,4169.84,4179.48,4169.84,4176,2642.26,11036442.124
2025-08-20 21:18:00+08:00,4176,4184.69,4174.3,4182.55,4607.18,19265989.3092
2025-08-20 21:19:00+08:00,4182.55,4182.74,4175.46,4176.8,889.84,3718748.2008
2025-08-20 21:20:00+08:00,4176.8,4183.07,4174.34,4182.45,2250.04,9401133.0268
2025-08-20 21:21:00+08:00,4182.45,4184.3,4177.85,4184.29,1074.06,4490717.435
2025-08-20 21:22:00+08:00,4184.29,4185,4177.01,4180.01,1557.18,6509668.592
2025-08-20 21:23:00+08:00,4180.01,4181.69,4175.76,4176.14,643.58,2689638.8832
2025-08-20 21:24:00+08:00,4176.14,4179.63,4175.15,4176.85,861.9,3600128.497
2025-08-20 21:25:00+08:00,4176.85,4180.83,4175.01,4179.19,505.88,2113745.901
2025-08-20 21:26:00+08:00,4179.19,4182.49,4177.01,4179.52,5805.04,24265325.7862
2025-08-20 21:27:00+08:00,4179.52,4182.13,4177,4181.2,364.8,1524793.8714
2025-08-20 21:28:00+08:00,4181.2,4185,4181.2,4184.96,5621.48,23520552.3514
2025-08-20 21:29:00+08:00,4184.96,4186.67,4184,4186.35,844.76,3535667.2802
2025-08-20 21:30:00+08:00,4186.35,4187.5,4168,4168.22,2435.84,10175201.0416
2025-08-20 21:31:00+08:00,4168.22,4183,4161.95,4174.8,8721.9,36400283.1438
2025-08-20 21:32:00+08:00,4174.8,4175.95,4164.5,4168.91,4089.88,17056077.5508
2025-08-20 21:33:00+08:00,4168.91,4181.71,4168.54,4178.6,3490.32,14570796.4174
2025-08-20 21:34:00+08:00,4178.6,4179.31,4174,4174.6,852.48,3560702.0462
2025-08-20 21:35:00+08:00,4174.6,4188.77,4174,4179.5,7248.3,30326926.3004
2025-08-20 21:36:00+08:00,4179.5,4203.98,4178.67,4198.11,12212.08,51236969.1666
2025-08-20 21:37:00+08:00,4198.11,4211.29,4193.33,4208.88,8814.68,37046682.4734
2025-08-20 21:38:00+08:00,4208.88,4213.73,4200.5,4205.69,7528.78,31666271.8612
2025-08-20 21:39:00+08:00,4205.69,4206.79,4190.21,4191.41,6751.66,28342810.601
2025-08-20 21:40:00+08:00,4191.41,4198,4184.94,4184.94,3921.62,16434906.0028
2025-08-20 21:41:00+08:00,4184.94,4186.57,4172.82,4180.9,8969.26,37469413.9372
2025-08-20 21:42:00+08:00,4180.9,4201.07,4180.9,4197.3,6229.64,26106993.1806
2025-08-20 21:43:00+08:00,4197.3,4199.44,4184.25,4185.08,4507.66,18900404.1742
2025-08-20 21:44:00+08:00,4185.08,4185.3,4175.67,4176.44,3327.4,13905400.0698
2025-08-20 21:45:00+08:00,4176.44,4180.31,4161,4161.61,7709.04,32128658.1602
2025-08-20 21:46:00+08:00,4161.61,4168.61,4155.59,4155.61,7961.66,33131534.2582
2025-08-20 21:47:00+08:00,4155.61,4161.43,4151.94,4152.71,6671.58,27729142.4976
2025-08-20 21:48:00+08:00,4152.71,4160.65,4152.71,4156.11,6999.38,29102342.0336
2025-08-20 21:49:00+08:00,4156.11,4167.76,4155.63,4157,8104.56,33743267.0744
2025-08-20 21:50:00+08:00,4157,4157,4141.76,4143.01,16369.24,67891323.7522
2025-08-20 21:51:00+08:00,4143.01,4145.79,4129.07,4130.98,18423.3,76179970.1744
2025-08-20 21:52:00+08:00,4130.98,4140.31,4129.6,4133.8,10612.5,43889802.7608
2025-08-20 21:53:00+08:00,4133.8,4140.4,4126.25,4130.45,11220.94,46385273.5962
2025-08-20 21:54:00+08:00,4130.45,4137.49,4130.03,4137.01,11997.68,49583719.5954
2025-08-20 21:55:00+08:00,4137.01,4148.83,4137,4144.94,8735.32,36196954.0898
