timestamp,open,high,low,close,volume,Denominated_Coin_Volume
2025-08-19 04:16:00+08:00,183.505,183.545,183.453,183.482,763.8,140168.7736
2025-08-19 04:17:00+08:00,183.482,183.521,183.393,183.472,4350.6,798368.1548
2025-08-19 04:18:00+08:00,183.472,183.534,183.313,183.313,1829.4,335478.3728
2025-08-19 04:19:00+08:00,183.313,183.389,183.183,183.184,6473.8,1186328.8734
2025-08-19 04:20:00+08:00,183.184,183.378,183.143,183.378,1393.2,255348.5534
2025-08-19 04:21:00+08:00,183.378,183.475,183.319,183.44,1579,289532.629
2025-08-19 04:22:00+08:00,183.44,183.461,183.225,183.228,3875.4,710200.4724
2025-08-19 04:23:00+08:00,183.228,183.386,183.189,183.192,1503.4,275456.1864
2025-08-19 04:24:00+08:00,183.192,183.192,183.02,183.1,1909.4,349600.4786
2025-08-19 04:25:00+08:00,183.1,183.276,183.055,183.275,958,175428.755
2025-08-19 04:26:00+08:00,183.275,183.307,183.142,183.142,2089,382756.263
2025-08-19 04:27:00+08:00,183.142,183.305,183.142,183.305,838.6,153622.104
2025-08-19 04:28:00+08:00,183.305,183.479,183.305,183.449,7081.6,1298952.3736
2025-08-19 04:29:00+08:00,183.449,183.5,183.363,183.5,1880.6,345075.2296
2025-08-19 04:30:00+08:00,183.5,183.593,183.46,183.593,5274.2,968053.518
2025-08-19 04:31:00+08:00,183.593,183.593,183.235,183.32,5372.4,985175.938
2025-08-19 04:32:00+08:00,183.32,183.448,183.301,183.302,673.6,123529.6384
2025-08-19 04:33:00+08:00,183.302,183.371,183.209,183.209,942.8,172806.199
2025-08-19 04:34:00+08:00,183.209,183.248,183.117,183.178,1605.6,294065.8632
2025-08-19 04:35:00+08:00,183.178,183.178,183.036,183.118,4244.8,777147.4126
2025-08-19 04:36:00+08:00,183.118,183.272,183.078,183.078,731,133901.6798
2025-08-19 04:37:00+08:00,183.078,183.16,182.645,182.724,17718,3237533.1368
2025-08-19 04:38:00+08:00,182.724,182.893,182.27,182.346,16577.2,3025492.744
2025-08-19 04:39:00+08:00,182.346,182.594,182.324,182.558,7986.4,1457561.027
2025-08-19 04:40:00+08:00,182.558,182.579,182.345,182.346,3020.6,551199.1304
2025-08-19 04:41:00+08:00,182.346,182.454,181.945,182.45,39038.8,7108851.7932
2025-08-19 04:42:00+08:00,182.45,182.677,182.4,182.677,3163.6,577436.123
2025-08-19 04:43:00+08:00,182.677,182.72,182.535,182.627,1420.4,259419.3852
2025-08-19 04:44:00+08:00,182.627,182.736,182.526,182.553,1946,355404.3514
2025-08-19 04:45:00+08:00,182.553,182.733,182.358,182.415,1859.2,339244.926
2025-08-19 04:46:00+08:00,182.415,182.622,182.415,182.518,3593.6,655947.38
2025-08-19 04:47:00+08:00,182.518,182.723,182.484,182.677,4226.2,772009.6598
2025-08-19 04:48:00+08:00,182.677,182.933,182.677,182.908,4456.4,814923.7054
2025-08-19 04:49:00+08:00,182.908,182.99,182.829,182.942,2290.4,418983.8964
2025-08-19 04:50:00+08:00,182.942,182.988,182.867,182.902,1044.2,191006.753
2025-08-19 04:51:00+08:00,182.902,182.965,182.784,182.943,1644.6,300731.4236
2025-08-19 04:52:00+08:00,182.943,182.948,182.765,182.819,2270.2,415024.0994
2025-08-19 04:53:00+08:00,182.819,182.819,182.646,182.744,1679.8,306950.4828
2025-08-19 04:54:00+08:00,182.744,182.954,182.705,182.954,861,157409.4276
2025-08-19 04:55:00+08:00,182.954,183.143,182.905,183.143,2891.4,529178.925
2025-08-19 04:56:00+08:00,183.143,183.244,183.05,183.05,2004.8,367174.4126
2025-08-19 04:57:00+08:00,183.05,183.102,182.954,183.08,1449.2,265229.2444
2025-08-19 04:58:00+08:00,183.08,183.139,182.992,183.01,1765.4,323186.1054
2025-08-19 04:59:00+08:00,183.01,183.081,182.907,182.907,334.2,61163.397
2025-08-19 05:00:00+08:00,182.907,183.04,182.906,183.04,357.6,65422.4452
2025-08-19 05:01:00+08:00,183.04,183.113,182.92,182.963,2181.8,399216.5686
2025-08-19 05:02:00+08:00,182.963,183.097,182.962,183.021,515.2,94295.2242
2025-08-19 05:03:00+08:00,183.021,183.095,183.013,183.095,633,115870.2802
2025-08-19 05:04:00+08:00,183.095,183.126,182.962,183.04,739,135300.0334
2025-08-19 05:05:00+08:00,183.04,183.068,182.96,182.991,669.6,122559.624
2025-08-19 05:06:00+08:00,182.991,183.028,182.848,182.848,1008.4,184506.421
2025-08-19 05:07:00+08:00,182.848,182.848,182.7,182.706,2410.4,440474.967
2025-08-19 05:08:00+08:00,182.706,182.837,182.616,182.616,1028,187866.0394
2025-08-19 05:09:00+08:00,182.616,182.745,182.584,182.745,1728,315620.199
2025-08-19 05:10:00+08:00,182.745,182.745,182.638,182.672,2598.2,474708.4118
2025-08-19 05:11:00+08:00,182.672,182.826,182.627,182.809,1679.4,306890.2364
2025-08-19 05:12:00+08:00,182.809,182.844,182.721,182.721,1475.4,269679.3288
2025-08-19 05:13:00+08:00,182.721,182.906,182.707,182.877,1409.4,257634.3394
2025-08-19 05:14:00+08:00,182.877,183.384,182.877,183.384,3303.4,605007.2072
2025-08-19 05:15:00+08:00,183.384,183.413,183.225,183.225,2148.6,393941.6292
2025-08-19 05:16:00+08:00,183.225,183.34,183.097,183.34,907.6,166286.3936
2025-08-19 05:17:00+08:00,183.34,183.362,183.218,183.362,161.8,29657.0304
2025-08-19 05:18:00+08:00,183.362,183.455,183.362,183.455,1248.2,228940.8916
2025-08-19 05:19:00+08:00,183.455,183.578,183.427,183.44,3568.8,654827.4378
2025-08-19 05:20:00+08:00,183.44,183.44,183.267,183.322,1637.8,300272.0818
2025-08-19 05:21:00+08:00,183.322,183.458,183.322,183.41,605,110934.0364
2025-08-19 05:22:00+08:00,183.41,183.54,183.356,183.54,453,83094.2786
2025-08-19 05:23:00+08:00,183.54,183.576,183.442,183.576,804,147546.4328
2025-08-19 05:24:00+08:00,183.576,183.6,183.447,183.472,1393.8,255859.1464
2025-08-19 05:25:00+08:00,183.472,183.538,183.425,183.426,423.8,77778.0868
2025-08-19 05:26:00+08:00,183.426,183.6,183.426,183.599,576.2,105776.51
2025-08-19 05:27:00+08:00,183.599,183.66,183.551,183.66,1999.8,367184.8132
2025-08-19 05:28:00+08:00,183.66,183.66,183.51,183.545,8622.4,1582806.5416
2025-08-19 05:29:00+08:00,183.545,183.62,183.501,183.54,797.8,146464.9776
2025-08-19 05:30:00+08:00,183.54,183.676,183.54,183.564,2556.8,469512.0746
2025-08-19 05:31:00+08:00,183.564,183.564,183.292,183.317,778,142681.0292
2025-08-19 05:32:00+08:00,183.317,183.427,183.266,183.419,878,160998.3594
2025-08-19 05:33:00+08:00,183.419,183.419,183.21,183.238,968.8,177517.3304
2025-08-19 05:34:00+08:00,183.238,183.446,183.238,183.446,584,107094.6082
2025-08-19 05:35:00+08:00,183.446,183.446,183.176,183.176,1801.2,330199.1762
2025-08-19 05:36:00+08:00,183.176,183.187,182.939,183.019,5167.2,945585.2826
2025-08-19 05:37:00+08:00,183.019,183.174,183.019,183.094,1349,246974.3396
2025-08-19 05:38:00+08:00,183.094,183.173,182.939,183.173,665.4,121848.8388
2025-08-19 05:39:00+08:00,183.173,183.31,183.172,183.31,1244.4,228009.235
2025-08-19 05:40:00+08:00,183.31,183.39,183.293,183.352,1386,254117.0794
2025-08-19 05:41:00+08:00,183.352,183.352,183.169,183.214,4156,761433.4858
2025-08-19 05:42:00+08:00,183.214,183.266,183.177,183.252,6081.8,1114475.626
2025-08-19 05:43:00+08:00,183.252,183.283,183.077,183.077,2218,406388.5914
2025-08-19 05:44:00+08:00,183.077,183.078,182.955,182.955,1143.6,209267.3594
2025-08-19 05:45:00+08:00,182.955,182.955,182.885,182.885,819.4,149881.9942
2025-08-19 05:46:00+08:00,182.885,182.966,182.877,182.966,1084.4,198367.1668
2025-08-19 05:47:00+08:00,182.966,183.07,182.966,183.069,1820.2,333090.836
2025-08-19 05:48:00+08:00,183.069,183.096,182.94,182.94,1078.2,197394.7192
2025-08-19 05:49:00+08:00,182.94,183.187,182.94,183.187,1230,225214.8164
2025-08-19 05:50:00+08:00,183.187,183.322,183.137,183.322,724,132632.6972
2025-08-19 05:51:00+08:00,183.322,183.339,183.295,183.312,1930.6,353926.0598
2025-08-19 05:52:00+08:00,183.312,183.338,183.312,183.338,500.4,91736.4666
2025-08-19 05:53:00+08:00,183.338,183.5,183.338,183.498,1519.6,278757.7488
2025-08-19 05:54:00+08:00,183.498,183.575,183.498,183.575,2261,414900.4462
2025-08-19 05:55:00+08:00,183.575,183.7,183.575,183.699,414.8,76180.0808
2025-08-19 05:56:00+08:00,183.699,183.905,183.621,183.89,4187.4,769663.5688
2025-08-19 05:57:00+08:00,183.89,184.086,183.89,184.055,10438.2,1920493.2346
2025-08-19 05:58:00+08:00,184.055,184.055,183.829,183.871,2856.2,525419.4308
2025-08-19 05:59:00+08:00,183.871,183.871,183.634,183.695,1829.6,336128.5094
2025-08-19 06:00:00+08:00,183.695,184.032,183.666,183.775,2892.8,532027.0974
2025-08-19 06:01:00+08:00,183.775,184.017,183.772,183.932,6922.6,1273144.7654
2025-08-19 06:02:00+08:00,183.932,184.146,183.903,183.949,6399.2,1177585.937
2025-08-19 06:03:00+08:00,183.949,184.146,183.915,184.094,2035.2,374549.7258
2025-08-19 06:04:00+08:00,184.094,184.289,184.085,184.289,4277.4,787723.4768
2025-08-19 06:05:00+08:00,184.289,184.803,184.24,184.538,30379.2,5608080.8804
2025-08-19 06:06:00+08:00,184.538,184.695,184.388,184.631,9388,1732798.0712
2025-08-19 06:07:00+08:00,184.631,184.631,184.404,184.505,1296.2,239188.183
2025-08-19 06:08:00+08:00,184.505,184.593,184.431,184.431,1020.6,188301.6776
2025-08-19 06:09:00+08:00,184.431,184.706,184.402,184.706,3167.2,584656.9332
2025-08-19 06:10:00+08:00,184.706,184.745,184.568,184.636,5035.2,929752.5976
2025-08-19 06:11:00+08:00,184.636,184.666,184.565,184.581,1204.4,222324.4666
2025-08-19 06:12:00+08:00,184.581,184.581,184.425,184.475,3365,620806.5348
2025-08-19 06:13:00+08:00,184.475,184.513,184.403,184.417,1015,187232.8506
2025-08-19 06:14:00+08:00,184.417,184.541,184.417,184.536,278.4,51355.401
2025-08-19 06:15:00+08:00,184.536,184.767,184.536,184.706,2259.6,417381.168
2025-08-19 06:16:00+08:00,184.706,184.753,184.636,184.707,805,148691.8978
2025-08-19 06:17:00+08:00,184.707,184.756,184.616,184.682,10151.4,1874762.3516
2025-08-19 06:18:00+08:00,184.682,184.682,184.507,184.508,4599.2,848929.7818
2025-08-19 06:19:00+08:00,184.508,184.605,184.419,184.605,1533.4,282900.529
2025-08-19 06:20:00+08:00,184.605,184.671,184.551,184.657,1118.2,206424.6228
2025-08-19 06:21:00+08:00,184.657,184.659,184.569,184.633,1389.4,256477.529
2025-08-19 06:22:00+08:00,184.633,184.821,184.621,184.81,2006.4,370571.4604
2025-08-19 06:23:00+08:00,184.81,184.888,184.689,184.887,4085.2,754882.811
2025-08-19 06:24:00+08:00,184.887,184.917,184.863,184.863,3633.8,671918.5138
2025-08-19 06:25:00+08:00,184.863,184.863,184.699,184.728,4565.6,843458.4274
2025-08-19 06:26:00+08:00,184.728,184.828,184.652,184.827,10069.4,1860108.7268
2025-08-19 06:27:00+08:00,184.827,184.894,184.789,184.882,1117.2,206511.0652
2025-08-19 06:28:00+08:00,184.882,184.909,184.882,184.909,1173.6,216991.1554
2025-08-19 06:29:00+08:00,184.909,184.91,184.776,184.81,11298.8,2089073.7104
2025-08-19 06:30:00+08:00,184.81,184.844,184.657,184.692,6610,1221519.6886
2025-08-19 06:31:00+08:00,184.692,184.731,184.61,184.61,2781.4,513617.6418
2025-08-19 06:32:00+08:00,184.61,184.745,184.61,184.699,394.8,72910.2218
2025-08-19 06:33:00+08:00,184.699,184.88,184.657,184.782,3097.2,572172.9018
2025-08-19 06:34:00+08:00,184.782,184.807,184.709,184.804,2042.4,377285.5558
2025-08-19 06:35:00+08:00,184.804,184.85,184.708,184.72,1247.6,230487.925
2025-08-19 06:36:00+08:00,184.72,184.85,184.72,184.85,740.6,136858.6364
2025-08-19 06:37:00+08:00,184.85,184.85,184.581,184.596,2762.8,510405.1902
2025-08-19 06:38:00+08:00,184.596,184.655,184.544,184.652,3261.2,602046.6008
2025-08-19 06:39:00+08:00,184.652,184.704,184.55,184.563,2155.4,397831.5336
2025-08-19 06:40:00+08:00,184.563,184.563,184.327,184.374,3912.8,721697.9668
2025-08-19 06:41:00+08:00,184.374,184.438,184.33,184.428,2846.6,524886.0996
2025-08-19 06:42:00+08:00,184.428,184.428,184.197,184.303,8330.2,1535558.4124
2025-08-19 06:43:00+08:00,184.303,184.42,184.251,184.358,702.4,129499.4246
2025-08-19 06:44:00+08:00,184.358,184.457,184.291,184.297,1855.2,342041.8306
2025-08-19 06:45:00+08:00,184.297,184.493,184.201,184.205,4723.2,870841.8556
2025-08-19 06:46:00+08:00,184.205,184.292,184.204,184.204,790,145551.83
2025-08-19 06:47:00+08:00,184.204,184.246,184.105,184.105,7476.2,1376640.6406
2025-08-19 06:48:00+08:00,184.105,184.178,184.073,184.089,1149.4,211617.1986
2025-08-19 06:49:00+08:00,184.089,184.384,184.088,184.267,1540.2,283880.4692
2025-08-19 06:50:00+08:00,184.267,184.293,184.194,184.247,2049.2,377498.6366
2025-08-19 06:51:00+08:00,184.247,184.378,184.216,184.274,2066.2,380724.7622
2025-08-19 06:52:00+08:00,184.274,184.46,184.274,184.455,1710.8,315412.0904
2025-08-19 06:53:00+08:00,184.455,184.494,184.308,184.31,9260.8,1706987.8458
2025-08-19 06:54:00+08:00,184.31,184.359,184.203,184.231,2288.4,421724.0006
2025-08-19 06:55:00+08:00,184.231,184.231,184.027,184.027,7517,1383777.0334
2025-08-19 06:56:00+08:00,184.027,184.08,183.955,183.968,11061,2035341.5778
2025-08-19 06:57:00+08:00,183.968,184.046,183.86,184.046,19801.2,3642709.0072
2025-08-19 06:58:00+08:00,184.046,184.136,184.004,184.136,704.2,129602.7034
2025-08-19 06:59:00+08:00,184.136,184.14,184,184.061,8735.4,1608136.424
2025-08-19 07:00:00+08:00,184.061,184.332,184.049,184.109,6817.8,1256003.4598
2025-08-19 07:01:00+08:00,184.109,184.271,184.109,184.27,390.2,71888.5662
2025-08-19 07:02:00+08:00,184.27,184.322,184.132,184.296,1436.2,264579.788
2025-08-19 07:03:00+08:00,184.296,184.402,184.263,184.287,4606,848917.4752
2025-08-19 07:04:00+08:00,184.287,184.426,184.286,184.355,663.2,122290.0934
2025-08-19 07:05:00+08:00,184.355,184.485,184.344,184.466,3520.6,649351.9596
2025-08-19 07:06:00+08:00,184.466,184.485,184.337,184.379,2004.2,369646.8838
2025-08-19 07:07:00+08:00,184.379,184.379,184.179,184.189,739.8,136323.7098
2025-08-19 07:08:00+08:00,184.189,184.318,184.144,184.172,1119.8,206297.5676
2025-08-19 07:09:00+08:00,184.172,184.259,184.135,184.22,913.8,168298.226
2025-08-19 07:10:00+08:00,184.22,184.229,184.158,184.159,172.2,31716.6408
2025-08-19 07:11:00+08:00,184.159,184.186,184.136,184.136,360.2,66330.6064
2025-08-19 07:12:00+08:00,184.136,184.231,184,184.231,28840.2,5308471.1132
2025-08-19 07:13:00+08:00,184.231,184.264,184.111,184.144,1954.6,359957.496
2025-08-19 07:14:00+08:00,184.144,184.16,184.097,184.118,4569,841279.629
2025-08-19 07:15:00+08:00,184.118,184.264,184.118,184.196,1484,273371.6032
2025-08-19 07:16:00+08:00,184.196,184.363,184.087,184.341,1652.2,304411.5894
2025-08-19 07:17:00+08:00,184.341,184.362,184.218,184.224,428.4,78956.6112
2025-08-19 07:18:00+08:00,184.224,184.224,184.081,184.122,2289.4,421545.6922
2025-08-19 07:19:00+08:00,184.122,184.215,184.063,184.134,4034.4,742716.1854
2025-08-19 07:20:00+08:00,184.134,184.171,184.052,184.112,3611.8,664907.5384
2025-08-19 07:21:00+08:00,184.112,184.152,183.871,183.99,5361.2,986501.0526
2025-08-19 07:22:00+08:00,183.99,184.104,183.806,184.058,4446.2,817688.767
2025-08-19 07:23:00+08:00,184.058,184.058,183.996,184.026,218.6,40227.0138
2025-08-19 07:24:00+08:00,184.026,184.127,183.964,184.044,1292,237840.9924
2025-08-19 07:25:00+08:00,184.044,184.306,184.044,184.305,731.4,134761.2948
2025-08-19 07:26:00+08:00,184.305,184.375,184.268,184.375,1176.4,216786.91
2025-08-19 07:27:00+08:00,184.375,184.375,184.256,184.288,468.6,86372.1956
2025-08-19 07:28:00+08:00,184.288,184.312,184.098,184.111,1188.6,218894.489
2025-08-19 07:29:00+08:00,184.111,184.128,184.047,184.118,602.8,110961.4206
2025-08-19 07:30:00+08:00,184.118,184.269,184.118,184.129,1361,250622.742
2025-08-19 07:31:00+08:00,184.129,184.201,184.1,184.161,259.4,47771.0604
2025-08-19 07:32:00+08:00,184.161,184.254,183.906,183.906,937.6,172565.0464
2025-08-19 07:33:00+08:00,183.906,183.906,183.712,183.712,1859.2,341704.292
2025-08-19 07:34:00+08:00,183.712,183.77,183.404,183.405,55991,10280546.225
2025-08-19 07:35:00+08:00,183.405,183.452,183.266,183.312,7388.4,1354614.1348
2025-08-19 07:36:00+08:00,183.312,183.367,183.2,183.257,3661.8,671060.0428
2025-08-19 07:37:00+08:00,183.257,183.258,183.008,183.066,7477.4,1369494.2774
2025-08-19 07:38:00+08:00,183.066,183.134,183.02,183.049,6451.6,1181264.326
2025-08-19 07:39:00+08:00,183.049,183.124,183.014,183.072,1437.6,263141.8062
2025-08-19 07:40:00+08:00,183.072,183.211,183.008,183.18,36087.2,6607545.1218
2025-08-19 07:41:00+08:00,183.18,183.194,183.1,183.174,734.6,134539.9686
2025-08-19 07:42:00+08:00,183.174,183.174,182.838,182.946,16812.4,3076201.7928
2025-08-19 07:43:00+08:00,182.946,182.946,182.749,182.813,4655,851057.9146
2025-08-19 07:44:00+08:00,182.813,182.842,182.756,182.828,2466.8,450917.7084
2025-08-19 07:45:00+08:00,182.828,182.913,182.755,182.764,3666,670184.7212
2025-08-19 07:46:00+08:00,182.764,182.795,182.673,182.675,4436.8,810648.2092
2025-08-19 07:47:00+08:00,182.675,182.713,182.664,182.673,2771.6,506331.3282
2025-08-19 07:48:00+08:00,182.673,182.819,182.485,182.589,8330.2,1520707.5978
2025-08-19 07:49:00+08:00,182.589,182.63,182.471,182.471,933.8,170493.4486
2025-08-19 07:50:00+08:00,182.471,182.81,182.316,182.743,13798.6,2518977.866
2025-08-19 07:51:00+08:00,182.743,182.843,182.714,182.842,1131.6,206853.7418
2025-08-19 07:52:00+08:00,182.842,182.943,182.83,182.923,1631.8,298420.1194
2025-08-19 07:53:00+08:00,182.923,182.925,182.825,182.851,896.2,163881.805
2025-08-19 07:54:00+08:00,182.851,182.956,182.851,182.95,1267.6,231855.62
2025-08-19 07:55:00+08:00,182.95,182.95,182.839,182.841,1599.6,292502.0828
2025-08-19 07:56:00+08:00,182.841,182.921,182.762,182.898,1378.8,252083.1704
2025-08-19 07:57:00+08:00,182.898,182.996,182.898,182.94,1102.8,201746.9846
2025-08-19 07:58:00+08:00,182.94,182.94,182.756,182.769,815.6,149090.7838
2025-08-19 07:59:00+08:00,182.769,182.839,182.72,182.826,2755.4,503623.5068
2025-08-19 08:00:00+08:00,182.826,182.839,182.696,182.721,2060,376486.0676
2025-08-19 08:01:00+08:00,182.721,182.745,182.622,182.624,738,134811.1618
2025-08-19 08:02:00+08:00,182.624,182.75,182.55,182.75,2690,491302.5476
2025-08-19 08:03:00+08:00,182.75,183.018,182.75,182.932,10993.6,2011133.304
2025-08-19 08:04:00+08:00,182.932,182.947,182.801,182.947,1305.2,238670.1386
2025-08-19 08:05:00+08:00,182.947,183.058,182.947,183.047,4224.2,773036.795
2025-08-19 08:06:00+08:00,183.047,183.047,182.939,182.985,1029.2,188325.5528
2025-08-19 08:07:00+08:00,182.985,183.207,182.985,183.148,1945,356301.384
2025-08-19 08:08:00+08:00,183.148,183.148,183.004,183.063,1404.8,257158.742
2025-08-19 08:09:00+08:00,183.063,183.247,183.063,183.247,2065.8,378377.0656
2025-08-19 08:10:00+08:00,183.247,183.3,183.188,183.297,4620.6,846841.4356
2025-08-19 08:11:00+08:00,183.297,183.297,183.039,183.121,3791,694201.331
2025-08-19 08:12:00+08:00,183.121,183.258,183.121,183.258,3019,553125.8518
2025-08-19 08:13:00+08:00,183.258,183.304,183.195,183.294,4359,798909.033
2025-08-19 08:14:00+08:00,183.294,183.333,183.259,183.328,836.2,153275.0828
2025-08-19 08:15:00+08:00,183.328,183.328,182.901,182.932,2469.4,451928.0096
2025-08-19 08:16:00+08:00,182.932,183.249,182.932,183.239,1299,237882.4326
2025-08-19 08:17:00+08:00,183.239,183.358,183.197,183.28,1741.8,319259.2678
2025-08-19 08:18:00+08:00,183.28,183.28,183.07,183.136,1474.4,269990.0102
2025-08-19 08:19:00+08:00,183.136,183.186,183.032,183.117,578.8,105947.5286
2025-08-19 08:20:00+08:00,183.117,183.146,183.01,183.071,1584.8,290107.919
2025-08-19 08:21:00+08:00,183.071,183.169,183.031,183.033,188.4,34498.8912
2025-08-19 08:22:00+08:00,183.033,183.089,182.235,182.235,18901.8,3452541.3634
2025-08-19 08:23:00+08:00,182.235,182.736,181.955,182.62,30676.6,5588728.0436
2025-08-19 08:24:00+08:00,182.62,182.649,182.503,182.556,6328.6,1155331.5616
2025-08-19 08:25:00+08:00,182.556,182.64,182.088,182.096,8471.4,1544385.4704
2025-08-19 08:26:00+08:00,182.096,182.35,182.095,182.234,4181,762041.0864
2025-08-19 08:27:00+08:00,182.234,182.296,182.155,182.192,2935.4,534865.5496
2025-08-19 08:28:00+08:00,182.192,182.352,182.036,182.037,2764.8,503848.1052
2025-08-19 08:29:00+08:00,182.037,182.048,181.81,181.835,13447.8,2446197.181
2025-08-19 08:30:00+08:00,181.835,182.226,181.786,181.937,7236,1316708.3848
2025-08-19 08:31:00+08:00,181.937,182.01,181.064,181.115,40165.2,7289601.8902
2025-08-19 08:32:00+08:00,181.115,182.651,181.115,182.368,19540,3555152.4728
2025-08-19 08:33:00+08:00,182.368,182.389,181.852,181.871,11069.4,2016325.8214
2025-08-19 08:34:00+08:00,181.871,182.606,181.871,182.547,8778.2,1599366.1038
2025-08-19 08:35:00+08:00,182.547,183.058,182.484,183.058,5980.8,1092756.1506
2025-08-19 08:36:00+08:00,183.058,183.123,182.715,182.759,8758.4,1602255.986
2025-08-19 08:37:00+08:00,182.759,183.2,182.759,183.037,8800,1610863.1852
2025-08-19 08:38:00+08:00,183.037,183.181,182.956,182.956,4367,799498.666
2025-08-19 08:39:00+08:00,182.956,182.956,182.606,182.744,2870,524586.1918
2025-08-19 08:40:00+08:00,182.744,182.971,182.744,182.785,4290.2,784546.2108
2025-08-19 08:41:00+08:00,182.785,182.872,182.437,182.541,6954,1270064.4754
2025-08-19 08:42:00+08:00,182.541,182.808,182.513,182.639,2302,420562.4022
2025-08-19 08:43:00+08:00,182.639,182.696,182.441,182.574,2572.2,469518.8978
2025-08-19 08:44:00+08:00,182.574,183.046,182.531,182.826,3018.4,552110.8718
2025-08-19 08:45:00+08:00,182.826,183.335,182.77,183.335,4822.2,883336.377
2025-08-19 08:46:00+08:00,183.335,183.818,183.234,183.818,10571.8,1941050.76
2025-08-19 08:47:00+08:00,183.818,184.485,183.768,184.461,15319.8,2819873.8018
2025-08-19 08:48:00+08:00,184.461,184.526,184.195,184.279,8190.2,1509874.6202
2025-08-19 08:49:00+08:00,184.279,184.319,184.039,184.228,6928.6,1276104.3968
2025-08-19 08:50:00+08:00,184.228,184.415,184.228,184.318,3196.2,589193.8406
2025-08-19 08:51:00+08:00,184.318,184.395,184.069,184.395,4186,771249.2012
2025-08-19 08:52:00+08:00,184.395,184.445,184.236,184.409,4804.4,885725.487
2025-08-19 08:53:00+08:00,184.409,184.612,184.375,184.6,3373.8,622422.7818
2025-08-19 08:54:00+08:00,184.6,184.6,184.402,184.448,1613,297560.3484
2025-08-19 08:55:00+08:00,184.448,184.869,184.354,184.84,10088.6,1863510.5538
2025-08-19 08:56:00+08:00,184.84,184.885,184.72,184.851,15572.8,2878457.4242
2025-08-19 08:57:00+08:00,184.851,184.852,184.592,184.716,6688.4,1235825.6956
2025-08-19 08:58:00+08:00,184.716,184.729,184.622,184.7,3385,625198.7398
2025-08-19 08:59:00+08:00,184.7,184.943,184.644,184.905,8536.6,1577756.1754
2025-08-19 09:00:00+08:00,184.905,184.991,184.551,184.678,15601,2882324.5622
2025-08-19 09:01:00+08:00,184.678,184.994,184.672,184.869,16567.6,3063400.8736
2025-08-19 09:02:00+08:00,184.869,184.924,184.729,184.881,3581.4,662041.8806
2025-08-19 09:03:00+08:00,184.881,185.248,184.88,185.172,13049,2415601.7638
2025-08-19 09:04:00+08:00,185.172,185.462,185.071,185.461,23724.2,4395670.3054
2025-08-19 09:05:00+08:00,185.461,185.763,185.355,185.758,20021.8,3715670.6308
2025-08-19 09:06:00+08:00,185.758,185.776,185.153,185.345,7431,1378174.3474
2025-08-19 09:07:00+08:00,185.345,185.471,185.303,185.446,8840.6,1639085.9348
2025-08-19 09:08:00+08:00,185.446,185.455,185.094,185.098,5911.8,1094777.926
2025-08-19 09:09:00+08:00,185.098,185.336,184.973,184.973,3802.8,704076.1328
2025-08-19 09:10:00+08:00,184.973,185.206,184.895,185.098,2750.6,508939.7048
2025-08-19 09:11:00+08:00,185.098,185.245,185.073,185.154,785.4,145414.7396
2025-08-19 09:12:00+08:00,185.154,185.266,185.075,185.099,1900.4,351915.6286
2025-08-19 09:13:00+08:00,185.099,185.219,184.984,185.123,1621.6,300090.4382
2025-08-19 09:14:00+08:00,185.123,185.123,184.622,184.622,11318.4,2092430.1392
2025-08-19 09:15:00+08:00,184.622,184.959,184.554,184.953,7741.2,1430042.6586
2025-08-19 09:16:00+08:00,184.953,185.119,184.884,185.062,2096,387856.2598
2025-08-19 09:17:00+08:00,185.062,185.169,184.913,184.937,1333.4,246743.7248
2025-08-19 09:18:00+08:00,184.937,184.96,184.753,184.753,2779.8,513961.9764
2025-08-19 09:19:00+08:00,184.753,184.822,184.4,184.434,6513.4,1202345.387
2025-08-19 09:20:00+08:00,184.434,184.722,184.401,184.71,7490,1382634.4752
2025-08-19 09:21:00+08:00,184.71,184.808,184.6,184.642,2341.8,432553.354
2025-08-19 09:22:00+08:00,184.642,184.671,184.367,184.441,6411.2,1182782.6394
2025-08-19 09:23:00+08:00,184.441,184.52,184.406,184.467,2652.8,489367.5782
2025-08-19 09:24:00+08:00,184.467,184.567,184.365,184.386,4482.8,826970.269
2025-08-19 09:25:00+08:00,184.386,184.54,184.363,184.375,1994.2,367819.1838
2025-08-19 09:26:00+08:00,184.375,184.454,184.266,184.379,969.8,178746.8148
2025-08-19 09:27:00+08:00,184.379,184.405,184.311,184.33,1217,224371.7218
2025-08-19 09:28:00+08:00,184.33,184.33,184.125,184.127,3485.4,642036.7116
2025-08-19 09:29:00+08:00,184.127,184.313,184.058,184.058,9080.8,1672083.7564
2025-08-19 09:30:00+08:00,184.058,184.083,183.379,183.43,50668.4,9302434.1136
2025-08-19 09:31:00+08:00,183.43,183.639,183.43,183.63,5511,1011401.3912
2025-08-19 09:32:00+08:00,183.63,183.76,183.626,183.72,3051.4,560471.3004
2025-08-19 09:33:00+08:00,183.72,183.725,183.255,183.255,4372.6,801977.686
2025-08-19 09:34:00+08:00,183.255,183.579,183.255,183.344,2579,473099.2624
2025-08-19 09:35:00+08:00,183.344,183.462,183.272,183.282,6726.8,1233199.6288
2025-08-19 09:36:00+08:00,183.282,183.455,183.16,183.161,4539.6,831750.9566
2025-08-19 09:37:00+08:00,183.161,183.368,183.16,183.24,1465,268412.7102
2025-08-19 09:38:00+08:00,183.24,183.454,183.24,183.28,2075.8,380520.8336
2025-08-19 09:39:00+08:00,183.28,183.687,183.26,183.532,5170.6,949147.7386
2025-08-19 09:40:00+08:00,183.532,183.656,183.446,183.448,1310,240450.8346
2025-08-19 09:41:00+08:00,183.448,183.494,183.299,183.321,1657.8,303939.061
2025-08-19 09:42:00+08:00,183.321,183.413,183.274,183.288,3532.6,647609.9074
2025-08-19 09:43:00+08:00,183.288,183.291,183.059,183.06,2379.8,435793.295
2025-08-19 09:44:00+08:00,183.06,183.209,183.007,183.209,1552.8,284281.4998
2025-08-19 09:45:00+08:00,183.209,183.34,183.16,183.178,1991.2,364931.82
2025-08-19 09:46:00+08:00,183.178,183.338,183.13,183.197,1638.6,300259.6476
2025-08-19 09:47:00+08:00,183.197,183.221,182.901,182.902,4596,841059.6114
2025-08-19 09:48:00+08:00,182.902,182.989,182.806,182.806,2599,475270.494
2025-08-19 09:49:00+08:00,182.806,182.996,182.8,182.91,3146.2,575273.3406
2025-08-19 09:50:00+08:00,182.91,182.914,182.601,182.65,5847.6,1068316.0722
2025-08-19 09:51:00+08:00,182.65,182.904,182.552,182.848,3119.8,570058.7814
2025-08-19 09:52:00+08:00,182.848,182.848,182.53,182.675,3292.8,601299.0432
2025-08-19 09:53:00+08:00,182.675,182.802,182.646,182.802,3633,663911.8416
2025-08-19 09:54:00+08:00,182.802,183.034,182.741,183.012,4340,793669.4762
2025-08-19 09:55:00+08:00,183.012,183.36,183.012,183.098,8243.2,1510274.2698
2025-08-19 09:56:00+08:00,183.098,183.098,182.929,182.973,1156.8,211667.397
2025-08-19 09:57:00+08:00,182.973,183.097,182.925,182.995,2399.6,439169.5934
2025-08-19 09:58:00+08:00,182.995,183.096,182.9,182.901,5287.2,967970.3632
2025-08-19 09:59:00+08:00,182.901,183.03,182.834,183.014,9776.2,1788117.694
2025-08-19 10:00:00+08:00,183.014,183.103,182.964,183.012,2380.6,435793.3554
2025-08-19 10:01:00+08:00,183.012,183.012,182.738,182.87,3360.2,614221.2458
2025-08-19 10:02:00+08:00,182.87,183.165,182.766,182.782,3651,667903.2466
2025-08-19 10:03:00+08:00,182.782,182.864,182.644,182.678,1554,284031.7826
2025-08-19 10:04:00+08:00,182.678,182.701,182.448,182.518,6293.8,1148783.977
2025-08-19 10:05:00+08:00,182.518,182.607,182.337,182.351,5582.6,1018743.9604
2025-08-19 10:06:00+08:00,182.351,182.475,182.283,182.347,2814.2,513226.4612
2025-08-19 10:07:00+08:00,182.347,182.564,182.347,182.564,2250.2,410502.0766
2025-08-19 10:08:00+08:00,182.564,182.564,182.401,182.401,1539.2,280799.3396
2025-08-19 10:09:00+08:00,182.401,182.42,182.278,182.42,1694.6,308983.3928
2025-08-19 10:10:00+08:00,182.42,182.642,182.35,182.414,1685.8,307687.0844
2025-08-19 10:11:00+08:00,182.414,182.602,182.372,182.58,1778.8,324597.6838
2025-08-19 10:12:00+08:00,182.58,182.978,182.58,182.958,11682,2136267.9496
2025-08-19 10:13:00+08:00,182.958,182.986,182.813,182.885,8522,1558621.4042
2025-08-19 10:14:00+08:00,182.885,182.885,182.67,182.733,2166,395847.617
2025-08-19 10:15:00+08:00,182.733,182.975,182.568,182.921,1342.4,245258.8034
2025-08-19 10:16:00+08:00,182.921,182.928,182.772,182.834,653.6,119493.061
2025-08-19 10:17:00+08:00,182.834,182.834,182.353,182.354,7947.4,1450741.7902
2025-08-19 10:18:00+08:00,182.354,182.407,182.065,182.066,8501.6,1549022.1722
2025-08-19 10:19:00+08:00,182.066,182.194,182.045,182.194,1473.2,268252.9048
2025-08-19 10:20:00+08:00,182.194,182.194,182.046,182.109,3531.6,643083.1944
2025-08-19 10:21:00+08:00,182.109,182.179,181.928,181.928,4215.8,767191.3554
2025-08-19 10:22:00+08:00,181.928,182.255,181.927,182.178,3251.6,592165.3012
2025-08-19 10:23:00+08:00,182.178,182.254,182.022,182.254,2198.8,400418.8964
2025-08-19 10:24:00+08:00,182.254,182.295,182.161,182.229,1340.6,244297.0078
2025-08-19 10:25:00+08:00,182.229,182.464,182.226,182.36,2790,508736.0288
2025-08-19 10:26:00+08:00,182.36,182.582,182.296,182.582,7157.6,1305035.757
2025-08-19 10:27:00+08:00,182.582,182.809,182.56,182.809,8486,1549687.9262
2025-08-19 10:28:00+08:00,182.809,182.809,182.559,182.577,5435,992762.705
2025-08-19 10:29:00+08:00,182.577,182.61,182.468,182.532,1115.4,203574.968
2025-08-19 10:30:00+08:00,182.532,182.919,182.47,182.862,3439.8,628220.8726
2025-08-19 10:31:00+08:00,182.862,182.862,182.657,182.766,2093,382429.3806
2025-08-19 10:32:00+08:00,182.766,182.769,182.564,182.687,1109.4,202714.1512
2025-08-19 10:33:00+08:00,182.687,182.687,182.42,182.422,1556.6,284198.9662
2025-08-19 10:34:00+08:00,182.422,182.547,182.179,182.183,6658.8,1214089.4072
2025-08-19 10:35:00+08:00,182.183,182.243,182.012,182.215,1712.4,311875.0824
2025-08-19 10:36:00+08:00,182.215,182.491,182.215,182.366,2641.8,481897.2
2025-08-19 10:37:00+08:00,182.366,182.627,182.366,182.614,3652.4,666547.8342
2025-08-19 10:38:00+08:00,182.614,182.644,182.458,182.544,551,100600.7878
2025-08-19 10:39:00+08:00,182.544,182.669,182.445,182.669,728.6,133009.3894
2025-08-19 10:40:00+08:00,182.669,182.715,182.52,182.689,1473.6,269108.5152
2025-08-19 10:41:00+08:00,182.689,182.866,182.689,182.838,861.4,157446.818
2025-08-19 10:42:00+08:00,182.838,182.866,182.587,182.678,2669.8,487971.5554
2025-08-19 10:43:00+08:00,182.678,182.75,182.5,182.5,1436.4,262331.8562
2025-08-19 10:44:00+08:00,182.5,182.568,182.362,182.381,944.8,172371.4434
2025-08-19 10:45:00+08:00,182.381,182.489,182.263,182.474,1162.6,211955.376
2025-08-19 10:46:00+08:00,182.474,182.69,182.418,182.69,8069.6,1472727.6554
2025-08-19 10:47:00+08:00,182.69,182.74,182.401,182.48,7586.8,1385720.1282
2025-08-19 10:48:00+08:00,182.48,182.551,182.297,182.54,2061,375933.2156
2025-08-19 10:49:00+08:00,182.54,182.684,182.5,182.684,1064.8,194384.6744
2025-08-19 10:50:00+08:00,182.684,182.721,182.611,182.678,1409.6,257446.0516
2025-08-19 10:51:00+08:00,182.678,183.014,182.678,182.936,4249.2,777301.0798
2025-08-19 10:52:00+08:00,182.936,182.936,182.746,182.864,710,129828.9836
2025-08-19 10:53:00+08:00,182.864,182.864,182.576,182.717,1764.8,322372.9266
2025-08-19 10:54:00+08:00,182.717,182.76,182.57,182.603,1349.6,246472.8088
2025-08-19 10:55:00+08:00,182.603,182.603,182.327,182.379,4879.2,890639.1654
2025-08-19 10:56:00+08:00,182.379,182.402,182.226,182.25,3399.6,619917.2962
2025-08-19 10:57:00+08:00,182.25,182.267,182.05,182.05,3425.6,623958.9822
2025-08-19 10:58:00+08:00,182.05,182.077,181.85,182.071,5969.8,1086342.3948
2025-08-19 10:59:00+08:00,182.071,182.173,181.977,182.087,1122.8,204413.3024
2025-08-19 11:00:00+08:00,182.087,182.143,181.832,181.832,16586.6,3018099.0314
2025-08-19 11:01:00+08:00,181.832,182.069,181.685,181.815,10357.8,1882640.9072
2025-08-19 11:02:00+08:00,181.815,181.895,181.666,181.775,1602.8,291321.7358
2025-08-19 11:03:00+08:00,181.775,181.801,181.668,181.724,3124.8,567854.8922
2025-08-19 11:04:00+08:00,181.724,181.725,181.566,181.566,6016.4,1092771.4574
2025-08-19 11:05:00+08:00,181.566,181.601,181.153,181.189,14968.6,2714502.0718
2025-08-19 11:06:00+08:00,181.189,181.597,181.048,181.349,10695.2,1939010.2242
2025-08-19 11:07:00+08:00,181.349,181.51,181.349,181.378,6312,1145049.9614
2025-08-19 11:08:00+08:00,181.378,181.432,181.164,181.424,2602.4,471740.541
2025-08-19 11:09:00+08:00,181.424,181.61,181.331,181.487,3274.6,594444.3144
2025-08-19 11:10:00+08:00,181.487,181.547,181.378,181.512,2357.6,427819.8518
2025-08-19 11:11:00+08:00,181.512,181.743,181.455,181.493,2041.6,370719.2336
2025-08-19 11:12:00+08:00,181.493,181.538,181.422,181.536,1340.6,243289.4746
2025-08-19 11:13:00+08:00,181.536,181.616,181.433,181.496,774.2,140525.718
2025-08-19 11:14:00+08:00,181.496,181.646,181.496,181.576,687.2,124790.2918
2025-08-19 11:15:00+08:00,181.576,181.798,181.576,181.662,2012.4,365644.8128
2025-08-19 11:16:00+08:00,181.662,181.673,181.421,181.431,2749.6,499096.0514
2025-08-19 11:17:00+08:00,181.431,181.684,181.4,181.684,3279.8,595374.3584
2025-08-19 11:18:00+08:00,181.684,181.873,181.684,181.77,1548,281410.5196
2025-08-19 11:19:00+08:00,181.77,181.907,181.739,181.904,1726.6,313956.1552
2025-08-19 11:20:00+08:00,181.904,181.904,181.5,181.514,1924,349501.6506
2025-08-19 11:21:00+08:00,181.514,181.547,181.133,181.16,4227,766447.1208
2025-08-19 11:22:00+08:00,181.16,181.302,180.805,180.899,25653,4642018.6536
2025-08-19 11:23:00+08:00,180.899,180.945,180.67,180.86,17635.4,3187559.85
2025-08-19 11:24:00+08:00,180.86,181.016,180.841,181.016,2722,492501.9344
2025-08-19 11:25:00+08:00,181.016,181.038,180.813,181.034,4469.6,808816.457
2025-08-19 11:26:00+08:00,181.034,181.068,180.814,180.882,3052.8,552317.278
2025-08-19 11:27:00+08:00,180.882,181.036,180.881,180.989,3574.4,646914.9822
2025-08-19 11:28:00+08:00,180.989,181.03,180.776,180.776,3501.4,633154.511
2025-08-19 11:29:00+08:00,180.776,180.789,180.618,180.626,7195,1299975.4264
2025-08-19 11:30:00+08:00,180.626,180.78,180.487,180.741,14606.4,2637320.044
2025-08-19 11:31:00+08:00,180.741,180.901,180.741,180.858,5384,973501.2052
2025-08-19 11:32:00+08:00,180.858,180.858,180.5,180.501,5174.2,934574.2516
2025-08-19 11:33:00+08:00,180.501,180.662,180.467,180.622,2830.6,511073.5718
2025-08-19 11:34:00+08:00,180.622,180.677,180.496,180.677,3222,581779.2422
2025-08-19 11:35:00+08:00,180.677,180.744,180.622,180.723,3395.6,613634.8334
2025-08-19 11:36:00+08:00,180.723,180.723,180.539,180.574,6768.6,1222568.9414
2025-08-19 11:37:00+08:00,180.574,180.741,180.298,180.46,25315,4569084.059
2025-08-19 11:38:00+08:00,180.46,180.582,180.297,180.444,14514.6,2618830.0042
2025-08-19 11:39:00+08:00,180.444,180.444,180.192,180.192,5423.4,977633.6244
2025-08-19 11:40:00+08:00,180.192,180.353,180.182,180.259,3765.8,678683.3118
2025-08-19 11:41:00+08:00,180.259,180.308,180.163,180.163,3219.8,580262.6992
2025-08-19 11:42:00+08:00,180.163,180.173,179.37,179.553,69508.6,12493248.5694
2025-08-19 11:43:00+08:00,179.553,179.653,178.254,178.35,440914.2,78877445.798
2025-08-19 11:44:00+08:00,178.35,179.262,178.221,179.184,40684.8,7271475.295
2025-08-19 11:45:00+08:00,179.184,179.31,178.807,178.839,19799.6,3545021.4178
2025-08-19 11:46:00+08:00,178.839,178.863,178.679,178.716,12662.6,2263812.2602
2025-08-19 11:47:00+08:00,178.716,178.923,178.521,178.667,29647,5296994.7422
2025-08-19 11:48:00+08:00,178.667,178.737,178.364,178.565,50400.6,9001061.5264
2025-08-19 11:49:00+08:00,178.565,178.713,178.523,178.589,7284,1301018.0346
2025-08-19 11:50:00+08:00,178.589,178.744,178.43,178.734,11043.6,1972548.3398
2025-08-19 11:51:00+08:00,178.734,178.916,178.486,178.506,23770.4,4246187.9844
2025-08-19 11:52:00+08:00,178.506,178.511,178.171,178.172,13846.6,2469264.8056
2025-08-19 11:53:00+08:00,178.172,178.303,178.08,178.2,17856.4,3180855.136
2025-08-19 11:54:00+08:00,178.2,178.401,178.2,178.284,3814.6,679970.9448
2025-08-19 11:55:00+08:00,178.284,178.525,178.284,178.525,10492,1872111.335
2025-08-19 11:56:00+08:00,178.525,178.601,178.428,178.517,3227.4,576159.5392
2025-08-19 11:57:00+08:00,178.517,178.628,178.42,178.514,3969.2,708623.3062
2025-08-19 11:58:00+08:00,178.514,178.553,178.321,178.417,10656.6,1900966.417
2025-08-19 11:59:00+08:00,178.417,178.531,178.336,178.442,6165.4,1100088.0178
2025-08-19 12:00:00+08:00,178.442,178.596,178.354,178.596,6812.8,1215942.0032
2025-08-19 12:01:00+08:00,178.596,178.649,178.277,178.334,7871.4,1404124.157
2025-08-19 12:02:00+08:00,178.334,178.567,178.205,178.457,10525.6,1877601.4978
2025-08-19 12:03:00+08:00,178.457,178.478,177.778,177.866,35245,6273374.1148
2025-08-19 12:04:00+08:00,177.866,178.199,177.848,178.031,9979.4,1777060.3626
2025-08-19 12:05:00+08:00,178.031,178.2,178.01,178.032,8737.8,1555868.2518
2025-08-19 12:06:00+08:00,178.032,178.092,177.963,177.963,3515.6,625883.8666
2025-08-19 12:07:00+08:00,177.963,178.342,177.8,177.812,15986.8,2846827.265
2025-08-19 12:08:00+08:00,177.812,177.812,177.348,177.348,50277,8928479.0106
2025-08-19 12:09:00+08:00,177.348,177.9,177.189,177.696,41981.4,7451767.3696
2025-08-19 12:10:00+08:00,177.696,178.144,177.693,177.875,23306.8,4148903.4922
2025-08-19 12:11:00+08:00,177.875,177.928,177.559,177.724,17077.6,3035047.7906
2025-08-19 12:12:00+08:00,177.724,178.254,177.713,178.243,13947.8,2483111.4074
2025-08-19 12:13:00+08:00,178.243,178.396,177.834,177.916,11332.8,2018946.307
2025-08-19 12:14:00+08:00,177.916,178.18,177.729,177.734,7709.6,1371838.2348
2025-08-19 12:15:00+08:00,177.734,177.861,177.427,177.549,9119.6,1619088.9222
2025-08-19 12:16:00+08:00,177.549,178.147,177.549,178.047,7658.6,1362714.4178
2025-08-19 12:17:00+08:00,178.047,178.382,177.942,177.942,15390.6,2742399.132
2025-08-19 12:18:00+08:00,177.942,177.972,177.69,177.793,3735.4,664366.7186
2025-08-19 12:19:00+08:00,177.793,178.399,177.784,178.373,5787.6,1031010.3874
2025-08-19 12:20:00+08:00,178.373,178.436,178.013,178.1,15120.4,2694828.9618
2025-08-19 12:21:00+08:00,178.1,178.143,177.823,177.99,4103.8,730544.412
2025-08-19 12:22:00+08:00,177.99,178.115,177.946,178.07,6328.4,1126968.2378
2025-08-19 12:23:00+08:00,178.07,178.07,177.648,177.9,3525.8,626782.1754
2025-08-19 12:24:00+08:00,177.9,178.036,177.879,177.984,3492.6,621500.778
2025-08-19 12:25:00+08:00,177.984,178.048,177.619,177.647,2306.8,410123.2516
2025-08-19 12:26:00+08:00,177.647,177.976,177.647,177.863,3309.2,588405.9568
2025-08-19 12:27:00+08:00,177.863,178.023,177.854,177.932,1537,273461.9646
2025-08-19 12:28:00+08:00,177.932,178.022,177.877,177.904,1348.2,239938.2606
2025-08-19 12:29:00+08:00,177.904,178.006,177.877,178.006,1105.8,196776.3538
2025-08-19 12:30:00+08:00,178.006,178.392,177.977,178.323,5164.4,920550.0928
2025-08-19 12:31:00+08:00,178.323,178.5,178.3,178.5,8414.6,1501547.778
2025-08-19 12:32:00+08:00,178.5,178.532,178.282,178.351,3223.6,575121.173
2025-08-19 12:33:00+08:00,178.351,178.423,178.14,178.218,1084.4,193330.0168
2025-08-19 12:34:00+08:00,178.218,178.417,178.181,178.394,4687,835931.9908
2025-08-19 12:35:00+08:00,178.394,178.447,178.223,178.268,5709.4,1018069.313
2025-08-19 12:36:00+08:00,178.268,178.652,178.268,178.647,5312.8,948194.3336
2025-08-19 12:37:00+08:00,178.647,178.784,178.498,178.52,4779.8,853805.8996
2025-08-19 12:38:00+08:00,178.52,178.671,178.433,178.671,2518,449573.555
2025-08-19 12:39:00+08:00,178.671,178.856,178.604,178.837,4589.6,820356.801
2025-08-19 12:40:00+08:00,178.837,178.873,178.704,178.789,3971.8,710039.2898
2025-08-19 12:41:00+08:00,178.789,178.988,178.789,178.988,7996,1430399.1642
2025-08-19 12:42:00+08:00,178.988,179.117,178.922,179.058,6804.8,1218342.6896
2025-08-19 12:43:00+08:00,179.058,179.126,179.021,179.115,5472.2,980029.4332
2025-08-19 12:44:00+08:00,179.115,179.261,179.052,179.261,9117,1633393.0592
2025-08-19 12:45:00+08:00,179.261,179.261,178.929,178.944,9102.8,1630425.2214
2025-08-19 12:46:00+08:00,178.944,179.153,178.817,179.123,3012.2,539090.5292
2025-08-19 12:47:00+08:00,179.123,179.151,178.975,179.107,1819.4,325782.859
2025-08-19 12:48:00+08:00,179.107,179.198,179.074,179.177,4043.6,724410.0132
2025-08-19 12:49:00+08:00,179.177,179.206,179.054,179.071,1997.8,357928.6394
2025-08-19 12:50:00+08:00,179.071,179.2,179.071,179.198,818.8,146679.0872
2025-08-19 12:51:00+08:00,179.198,179.451,179.188,179.368,8975.6,1610099.6372
2025-08-19 12:52:00+08:00,179.368,179.578,179.316,179.572,7765.4,1393625.4576
2025-08-19 12:53:00+08:00,179.572,179.655,179.506,179.506,7032.6,1262984.4252
2025-08-19 12:54:00+08:00,179.506,179.656,179.459,179.628,3795.4,681487.5976
2025-08-19 12:55:00+08:00,179.628,179.628,179.478,179.579,5143.8,923455.358
2025-08-19 12:56:00+08:00,179.579,179.785,179.579,179.785,3238,581889.9134
2025-08-19 12:57:00+08:00,179.785,179.87,179.728,179.87,4106.2,738391.1486
2025-08-19 12:58:00+08:00,179.87,179.933,179.853,179.933,6266,1127167.4894
2025-08-19 12:59:00+08:00,179.933,180.022,179.909,179.981,12865.4,2315614.1718
2025-08-19 13:00:00+08:00,179.981,180.332,179.932,180.332,8304.4,1495983.2884
2025-08-19 13:01:00+08:00,180.332,180.497,180.33,180.497,10721.2,1934120.4904
2025-08-19 13:02:00+08:00,180.497,180.525,180.239,180.239,6004,1083270.9662
2025-08-19 13:03:00+08:00,180.239,180.245,179.854,179.854,7649.2,1376988.1506
2025-08-19 13:04:00+08:00,179.854,180.101,179.781,180.101,7702,1386037.7614
2025-08-19 13:05:00+08:00,180.101,180.34,180.101,180.259,2627,473533.1724
2025-08-19 13:06:00+08:00,180.259,180.259,179.826,179.826,5530,995417.687
2025-08-19 13:07:00+08:00,179.826,179.93,179.736,179.839,4857.6,873392.979
2025-08-19 13:08:00+08:00,179.839,179.858,179.608,179.654,4144.8,744799.0934
2025-08-19 13:09:00+08:00,179.654,179.708,179.572,179.572,2918,524119.7748
2025-08-19 13:10:00+08:00,179.572,179.572,179.412,179.422,4709,845388.7768
2025-08-19 13:11:00+08:00,179.422,179.558,179.361,179.44,7955,1427776.9482
2025-08-19 13:12:00+08:00,179.44,179.501,179.361,179.361,814,146057.061
2025-08-19 13:13:00+08:00,179.361,179.377,179.233,179.352,5629,1009180.4642
2025-08-19 13:14:00+08:00,179.352,179.584,179.352,179.484,1986,356445.5724
2025-08-19 13:15:00+08:00,179.484,179.712,179.414,179.487,5229.8,939165.3624
2025-08-19 13:16:00+08:00,179.487,179.505,179.389,179.391,1982.8,355788.4394
2025-08-19 13:17:00+08:00,179.391,179.626,179.391,179.526,991.2,177948.4922
2025-08-19 13:18:00+08:00,179.526,179.573,179.444,179.535,4718.4,847075.4162
2025-08-19 13:19:00+08:00,179.535,179.621,179.472,179.514,5678.2,1019591.6858
2025-08-19 13:20:00+08:00,179.514,179.755,179.513,179.709,6176.4,1109966.7402
2025-08-19 13:21:00+08:00,179.709,179.79,179.637,179.663,3417,614062.3378
2025-08-19 13:22:00+08:00,179.663,179.664,179.259,179.322,3475,623296.6336
2025-08-19 13:23:00+08:00,179.322,179.383,179.19,179.369,3723,667587.1756
2025-08-19 13:24:00+08:00,179.369,179.571,179.351,179.537,11705.6,2100495.362
2025-08-19 13:25:00+08:00,179.537,179.814,179.474,179.768,4791.4,860881.1372
2025-08-19 13:26:00+08:00,179.768,179.768,179.528,179.656,1745.2,313596.75
2025-08-19 13:27:00+08:00,179.656,179.97,179.656,179.943,13666.6,2458856.136
2025-08-19 13:28:00+08:00,179.943,179.971,179.758,179.965,2724.2,490092.81
2025-08-19 13:29:00+08:00,179.965,179.965,179.813,179.882,1698.4,305505.1926
2025-08-19 13:30:00+08:00,179.882,180.01,179.718,180.01,1897.8,341333.5566
2025-08-19 13:31:00+08:00,180.01,180.045,179.919,179.935,2035.2,366284.9912
2025-08-19 13:32:00+08:00,179.935,179.978,179.673,179.728,1896.6,341048.4824
2025-08-19 13:33:00+08:00,179.728,179.872,179.673,179.872,1821.8,327485.5278
2025-08-19 13:34:00+08:00,179.872,179.872,179.625,179.664,2510.8,451238.0022
2025-08-19 13:35:00+08:00,179.664,179.757,179.527,179.614,1050.4,188694.2612
2025-08-19 13:36:00+08:00,179.614,179.73,179.565,179.73,943.6,169511.0916
2025-08-19 13:37:00+08:00,179.73,179.769,179.632,179.74,886.8,159386.6482
2025-08-19 13:38:00+08:00,179.74,179.844,179.644,179.834,541.4,97313.592
2025-08-19 13:39:00+08:00,179.834,179.928,179.781,179.916,1264.2,227378.8818
2025-08-19 13:40:00+08:00,179.916,180.214,179.886,180.214,3047.4,548746.5488
2025-08-19 13:41:00+08:00,180.214,180.277,180.13,180.275,4689.4,845139.2882
2025-08-19 13:42:00+08:00,180.275,180.335,180.188,180.298,10041.6,1809929.8352
2025-08-19 13:43:00+08:00,180.298,180.331,180.136,180.184,4717.2,850156.895
2025-08-19 13:44:00+08:00,180.184,180.254,179.964,179.99,5286.4,951832.097
2025-08-19 13:45:00+08:00,179.99,180.04,179.8,179.878,4266.8,767719.8354
2025-08-19 13:46:00+08:00,179.878,179.878,179.602,179.635,4411.2,792961.2136
2025-08-19 13:47:00+08:00,179.635,179.79,179.613,179.648,17591.2,3161259.5716
2025-08-19 13:48:00+08:00,179.648,179.867,179.648,179.839,2589.2,465412.0578
2025-08-19 13:49:00+08:00,179.839,179.905,179.769,179.814,3089.4,555693.596
2025-08-19 13:50:00+08:00,179.814,179.953,179.794,179.871,3673.8,660666.1448
2025-08-19 13:51:00+08:00,179.871,179.871,179.779,179.809,1455,261603.6784
2025-08-19 13:52:00+08:00,179.809,179.809,179.656,179.656,1183,212593.061
2025-08-19 13:53:00+08:00,179.656,179.705,179.581,179.581,5336,958659.3428
2025-08-19 13:54:00+08:00,179.581,179.807,179.58,179.756,5873,1055044.7872
2025-08-19 13:55:00+08:00,179.756,179.865,179.72,179.817,820.8,147567.3842
2025-08-19 13:56:00+08:00,179.817,179.817,179.69,179.769,1179.2,211983.7816
2025-08-19 13:57:00+08:00,179.769,179.813,179.726,179.813,2613.6,469931.0204
2025-08-19 13:58:00+08:00,179.813,179.828,179.678,179.794,408.8,73478.082
2025-08-19 13:59:00+08:00,179.794,179.794,179.712,179.713,1179.8,212057.8044
2025-08-19 14:00:00+08:00,179.713,179.713,179.549,179.675,1516.2,272365.1982
2025-08-19 14:01:00+08:00,179.675,179.704,179.602,179.704,4092.6,735355.6222
2025-08-19 14:02:00+08:00,179.704,179.827,179.541,179.603,2251.8,404595.0164
2025-08-19 14:03:00+08:00,179.603,179.728,179.579,179.728,1306,234609.9174
2025-08-19 14:04:00+08:00,179.728,179.792,179.53,179.531,4046.2,727047.5712
2025-08-19 14:05:00+08:00,179.531,179.672,179.387,179.621,4019.2,721732.2054
2025-08-19 14:06:00+08:00,179.621,179.7,179.56,179.643,1152.4,207011.9232
2025-08-19 14:07:00+08:00,179.643,179.764,179.599,179.6,1503,270073.7054
2025-08-19 14:08:00+08:00,179.6,179.643,179.519,179.619,5085.6,913370.9136
2025-08-19 14:09:00+08:00,179.619,179.756,179.604,179.756,545.2,97962.6766
2025-08-19 14:10:00+08:00,179.756,179.832,179.619,179.832,2033.2,365370.9902
2025-08-19 14:11:00+08:00,179.832,179.832,179.671,179.803,2926,526069.152
2025-08-19 14:12:00+08:00,179.803,179.942,179.731,179.75,741.6,133414.7908
2025-08-19 14:13:00+08:00,179.75,179.906,179.75,179.866,1425,256288.9192
2025-08-19 14:14:00+08:00,179.866,179.895,179.656,179.787,2018.4,362691.845
2025-08-19 14:15:00+08:00,179.787,179.787,179.311,179.469,2064.2,370374.3826
2025-08-19 14:16:00+08:00,179.469,179.699,179.469,179.608,3418.6,613894.4382
2025-08-19 14:17:00+08:00,179.608,179.683,179.528,179.528,860.4,154511.288
2025-08-19 14:18:00+08:00,179.528,179.72,179.51,179.61,335.6,60281.518
2025-08-19 14:19:00+08:00,179.61,180.1,179.61,180.051,3557.8,640472.6472
2025-08-19 14:20:00+08:00,180.051,180.211,179.991,180.048,3516,633206.0532
2025-08-19 14:21:00+08:00,180.048,180.055,179.913,179.965,2693.8,484741.5304
2025-08-19 14:22:00+08:00,179.965,179.968,179.814,179.851,9174.4,1650771.3648
2025-08-19 14:23:00+08:00,179.851,180.049,179.851,180.026,918.4,165305.5494
2025-08-19 14:24:00+08:00,180.026,180.209,179.953,180.199,3338.8,601118.073
2025-08-19 14:25:00+08:00,180.199,180.414,180.101,180.38,22780.2,4107561.583
2025-08-19 14:26:00+08:00,180.38,180.48,180.153,180.162,8340.2,1503973.4998
2025-08-19 14:27:00+08:00,180.162,180.216,180.001,180.078,3817,687553.6838
2025-08-19 14:28:00+08:00,180.078,180.078,179.94,180.072,3632.6,653889.427
2025-08-19 14:29:00+08:00,180.072,180.072,179.983,180,6821.4,1228062.758
2025-08-19 14:30:00+08:00,180,180.058,179.943,180.051,917.8,165200.4778
2025-08-19 14:31:00+08:00,180.051,180.082,179.807,179.867,2706.4,487117.5278
2025-08-19 14:32:00+08:00,179.867,180.146,179.867,180.088,1786.6,321718.9416
2025-08-19 14:33:00+08:00,180.088,180.096,179.943,179.944,405,72896.8542
2025-08-19 14:34:00+08:00,179.944,180.05,179.944,179.979,9808.8,1765737.9098
2025-08-19 14:35:00+08:00,179.979,180.219,179.979,180.2,2819.6,507815.9106
2025-08-19 14:36:00+08:00,180.2,180.308,180.132,180.252,4006.6,722154.5444
2025-08-19 14:37:00+08:00,180.252,180.271,180.033,180.117,1096.2,197448.3526
2025-08-19 14:38:00+08:00,180.117,180.262,180.117,180.214,5080.8,915544.7152
2025-08-19 14:39:00+08:00,180.214,180.214,180.047,180.048,1797.6,323826.0412
2025-08-19 14:40:00+08:00,180.048,180.106,180,180.106,2085,375358.0474
2025-08-19 14:41:00+08:00,180.106,180.172,180.048,180.048,252,45384.6984
2025-08-19 14:42:00+08:00,180.048,180.183,180.024,180.126,1115.8,200948.8268
2025-08-19 14:43:00+08:00,180.126,180.182,180.031,180.032,282.4,50863.5106
2025-08-19 14:44:00+08:00,180.032,180.071,179.967,179.988,1287,231666.2954
2025-08-19 14:45:00+08:00,179.988,180.101,179.912,180.066,1040.4,187273.5894
2025-08-19 14:46:00+08:00,180.066,180.14,179.93,179.931,859.2,154686.6272
2025-08-19 14:47:00+08:00,179.931,179.931,179.643,179.663,5632,1012321.3666
2025-08-19 14:48:00+08:00,179.663,179.727,179.613,179.613,3766,676642.088
2025-08-19 14:49:00+08:00,179.613,179.763,179.613,179.694,4052.8,728307.1834
2025-08-19 14:50:00+08:00,179.694,179.802,179.632,179.724,3098.6,556793.4168
2025-08-19 14:51:00+08:00,179.724,179.912,179.723,179.911,1557,280045.1884
2025-08-19 14:52:00+08:00,179.911,180.069,179.911,180.06,1947.4,350558.7444
2025-08-19 14:53:00+08:00,180.06,180.06,179.915,180.02,2572.8,463027.6094
2025-08-19 14:54:00+08:00,180.02,180.02,179.729,179.736,1068.6,192249.9476
2025-08-19 14:55:00+08:00,179.736,179.83,179.736,179.773,1193.8,214603.7642
2025-08-19 14:56:00+08:00,179.773,179.791,179.745,179.761,479.4,86181.9364
2025-08-19 14:57:00+08:00,179.761,179.898,179.761,179.898,2366.6,425537.494
2025-08-19 14:58:00+08:00,179.898,179.903,179.784,179.79,1566.8,281845.1314
2025-08-19 14:59:00+08:00,179.79,180.028,179.75,180.007,37704.4,6780950.7344
2025-08-19 15:00:00+08:00,180.007,180.1,179.869,179.898,3612.6,650325.8392
2025-08-19 15:01:00+08:00,179.898,179.898,179.648,179.713,4615.4,829534.266
2025-08-19 15:02:00+08:00,179.713,179.722,179.558,179.57,6934.4,1245373.978
2025-08-19 15:03:00+08:00,179.57,179.961,179.57,179.865,8210.8,1475870.0668
2025-08-19 15:04:00+08:00,179.865,180.085,179.85,179.966,2672,480877.197
2025-08-19 15:05:00+08:00,179.966,179.966,179.787,179.809,2399.2,431567.399
2025-08-19 15:06:00+08:00,179.809,179.809,179.653,179.763,2894.4,520267.5174
2025-08-19 15:07:00+08:00,179.763,179.852,179.743,179.743,1134.2,203945.6002
2025-08-19 15:08:00+08:00,179.743,179.827,179.707,179.806,2655.2,477271.2972
2025-08-19 15:09:00+08:00,179.806,179.806,179.655,179.69,1719.4,308911.7204
2025-08-19 15:10:00+08:00,179.69,179.734,179.556,179.588,4494,807337.6874
2025-08-19 15:11:00+08:00,179.588,179.626,179.427,179.427,11227.8,2015371.0456
2025-08-19 15:12:00+08:00,179.427,179.613,179.403,179.503,2376,426484.5668
2025-08-19 15:13:00+08:00,179.503,179.503,179.438,179.468,1293,232051.893
2025-08-19 15:14:00+08:00,179.468,179.683,179.468,179.642,1434.2,257541.433
2025-08-19 15:15:00+08:00,179.642,179.712,179.501,179.519,3255.4,584508.4096
2025-08-19 15:16:00+08:00,179.519,179.582,179.435,179.443,1234.6,221620.0472
2025-08-19 15:17:00+08:00,179.443,179.531,179.157,179.287,5697.6,1021742.5448
2025-08-19 15:18:00+08:00,179.287,179.377,179.243,179.255,3970.4,711956.3816
2025-08-19 15:19:00+08:00,179.255,179.255,179.028,179.233,9083.4,1627039.6258
2025-08-19 15:20:00+08:00,179.233,179.388,179.215,179.216,2041.6,365983.9104
2025-08-19 15:21:00+08:00,179.216,179.237,178.946,179.224,17750.4,3178447.082
2025-08-19 15:22:00+08:00,179.224,179.375,179.224,179.309,4204,753858.0046
2025-08-19 15:23:00+08:00,179.309,179.309,178.874,178.992,8288.6,1484037.5078
2025-08-19 15:24:00+08:00,178.992,179.359,178.985,179.227,3742.6,670662.939
2025-08-19 15:25:00+08:00,179.227,179.336,179.227,179.26,1335.6,239478.03
2025-08-19 15:26:00+08:00,179.26,179.315,179.172,179.233,1142.8,204847.0922
2025-08-19 15:27:00+08:00,179.233,179.5,179.199,179.495,3566,639798.5684
2025-08-19 15:28:00+08:00,179.495,179.653,179.476,179.622,2041.8,366615.5876
2025-08-19 15:29:00+08:00,179.622,179.622,179.359,179.359,4260.2,764437.2904
2025-08-19 15:30:00+08:00,179.359,179.484,179.286,179.483,3077.2,551868.8112
2025-08-19 15:31:00+08:00,179.483,179.542,179.206,179.206,2340,419564.4458
2025-08-19 15:32:00+08:00,179.206,179.297,179.106,179.179,2035.4,364718.825
2025-08-19 15:33:00+08:00,179.179,179.314,179.169,179.207,1366.2,244820.5574
2025-08-19 15:34:00+08:00,179.207,179.353,179.201,179.231,1460.2,261749.5422
2025-08-19 15:35:00+08:00,179.231,179.307,179.074,179.075,1735.6,310929.5762
2025-08-19 15:36:00+08:00,179.075,179.077,178.917,178.982,2098.8,375707.7462
2025-08-19 15:37:00+08:00,178.982,179.227,178.982,179.2,993.4,177946.8432
2025-08-19 15:38:00+08:00,179.2,179.604,179.2,179.603,6244,1120858.3788
2025-08-19 15:39:00+08:00,179.603,179.668,179.369,179.379,2157.4,387373.6386
2025-08-19 15:40:00+08:00,179.379,179.505,179.332,179.453,1401.8,251523.208
2025-08-19 15:41:00+08:00,179.453,179.541,179.388,179.388,1395.6,250502.6464
2025-08-19 15:42:00+08:00,179.388,179.484,179.329,179.35,2092.2,375344.9958
2025-08-19 15:43:00+08:00,179.35,179.449,179.311,179.336,1296.4,232521.679
2025-08-19 15:44:00+08:00,179.336,179.365,179.218,179.351,1573.6,282105.2068
2025-08-19 15:45:00+08:00,179.351,179.431,179.307,179.394,761.8,136642.4024
2025-08-19 15:46:00+08:00,179.394,179.546,179.394,179.424,470,84362.9186
2025-08-19 15:47:00+08:00,179.424,179.653,179.379,179.653,1841.6,330541.7254
2025-08-19 15:48:00+08:00,179.653,179.711,179.606,179.663,1869.2,335879.1648
2025-08-19 15:49:00+08:00,179.663,179.669,179.447,179.46,1710,307062.3486
2025-08-19 15:50:00+08:00,179.46,179.583,179.324,179.469,3928.2,705158.1108
2025-08-19 15:51:00+08:00,179.469,179.782,179.447,179.781,1080.4,194096.061
2025-08-19 15:52:00+08:00,179.781,179.812,179.638,179.769,2604.4,468040.6202
2025-08-19 15:53:00+08:00,179.769,179.883,179.742,179.869,5079.8,913492.233
2025-08-19 15:54:00+08:00,179.869,179.995,179.862,179.924,3262.2,587021.714
2025-08-19 15:55:00+08:00,179.924,179.924,179.742,179.794,1666.6,299668.1354
2025-08-19 15:56:00+08:00,179.794,179.848,179.794,179.805,1551.4,278974.3598
2025-08-19 15:57:00+08:00,179.805,179.92,179.792,179.92,979.4,176134.7072
2025-08-19 15:58:00+08:00,179.92,179.972,179.804,179.971,2024,364101.0676
2025-08-19 15:59:00+08:00,179.971,180.057,179.946,180.041,2198.4,395668.954
2025-08-19 16:00:00+08:00,180.041,180.149,180.029,180.146,6361.6,1145708.5534
2025-08-19 16:01:00+08:00,180.146,180.24,179.996,180.139,13687.2,2465848.1584
2025-08-19 16:02:00+08:00,180.139,180.146,179.878,179.941,1593.8,286941.2412
2025-08-19 16:03:00+08:00,179.941,179.941,179.818,179.921,3309.2,595351.8196
2025-08-19 16:04:00+08:00,179.921,179.954,179.767,179.808,1430.8,257292.249
2025-08-19 16:05:00+08:00,179.808,179.808,179.622,179.702,3190.2,573307.8772
2025-08-19 16:06:00+08:00,179.702,179.702,179.374,179.478,3668.4,658190.0394
2025-08-19 16:07:00+08:00,179.478,179.551,179.335,179.424,5946.8,1067057.215
2025-08-19 16:08:00+08:00,179.424,179.429,179.083,179.096,7331.8,1314092.9698
2025-08-19 16:09:00+08:00,179.096,179.306,179.032,179.306,1785.2,319784.1652
2025-08-19 16:10:00+08:00,179.306,179.417,179.171,179.376,5803.6,1040636.9818
2025-08-19 16:11:00+08:00,179.376,179.406,179.055,179.07,2355,422076.015
2025-08-19 16:12:00+08:00,179.07,179.302,179.021,179.302,790.4,141676.6752
2025-08-19 16:13:00+08:00,179.302,179.38,179.237,179.354,1642.4,294501.202
2025-08-19 16:14:00+08:00,179.354,179.807,179.354,179.799,14353.8,2579360.4462
2025-08-19 16:15:00+08:00,179.799,180.039,179.754,179.956,8513,1531922.472
2025-08-19 16:16:00+08:00,179.956,179.956,179.79,179.807,3140.4,564717.1124
2025-08-19 16:17:00+08:00,179.807,179.832,179.689,179.793,952.8,171277.8376
2025-08-19 16:18:00+08:00,179.793,179.932,179.709,179.931,646.2,116178.687
2025-08-19 16:19:00+08:00,179.931,179.931,179.767,179.767,1613,290117.6152
2025-08-19 16:20:00+08:00,179.767,179.812,179.707,179.783,2299.4,413353.1546
2025-08-19 16:21:00+08:00,179.783,179.822,179.711,179.792,1031.2,185406.974
2025-08-19 16:22:00+08:00,179.792,179.9,179.748,179.882,714.8,128572.705
2025-08-19 16:23:00+08:00,179.882,179.93,179.777,179.873,738.2,132770.3546
2025-08-19 16:24:00+08:00,179.873,179.942,179.827,179.938,1155,207817.5934
2025-08-19 16:25:00+08:00,179.938,180.041,179.871,180.032,4114.6,740662.562
2025-08-19 16:26:00+08:00,180.032,180.125,179.921,179.956,4014,722548.9926
2025-08-19 16:27:00+08:00,179.956,180.131,179.951,180.129,989,178069.8384
2025-08-19 16:28:00+08:00,180.129,180.129,180.009,180.057,442,79592.0678
2025-08-19 16:29:00+08:00,180.057,180.091,179.956,179.956,1323,238223.4752
2025-08-19 16:30:00+08:00,179.956,179.959,179.732,179.738,10303.8,1852940.9102
2025-08-19 16:31:00+08:00,179.738,179.786,179.502,179.502,9224.6,1656805.2096
2025-08-19 16:32:00+08:00,179.502,179.523,179.418,179.418,1319,236733.5214
2025-08-19 16:33:00+08:00,179.418,179.73,179.418,179.659,2186.6,392510.0796
2025-08-19 16:34:00+08:00,179.659,179.683,179.548,179.548,1526,274126.0204
2025-08-19 16:35:00+08:00,179.548,179.615,179.4,179.469,1986.6,356518.0982
2025-08-19 16:36:00+08:00,179.469,179.581,179.45,179.55,1998.6,358731.7566
2025-08-19 16:37:00+08:00,179.55,179.61,179.449,179.462,420.8,75540.7018
2025-08-19 16:38:00+08:00,179.462,179.464,179.391,179.41,553.6,99325.3436
2025-08-19 16:39:00+08:00,179.41,179.478,179.409,179.443,1004.2,180198.5682
2025-08-19 16:40:00+08:00,179.443,179.741,179.443,179.665,1828.4,328479.7872
2025-08-19 16:41:00+08:00,179.665,179.668,179.606,179.616,880.4,158147.8726
2025-08-19 16:42:00+08:00,179.616,179.75,179.616,179.75,993.2,178434.3878
2025-08-19 16:43:00+08:00,179.75,179.868,179.732,179.868,1686.2,303190.9136
2025-08-19 16:44:00+08:00,179.868,179.868,179.688,179.699,588.4,105776.483
2025-08-19 16:45:00+08:00,179.699,179.699,179.551,179.658,1969.8,353831.8002
2025-08-19 16:46:00+08:00,179.658,179.874,179.658,179.874,915,164505.5786
2025-08-19 16:47:00+08:00,179.874,180.016,179.874,179.92,3361,604901.7726
2025-08-19 16:48:00+08:00,179.92,180.127,179.901,180.073,5650.2,1017274.6292
2025-08-19 16:49:00+08:00,180.073,180.146,180.055,180.124,3207,577586.1306
2025-08-19 16:50:00+08:00,180.124,180.2,180.105,180.2,7673.2,1382260.9126
2025-08-19 16:51:00+08:00,180.2,180.428,180.175,180.428,13500.8,2434747.1868
2025-08-19 16:52:00+08:00,180.428,180.866,180.341,180.696,26862.2,4852052.3112
2025-08-19 16:53:00+08:00,180.696,180.696,180.344,180.432,14855.4,2681262.4126
2025-08-19 16:54:00+08:00,180.432,180.779,180.38,180.779,6385.2,1153321.9468
2025-08-19 16:55:00+08:00,180.779,180.779,180.504,180.522,4241.2,765796.9936
2025-08-19 16:56:00+08:00,180.522,180.6,180.481,180.481,2022.8,365200.5428
2025-08-19 16:57:00+08:00,180.481,180.526,180.354,180.394,1090.6,196765.343
2025-08-19 16:58:00+08:00,180.394,180.494,180.364,180.442,1405.2,253553.5912
2025-08-19 16:59:00+08:00,180.442,180.442,180.366,180.381,802.4,144741.8266
2025-08-19 17:00:00+08:00,180.381,180.535,180.381,180.516,1503.8,271408.0052
2025-08-19 17:01:00+08:00,180.516,180.521,180.296,180.414,2167,390878.594
2025-08-19 17:02:00+08:00,180.414,180.5,180.414,180.459,1989.6,359030.6108
2025-08-19 17:03:00+08:00,180.459,180.677,180.449,180.675,2409.4,435115.692
2025-08-19 17:04:00+08:00,180.675,180.773,180.624,180.732,4087.6,738753.5186
2025-08-19 17:05:00+08:00,180.732,181.033,180.661,181.012,4808.8,870006.9946
2025-08-19 17:06:00+08:00,181.012,181.361,180.946,181.289,62503,11323418.902
2025-08-19 17:07:00+08:00,181.289,181.55,181.151,181.422,20280.8,3678649.5004
2025-08-19 17:08:00+08:00,181.422,181.472,181.232,181.327,5824.6,1056409.6828
2025-08-19 17:09:00+08:00,181.327,181.411,181.185,181.246,4709,853791.6976
2025-08-19 17:10:00+08:00,181.246,181.344,181.198,181.249,6308.6,1143363.264
2025-08-19 17:11:00+08:00,181.249,181.445,181.221,181.444,3525.6,639338.5776
2025-08-19 17:12:00+08:00,181.444,181.456,181.302,181.404,5986.4,1085690.9082
2025-08-19 17:13:00+08:00,181.404,181.424,181.222,181.222,2937.8,532736.184
2025-08-19 17:14:00+08:00,181.222,181.347,181.176,181.278,2886.8,523253.4006
2025-08-19 17:15:00+08:00,181.278,181.351,181.101,181.298,4411.8,799410.2786
2025-08-19 17:16:00+08:00,181.298,181.315,181.103,181.139,2142.2,388114.3824
2025-08-19 17:17:00+08:00,181.139,181.229,181.12,181.229,1618.6,293250.0224
2025-08-19 17:18:00+08:00,181.229,181.465,181.229,181.421,3524.4,639245.6556
2025-08-19 17:19:00+08:00,181.421,181.421,181.314,181.327,2011.4,364821.0986
2025-08-19 17:20:00+08:00,181.327,181.559,181.327,181.537,4046.4,734340.9422
2025-08-19 17:21:00+08:00,181.537,181.596,181.484,181.594,3657.8,664093.1764
2025-08-19 17:22:00+08:00,181.594,181.685,181.556,181.667,5248,953209.555
2025-08-19 17:23:00+08:00,181.667,181.685,181.625,181.684,3836.6,696944.854
2025-08-19 17:24:00+08:00,181.684,181.783,181.681,181.681,2765.6,502653.4608
2025-08-19 17:25:00+08:00,181.681,181.72,181.567,181.7,7208.2,1309102.8416
2025-08-19 17:26:00+08:00,181.7,181.837,181.556,181.837,6792.2,1234469.1424
2025-08-19 17:27:00+08:00,181.837,181.837,181.701,181.714,2265.2,411693.526
2025-08-19 17:28:00+08:00,181.714,181.869,181.714,181.804,2576,468252.5274
2025-08-19 17:29:00+08:00,181.804,181.92,181.786,181.811,15505.2,2819601.7578
2025-08-19 17:30:00+08:00,181.811,182.052,181.769,182.042,13756.8,2502994.8218
2025-08-19 17:31:00+08:00,182.042,182.181,181.964,182.018,11861.4,2159876.5884
2025-08-19 17:32:00+08:00,182.018,182.383,181.909,182.237,20442.2,3724717.7382
2025-08-19 17:33:00+08:00,182.237,182.238,181.974,182.025,6540.2,1190699.9808
2025-08-19 17:34:00+08:00,182.025,182.026,181.848,181.875,2407.4,438003.1736
2025-08-19 17:35:00+08:00,181.875,181.932,181.802,181.854,3177.2,577835.4862
2025-08-19 17:36:00+08:00,181.854,181.89,181.801,181.814,2077.4,377771.3624
2025-08-19 17:37:00+08:00,181.814,181.981,181.787,181.981,3358.8,610915.5084
2025-08-19 17:38:00+08:00,181.981,181.981,181.713,181.713,2073,376995.4212
2025-08-19 17:39:00+08:00,181.713,181.713,181.617,181.632,3249.2,590248.7584
2025-08-19 17:40:00+08:00,181.632,181.633,181.528,181.574,4418,802157.6418
2025-08-19 17:41:00+08:00,181.574,181.575,181.504,181.572,3229.2,586246.9856
2025-08-19 17:42:00+08:00,181.572,181.596,181.32,181.372,5907.8,1072153.5298
2025-08-19 17:43:00+08:00,181.372,181.483,181.36,181.483,2278,413215.0686
2025-08-19 17:44:00+08:00,181.483,181.542,181.396,181.427,7034,1276162.8236
2025-08-19 17:45:00+08:00,181.427,181.602,181.426,181.526,1903.2,345454.0368
2025-08-19 17:46:00+08:00,181.526,181.565,181.387,181.387,1038.6,188469.3474
2025-08-19 17:47:00+08:00,181.387,181.426,181.317,181.341,2129,386116.604
2025-08-19 17:48:00+08:00,181.341,181.366,181.242,181.242,2332.4,422850.3914
2025-08-19 17:49:00+08:00,181.242,181.282,181.186,181.189,2903.6,526232.1746
2025-08-19 17:50:00+08:00,181.189,181.23,181.148,181.148,2120.8,384265.9744
2025-08-19 17:51:00+08:00,181.148,181.259,181.145,181.167,1465.8,265595.9608
2025-08-19 17:52:00+08:00,181.167,181.287,181.13,181.264,694.4,125841.1026
2025-08-19 17:53:00+08:00,181.264,181.307,181.181,181.29,922.8,167240.04
2025-08-19 17:54:00+08:00,181.29,181.46,181.29,181.46,1831.6,332288.5784
2025-08-19 17:55:00+08:00,181.46,181.486,181.406,181.444,1542.8,279917.2616
2025-08-19 17:56:00+08:00,181.444,181.45,181.343,181.349,946.2,171635.9208
2025-08-19 17:57:00+08:00,181.349,181.458,181.313,181.341,1228.2,222770.5204
2025-08-19 17:58:00+08:00,181.341,181.369,181.261,181.318,696.8,126329.5184
2025-08-19 17:59:00+08:00,181.318,181.318,181.259,181.26,631.4,114455.2574
2025-08-19 18:00:00+08:00,181.26,181.3,181.208,181.283,1225.2,222089.6572
2025-08-19 18:01:00+08:00,181.283,181.283,181.126,181.145,1232.2,223233.8614
2025-08-19 18:02:00+08:00,181.145,181.161,181.122,181.14,891.2,161437.4994
2025-08-19 18:03:00+08:00,181.14,181.207,181.124,181.143,668.2,121067.0078
2025-08-19 18:04:00+08:00,181.143,181.188,181.111,181.111,1063.2,192591.005
2025-08-19 18:05:00+08:00,181.111,181.465,181.111,181.435,1664.4,301884.3572
2025-08-19 18:06:00+08:00,181.435,181.472,181.359,181.435,2504,454266.8368
2025-08-19 18:07:00+08:00,181.435,181.628,181.435,181.613,2011.2,365185.1586
2025-08-19 18:08:00+08:00,181.613,181.613,181.49,181.514,967.2,175616.6236
2025-08-19 18:09:00+08:00,181.514,181.562,181.431,181.49,525,95301.9074
2025-08-19 18:10:00+08:00,181.49,181.677,181.49,181.604,1737,315465.1666
2025-08-19 18:11:00+08:00,181.604,181.669,181.512,181.512,635.2,115362.96
2025-08-19 18:12:00+08:00,181.512,181.512,181.347,181.409,6930.4,1257074.3048
2025-08-19 18:13:00+08:00,181.409,181.409,181.267,181.307,1235.8,224084.0808
2025-08-19 18:14:00+08:00,181.307,181.387,181.296,181.323,238.2,43196.622
2025-08-19 18:15:00+08:00,181.323,181.511,181.292,181.501,574.8,104288.8108
2025-08-19 18:16:00+08:00,181.501,181.554,181.357,181.406,1150.6,208827.908
2025-08-19 18:17:00+08:00,181.406,181.623,181.406,181.623,752.8,136655.9836
2025-08-19 18:18:00+08:00,181.623,181.737,181.589,181.637,2388.6,433946.7646
2025-08-19 18:19:00+08:00,181.637,181.637,181.45,181.479,9415.4,1708751.4894
2025-08-19 18:20:00+08:00,181.479,181.624,181.478,181.478,2929.4,531672.5532
2025-08-19 18:21:00+08:00,181.478,181.553,181.448,181.52,938.4,170328.519
2025-08-19 18:22:00+08:00,181.52,181.575,181.444,181.575,3474,630568.721
2025-08-19 18:23:00+08:00,181.575,181.691,181.575,181.59,1614,293162.7956
2025-08-19 18:24:00+08:00,181.59,181.674,181.588,181.588,1048.8,190475.3566
2025-08-19 18:25:00+08:00,181.588,181.624,181.527,181.611,1319.2,239532.1348
2025-08-19 18:26:00+08:00,181.611,181.638,181.491,181.537,992.4,180240.8268
2025-08-19 18:27:00+08:00,181.537,181.8,181.537,181.8,4644.4,844032.0976
2025-08-19 18:28:00+08:00,181.8,181.846,181.706,181.715,4080,741762.6408
2025-08-19 18:29:00+08:00,181.715,181.765,181.665,181.677,4163.8,756695.3874
2025-08-19 18:30:00+08:00,181.677,181.677,181.45,181.45,2690.8,488580.4198
2025-08-19 18:31:00+08:00,181.45,181.46,181.297,181.322,4944.2,896870.9292
2025-08-19 18:32:00+08:00,181.322,181.46,181.298,181.299,1810.6,328390.898
2025-08-19 18:33:00+08:00,181.299,181.309,181.209,181.235,3169,574442.5166
2025-08-19 18:34:00+08:00,181.235,181.338,181.209,181.295,782.4,141852.146
2025-08-19 18:35:00+08:00,181.295,181.345,181.234,181.331,98.2,17802.6086
2025-08-19 18:36:00+08:00,181.331,181.418,181.331,181.403,985.2,178696.3622
2025-08-19 18:37:00+08:00,181.403,181.523,181.363,181.523,725.8,131710.4778
2025-08-19 18:38:00+08:00,181.523,181.668,181.523,181.668,2278.8,413867.1238
2025-08-19 18:39:00+08:00,181.668,181.875,181.668,181.874,5268,957798.226
2025-08-19 18:40:00+08:00,181.874,181.933,181.688,181.718,4921.6,894941.6064
2025-08-19 18:41:00+08:00,181.718,181.872,181.669,181.684,2446.2,444622.5188
2025-08-19 18:42:00+08:00,181.684,181.7,181.472,181.472,2380.6,432302.1896
2025-08-19 18:43:00+08:00,181.472,181.643,181.464,181.595,2582.2,468840.5094
2025-08-19 18:44:00+08:00,181.595,181.595,181.509,181.543,2035.2,369469.6886
2025-08-19 18:45:00+08:00,181.543,181.63,181.485,181.485,1292,234588.0446
2025-08-19 18:46:00+08:00,181.485,181.485,181.226,181.235,3396.8,616087.1498
2025-08-19 18:47:00+08:00,181.235,181.497,181.225,181.487,1150.8,208672.9062
2025-08-19 18:48:00+08:00,181.487,181.6,181.487,181.542,1197.2,217337.9566
2025-08-19 18:49:00+08:00,181.542,181.584,181.45,181.46,1252.2,227280.3722
2025-08-19 18:50:00+08:00,181.46,181.461,181.226,181.231,2685.6,486934.0618
2025-08-19 18:51:00+08:00,181.231,181.254,181.126,181.205,4706,852661.8836
2025-08-19 18:52:00+08:00,181.205,181.335,181.205,181.335,610.4,110672.53
2025-08-19 18:53:00+08:00,181.335,181.4,181.284,181.312,423.6,76808.604
2025-08-19 18:54:00+08:00,181.312,181.334,181.259,181.302,896.4,162516.4122
2025-08-19 18:55:00+08:00,181.302,181.365,181.302,181.365,314.6,57048.7088
2025-08-19 18:56:00+08:00,181.365,181.365,181.236,181.293,408.6,74059.7856
2025-08-19 18:57:00+08:00,181.293,181.356,181.262,181.334,301.2,54616.4474
2025-08-19 18:58:00+08:00,181.334,181.344,181.267,181.275,2018.6,366008.9872
2025-08-19 18:59:00+08:00,181.275,181.337,181.232,181.337,1010.8,183241.9172
2025-08-19 19:00:00+08:00,181.337,181.487,181.302,181.486,2524,457819.7272
2025-08-19 19:01:00+08:00,181.486,181.582,181.44,181.533,4885.6,886866.8914
2025-08-19 19:02:00+08:00,181.533,181.56,181.441,181.502,479.6,87031.1466
2025-08-19 19:03:00+08:00,181.502,181.522,181.451,181.496,2867.2,520320.5764
2025-08-19 19:04:00+08:00,181.496,181.5,181.327,181.327,743.8,134962.44
2025-08-19 19:05:00+08:00,181.327,181.383,181.245,181.382,2351.4,426349.649
2025-08-19 19:06:00+08:00,181.382,181.417,181.264,181.4,2656.6,481690.069
2025-08-19 19:07:00+08:00,181.4,181.4,181.315,181.33,621.2,112656.8592
2025-08-19 19:08:00+08:00,181.33,181.433,181.326,181.377,565.2,102535.7976
2025-08-19 19:09:00+08:00,181.377,181.399,181.291,181.317,626,113530.7894
2025-08-19 19:10:00+08:00,181.317,181.428,181.246,181.281,1093.4,198279.9352
2025-08-19 19:11:00+08:00,181.281,181.492,181.281,181.492,865.6,157033.675
2025-08-19 19:12:00+08:00,181.492,181.492,181.403,181.443,384.2,69711.8198
2025-08-19 19:13:00+08:00,181.443,181.542,181.443,181.542,548.6,99568.8662
2025-08-19 19:14:00+08:00,181.542,181.543,181.53,181.535,1574.2,285782.3286
2025-08-19 19:15:00+08:00,181.535,181.674,181.471,181.674,4045.4,734699.3048
2025-08-19 19:16:00+08:00,181.674,181.674,181.388,181.394,1129,204976.6708
2025-08-19 19:17:00+08:00,181.394,181.485,181.364,181.485,1046,189777.7136
2025-08-19 19:18:00+08:00,181.485,181.613,181.472,181.589,777.6,141188.18
2025-08-19 19:19:00+08:00,181.589,181.589,181.407,181.527,1210.6,219664.2644
2025-08-19 19:20:00+08:00,181.527,181.689,181.492,181.669,2229.4,404879.7106
2025-08-19 19:21:00+08:00,181.669,181.753,181.616,181.753,2759.6,501427.0298
2025-08-19 19:22:00+08:00,181.753,182.222,181.747,182.183,37832,6884115.5106
2025-08-19 19:23:00+08:00,182.183,182.223,182.036,182.198,7947.6,1447683.0084
2025-08-19 19:24:00+08:00,182.198,182.359,182.188,182.309,10849.6,1978053.5782
2025-08-19 19:25:00+08:00,182.309,182.339,182.215,182.234,10910.6,1988544.0292
2025-08-19 19:26:00+08:00,182.234,182.414,182.234,182.41,4961.4,904704.309
2025-08-19 19:27:00+08:00,182.41,182.482,182.336,182.366,8738,1594241.3016
2025-08-19 19:28:00+08:00,182.366,182.37,182.051,182.052,12156.2,2214273.367
2025-08-19 19:29:00+08:00,182.052,182.123,182.01,182.065,2753.2,501243.1486
2025-08-19 19:30:00+08:00,182.065,182.253,181.98,182.253,9700.2,1767235.3774
2025-08-19 19:31:00+08:00,182.253,182.325,182.096,182.297,2237.8,407774.111
2025-08-19 19:32:00+08:00,182.297,182.352,182.171,182.31,996.8,181683.9846
2025-08-19 19:33:00+08:00,182.31,182.31,182.205,182.25,3001,546985.4986
2025-08-19 19:34:00+08:00,182.25,182.267,181.97,182.015,1396.2,254179.1524
2025-08-19 19:35:00+08:00,182.015,182.151,181.952,182.036,2522.4,459161.969
2025-08-19 19:36:00+08:00,182.036,182.142,182.02,182.077,1478,269087.1562
2025-08-19 19:37:00+08:00,182.077,182.113,182.024,182.027,1862.4,339036.8652
2025-08-19 19:38:00+08:00,182.027,182.045,181.931,181.931,719,130839.586
2025-08-19 19:39:00+08:00,181.931,181.978,181.906,181.906,3297.6,599916.4652
2025-08-19 19:40:00+08:00,181.906,182.013,181.898,182.013,4673.2,850264.2462
2025-08-19 19:41:00+08:00,182.013,182.1,181.928,182.099,650.6,118412.5548
2025-08-19 19:42:00+08:00,182.099,182.135,181.991,182.028,398,72452.7634
2025-08-19 19:43:00+08:00,182.028,182.028,181.84,181.84,580.6,105597.2102
2025-08-19 19:44:00+08:00,181.84,181.881,181.82,181.881,5408.6,983471.1148
2025-08-19 19:45:00+08:00,181.881,181.972,181.872,181.96,1565.4,284762.1282
2025-08-19 19:46:00+08:00,181.96,182.211,181.946,182.196,6555.4,1193597.3846
2025-08-19 19:47:00+08:00,182.196,182.475,182.186,182.43,8894.6,1622221.6494
2025-08-19 19:48:00+08:00,182.43,182.513,182.35,182.411,4695.6,856722.891
2025-08-19 19:49:00+08:00,182.411,182.415,182.328,182.415,1615.8,294678.3138
2025-08-19 19:50:00+08:00,182.415,182.42,182.296,182.296,936.8,170858.7114
2025-08-19 19:51:00+08:00,182.296,182.409,182.296,182.369,551.8,100621.7598
2025-08-19 19:52:00+08:00,182.369,182.374,182.35,182.359,2476.8,451664.0814
2025-08-19 19:53:00+08:00,182.359,182.37,182.295,182.324,6723.8,1225854.934
2025-08-19 19:54:00+08:00,182.324,182.324,182.207,182.247,3101,565156.4052
2025-08-19 19:55:00+08:00,182.247,182.269,182.148,182.269,738,134479.2276
2025-08-19 19:56:00+08:00,182.269,182.665,182.269,182.665,10028.2,1830970.413
2025-08-19 19:57:00+08:00,182.665,182.706,182.548,182.559,9103.6,1662997.4824
2025-08-19 19:58:00+08:00,182.559,182.729,182.527,182.636,7542.8,1377856.457
2025-08-19 19:59:00+08:00,182.636,182.636,182.5,182.561,4829.8,881693.286
2025-08-19 20:00:00+08:00,182.561,182.651,182.443,182.466,3967.6,724159.465
2025-08-19 20:01:00+08:00,182.466,182.467,182.266,182.368,3502.2,638813.1724
2025-08-19 20:02:00+08:00,182.368,182.444,182.32,182.381,2779.6,507056.3746
2025-08-19 20:03:00+08:00,182.381,182.483,182.016,182.043,11126.4,2027825.0662
2025-08-19 20:04:00+08:00,182.043,182.104,181.834,181.923,21779,3962875.3996
2025-08-19 20:05:00+08:00,181.923,182.058,181.917,182.003,3456.2,628976.0096
2025-08-19 20:06:00+08:00,182.003,182.011,181.882,181.927,2577.6,468928.7858
2025-08-19 20:07:00+08:00,181.927,182.056,181.922,182.02,2354.2,428412.2234
2025-08-19 20:08:00+08:00,182.02,182.093,181.892,181.892,1089.2,198223.1704
2025-08-19 20:09:00+08:00,181.892,181.964,181.881,181.905,580,105503.28
2025-08-19 20:10:00+08:00,181.905,181.948,181.882,181.901,630.4,114666.3328
2025-08-19 20:11:00+08:00,181.901,181.981,181.86,181.974,2045.8,372185.2412
2025-08-19 20:12:00+08:00,181.974,181.989,181.875,181.959,5902.8,1073937.2746
2025-08-19 20:13:00+08:00,181.959,182.073,181.941,182.072,1028,187104.1914
2025-08-19 20:14:00+08:00,182.072,182.133,181.916,181.916,2812.4,511905.4694
2025-08-19 20:15:00+08:00,181.916,182.043,181.916,181.943,3283.2,597444.2364
2025-08-19 20:16:00+08:00,181.943,181.943,181.774,181.775,2374.2,431671.6596
2025-08-19 20:17:00+08:00,181.775,182.074,181.775,182.074,24098.2,4384829.1152
2025-08-19 20:18:00+08:00,182.074,182.1,181.955,181.956,2708.6,493161.8516
2025-08-19 20:19:00+08:00,181.956,181.961,181.8,181.813,1338.4,243395.7898
2025-08-19 20:20:00+08:00,181.813,182.011,181.769,181.923,1295,235493.4408
2025-08-19 20:21:00+08:00,181.923,182.074,181.883,182.063,2397,436284.3364
2025-08-19 20:22:00+08:00,182.063,182.063,181.859,181.859,705.8,128432.6556
2025-08-19 20:23:00+08:00,181.859,182.063,181.859,182.063,2276,414215.9992
2025-08-19 20:24:00+08:00,182.063,182.211,182.062,182.1,4757.6,866646.9206
2025-08-19 20:25:00+08:00,182.1,182.119,182.026,182.099,2084.4,379534.942
2025-08-19 20:26:00+08:00,182.099,182.315,182.08,182.201,12363.4,2253407.5678
2025-08-19 20:27:00+08:00,182.201,182.363,182.176,182.298,12675.6,2310669.722
2025-08-19 20:28:00+08:00,182.298,182.298,181.982,181.988,2647.6,482249.7796
2025-08-19 20:29:00+08:00,181.988,182.164,181.988,182.093,1776.6,323515.1504
2025-08-19 20:30:00+08:00,182.093,182.134,181.89,181.891,2516.4,457990.0646
2025-08-19 20:31:00+08:00,181.891,181.998,181.775,181.775,2681,487574.5332
2025-08-19 20:32:00+08:00,181.775,181.838,181.707,181.795,22682.6,4123761.5862
2025-08-19 20:33:00+08:00,181.795,181.844,181.612,181.776,7902,1436132.3644
2025-08-19 20:34:00+08:00,181.776,181.807,181.586,181.586,3304.2,600309.3096
2025-08-19 20:35:00+08:00,181.586,181.773,181.583,181.734,1926.2,349956.4874
2025-08-19 20:36:00+08:00,181.734,181.86,181.734,181.848,2744.8,499075.4022
2025-08-19 20:37:00+08:00,181.848,181.992,181.82,181.905,5645.2,1026991.1778
2025-08-19 20:38:00+08:00,181.905,182.162,181.876,182.093,14898,2712499.4588
2025-08-19 20:39:00+08:00,182.093,182.112,182.051,182.112,2296.2,418072.9492
2025-08-19 20:40:00+08:00,182.112,182.208,182.099,182.14,3364.8,612993.2158
2025-08-19 20:41:00+08:00,182.14,182.143,182.042,182.042,2613.2,475863.153
2025-08-19 20:42:00+08:00,182.042,182.195,182.042,182.178,2428.6,442397.1198
2025-08-19 20:43:00+08:00,182.178,182.178,181.944,181.944,2238,407486.1558
2025-08-19 20:44:00+08:00,181.944,182.067,181.944,182.067,685.6,124791.3642
2025-08-19 20:45:00+08:00,182.067,182.136,181.843,181.853,1870.2,340374.8198
2025-08-19 20:46:00+08:00,181.853,181.853,181.622,181.622,3453.6,627569.8106
2025-08-19 20:47:00+08:00,181.622,181.751,181.595,181.751,4311,782939.8978
2025-08-19 20:48:00+08:00,181.751,181.751,181.547,181.547,22421.4,4073460.3386
2025-08-19 20:49:00+08:00,181.547,181.558,181.278,181.357,35669.4,6470151.8926
2025-08-19 20:50:00+08:00,181.357,181.608,181.357,181.485,2151.4,390536.3566
2025-08-19 20:51:00+08:00,181.485,181.585,181.476,181.497,1288.4,233872.6278
2025-08-19 20:52:00+08:00,181.497,181.641,181.497,181.624,1484.6,269557.356
2025-08-19 20:53:00+08:00,181.624,181.63,181.542,181.621,970,176145.632
2025-08-19 20:54:00+08:00,181.621,181.729,181.577,181.656,5055.4,918256.8136
2025-08-19 20:55:00+08:00,181.656,181.83,181.656,181.829,1347.4,244969.6866
2025-08-19 20:56:00+08:00,181.829,181.961,181.709,181.718,5586.6,1016149.333
2025-08-19 20:57:00+08:00,181.718,181.75,181.552,181.748,4566.6,829301.5408
2025-08-19 20:58:00+08:00,181.748,181.941,181.708,181.904,2273.2,413299.61
2025-08-19 20:59:00+08:00,181.904,181.957,181.844,181.952,755.8,137486.3104
2025-08-19 21:00:00+08:00,181.952,181.961,181.795,181.911,7154.6,1301127.276
2025-08-19 21:01:00+08:00,181.911,181.911,181.584,181.594,3253,591070.7438
2025-08-19 21:02:00+08:00,181.594,181.868,181.578,181.867,1060,192691.8786
2025-08-19 21:03:00+08:00,181.867,181.867,181.548,181.708,2617,475716.262
2025-08-19 21:04:00+08:00,181.708,181.711,181.637,181.645,196,35608.2378
2025-08-19 21:05:00+08:00,181.645,181.658,181.585,181.656,1704.6,309586.5794
2025-08-19 21:06:00+08:00,181.656,181.663,181.393,181.393,3051.2,553918.2402
2025-08-19 21:07:00+08:00,181.393,181.641,181.383,181.641,2799,508075.3206
2025-08-19 21:08:00+08:00,181.641,181.757,181.592,181.69,791,143730.8262
2025-08-19 21:09:00+08:00,181.69,181.738,181.664,181.691,259.8,47203.8394
2025-08-19 21:10:00+08:00,181.691,181.885,181.53,181.581,20502.8,3724669.5672
2025-08-19 21:11:00+08:00,181.581,181.693,181.479,181.479,2532.6,459855.8814
2025-08-19 21:12:00+08:00,181.479,181.6,181.479,181.6,4975.6,903215.7382
2025-08-19 21:13:00+08:00,181.6,181.629,181.534,181.549,5820.6,1056971.2226
2025-08-19 21:14:00+08:00,181.549,181.58,181.53,181.551,1006.2,182667.1922
2025-08-19 21:15:00+08:00,181.551,181.652,181.477,181.58,2256.8,409716.1336
2025-08-19 21:16:00+08:00,181.58,181.764,181.568,181.666,337.8,61372.083
2025-08-19 21:17:00+08:00,181.666,181.843,181.666,181.843,812.8,147775.2788
2025-08-19 21:18:00+08:00,181.843,181.948,181.78,181.888,1858.8,338118.0524
2025-08-19 21:19:00+08:00,181.888,182.06,181.888,181.967,3102.6,564664.7584
2025-08-19 21:20:00+08:00,181.967,182.296,181.967,182.278,4333.2,789221.6618
2025-08-19 21:21:00+08:00,182.278,182.278,182.125,182.134,891.8,162481.511
2025-08-19 21:22:00+08:00,182.134,182.134,182.021,182.123,5250,955947.8898
2025-08-19 21:23:00+08:00,182.123,182.374,182.099,182.316,7034.6,1281976.0242
2025-08-19 21:24:00+08:00,182.316,182.449,182.286,182.449,12301.4,2243832.6746
2025-08-19 21:25:00+08:00,182.449,182.643,182.392,182.643,9450.4,1724691.2266
2025-08-19 21:26:00+08:00,182.643,182.643,182.396,182.509,4380.2,799401.1218
2025-08-19 21:27:00+08:00,182.509,182.739,182.509,182.739,5857,1069965.1054
2025-08-19 21:28:00+08:00,182.739,182.739,182.514,182.598,2674.8,488444.1598
2025-08-19 21:29:00+08:00,182.598,182.737,182.598,182.691,6828.2,1247339.0422
2025-08-19 21:30:00+08:00,182.691,183.34,182.558,183.305,30078,5503730.1864
2025-08-19 21:31:00+08:00,183.305,183.305,182.51,182.64,13275.4,2427240.5618
2025-08-19 21:32:00+08:00,182.64,182.64,181.613,181.648,45945.2,8362408.7498
2025-08-19 21:33:00+08:00,181.648,181.913,181.518,181.54,22540.8,4095441.4334
2025-08-19 21:34:00+08:00,181.54,181.884,181.3,181.856,26037.4,4727959.0232
2025-08-19 21:35:00+08:00,181.856,181.984,181.342,181.372,8583.2,1559258.741
2025-08-19 21:36:00+08:00,181.372,182.143,181.369,182.049,25555.8,4645378.0958
2025-08-19 21:37:00+08:00,182.049,182.347,181.939,182.347,4844.4,882197.7822
2025-08-19 21:38:00+08:00,182.347,182.361,181.958,182.066,4496.4,818810.8948
2025-08-19 21:39:00+08:00,182.066,182.077,181.613,181.613,3663.2,665969.8744
2025-08-19 21:40:00+08:00,181.613,181.888,181.608,181.625,8837.8,1605912.0282
2025-08-19 21:41:00+08:00,181.625,181.792,181.581,181.678,3035.4,551500.3822
2025-08-19 21:42:00+08:00,181.678,181.878,181.639,181.737,2877.2,522980.7678
2025-08-19 21:43:00+08:00,181.737,181.737,180.944,180.988,61151.6,11082053.694
2025-08-19 21:44:00+08:00,180.988,181.086,180.792,180.857,31213.8,5646759.1846
2025-08-19 21:45:00+08:00,180.857,181.32,180.811,181.028,12507.4,2265473.963
2025-08-19 21:46:00+08:00,181.028,181.091,180.606,180.645,42822.6,7744121.2266
2025-08-19 21:47:00+08:00,180.645,181.074,180.56,180.854,16122.6,2914465.1372
2025-08-19 21:48:00+08:00,180.854,181.199,180.789,181.099,9077.8,1643336.9734
2025-08-19 21:49:00+08:00,181.099,181.258,180.996,181.153,3620,655719.9596
2025-08-19 21:50:00+08:00,181.153,181.56,181.148,181.225,18664.2,3385169.6374
2025-08-19 21:51:00+08:00,181.225,181.818,181.197,181.808,13533.4,2457419.5404
2025-08-19 21:52:00+08:00,181.808,181.85,181.427,181.7,11638,2113900.6254
2025-08-19 21:53:00+08:00,181.7,182.311,181.7,182.31,14539.2,2647117.0432
2025-08-19 21:54:00+08:00,182.31,182.52,182.206,182.4,22222,4052613.099
2025-08-19 21:55:00+08:00,182.4,182.713,182.201,182.24,8760.4,1598388.1204
2025-08-19 21:56:00+08:00,182.24,182.744,182.171,182.54,4762.8,869341.338
2025-08-19 21:57:00+08:00,182.54,182.54,182.268,182.389,10243.4,1868549.6956
2025-08-19 21:58:00+08:00,182.389,182.413,182.125,182.212,14258.8,2598988.2118
2025-08-19 21:59:00+08:00,182.212,182.212,181.923,181.978,4529.6,824666.6864
2025-08-19 22:00:00+08:00,181.978,182.2,181.949,182.059,8647,1574665.3156
2025-08-19 22:01:00+08:00,182.059,182.608,182.039,182.516,7438,1356907.864
2025-08-19 22:02:00+08:00,182.516,182.561,182.304,182.31,6639.2,1211149.8382
2025-08-19 22:03:00+08:00,182.31,182.477,182.127,182.444,4250,774866.4958
2025-08-19 22:04:00+08:00,182.444,182.934,182.408,182.931,8964,1637738.4024
2025-08-19 22:05:00+08:00,182.931,182.936,182.746,182.814,11873.2,2171150.264
2025-08-19 22:06:00+08:00,182.814,182.862,182.451,182.452,7763.8,1417682.6908
2025-08-19 22:07:00+08:00,182.452,182.764,182.348,182.703,4090.8,747115.6302
2025-08-19 22:08:00+08:00,182.703,182.726,182.273,182.299,9548.2,1741886.1646
2025-08-19 22:09:00+08:00,182.299,182.601,182.289,182.6,3909.2,713488.0812
2025-08-19 22:10:00+08:00,182.6,182.727,182.428,182.44,5442.8,993643.7222
2025-08-19 22:11:00+08:00,182.44,182.591,182.33,182.346,5536.6,1010319.8634
2025-08-19 22:12:00+08:00,182.346,182.717,182.25,182.25,5710.4,1041983.2356
2025-08-19 22:13:00+08:00,182.25,182.662,182.235,182.364,5323.4,971174.5232
2025-08-19 22:14:00+08:00,182.364,182.364,181.913,181.965,9809.8,1786102.1932
2025-08-19 22:15:00+08:00,181.965,182.188,181.85,181.851,6943,1263561.7954
2025-08-19 22:16:00+08:00,181.851,181.89,181.356,181.411,17195.2,3122577.0618
2025-08-19 22:17:00+08:00,181.411,181.583,181.169,181.185,25708,4660810.4848
2025-08-19 22:18:00+08:00,181.185,181.427,181.069,181.119,60801,11016668.2254
2025-08-19 22:19:00+08:00,181.119,181.478,180.921,181.228,21448,3884847.5078
2025-08-19 22:20:00+08:00,181.228,181.559,181.158,181.422,7730.6,1402308.6562
2025-08-19 22:21:00+08:00,181.422,181.63,181.219,181.308,6714.4,1218241.148
2025-08-19 22:22:00+08:00,181.308,181.37,181.105,181.174,9185.6,1664891.3752
2025-08-19 22:23:00+08:00,181.174,181.287,180.963,180.997,5264.4,953117.322
2025-08-19 22:24:00+08:00,180.997,181.089,180.905,181.024,7675,1389182.6822
2025-08-19 22:25:00+08:00,181.024,181.308,180.82,180.876,9594.8,1737407.6532
2025-08-19 22:26:00+08:00,180.876,181.002,180.807,180.829,5319.6,962250.6842
2025-08-19 22:27:00+08:00,180.829,180.829,179.711,179.789,121761.8,21948890.2356
2025-08-19 22:28:00+08:00,179.789,179.914,179.522,179.623,48875.6,8784540.569
2025-08-19 22:29:00+08:00,179.623,179.627,179.216,179.264,21951.4,3938287.9826
2025-08-19 22:30:00+08:00,179.264,179.686,179.046,179.062,23005.8,4128073.5962
2025-08-19 22:31:00+08:00,179.062,179.172,178.5,178.839,54291.6,9707742.5226
2025-08-19 22:32:00+08:00,178.839,179.98,178.834,179.913,38827.6,6971361.7872
2025-08-19 22:33:00+08:00,179.913,180.151,179.801,180.15,36469.8,6565803.745
2025-08-19 22:34:00+08:00,180.15,180.15,179.806,179.882,16449.6,2960432.413
2025-08-19 22:35:00+08:00,179.882,179.968,179.518,179.626,9006.6,1618695.7688
2025-08-19 22:36:00+08:00,179.626,179.747,179.266,179.465,13817,2480292.742
2025-08-19 22:37:00+08:00,179.465,179.777,179.441,179.733,10627,1908439.9146
2025-08-19 22:38:00+08:00,179.733,179.913,179.547,179.583,3532.6,635252.1726
2025-08-19 22:39:00+08:00,179.583,179.83,179.472,179.572,6235,1119659.9384
2025-08-19 22:40:00+08:00,179.572,179.69,179.2,179.219,10822.8,1941741.6552
2025-08-19 22:41:00+08:00,179.219,179.274,178.387,178.398,39600.6,7075809.3854
2025-08-19 22:42:00+08:00,178.398,178.731,177.967,178.096,161664.2,28827886.1188
2025-08-19 22:43:00+08:00,178.096,178.521,178.082,178.312,26953.8,4807254.299
2025-08-19 22:44:00+08:00,178.312,178.817,178.126,178.652,22383.2,3995172.9258
2025-08-19 22:45:00+08:00,178.652,178.746,178.326,178.326,19759.4,3528939.18
2025-08-19 22:46:00+08:00,178.326,178.913,178.316,178.74,13166.2,2352764.8148
2025-08-19 22:47:00+08:00,178.74,178.96,178.692,178.822,11699.4,2092251.1642
2025-08-19 22:48:00+08:00,178.822,178.889,178.306,178.358,13853.6,2473699.8454
2025-08-19 22:49:00+08:00,178.358,178.869,178.327,178.815,11768.8,2102005.448
2025-08-19 22:50:00+08:00,178.815,178.89,178.542,178.581,7266.6,1299049.2004
2025-08-19 22:51:00+08:00,178.581,179.22,178.496,179.137,20484.4,3666604.76
2025-08-19 22:52:00+08:00,179.137,179.398,179.121,179.355,17938.8,3216034.4416
2025-08-19 22:53:00+08:00,179.355,179.385,179.015,179.173,6072.6,1088644.0786
2025-08-19 22:54:00+08:00,179.173,179.222,179.049,179.073,3014.6,539976.8548
2025-08-19 22:55:00+08:00,179.073,179.203,178.967,178.983,12321.6,2206248.3052
2025-08-19 22:56:00+08:00,178.983,179.11,178.859,179.049,3731.4,667930.287
2025-08-19 22:57:00+08:00,179.049,179.128,178.621,178.639,7536.8,1348154.6564
2025-08-19 22:58:00+08:00,178.639,178.809,178.52,178.564,5879.4,1050443.3094
2025-08-19 22:59:00+08:00,178.564,178.643,178.427,178.486,4846.8,865095.6064
2025-08-19 23:00:00+08:00,178.486,178.886,178.486,178.535,11733.8,2096523.686
2025-08-19 23:01:00+08:00,178.535,178.825,178.326,178.52,8378.2,1496033.5306
2025-08-19 23:02:00+08:00,178.52,178.749,178.382,178.587,33028.4,5895843.7828
2025-08-19 23:03:00+08:00,178.587,178.887,178.488,178.887,5340.2,954043.1106
2025-08-19 23:04:00+08:00,178.887,178.915,178.537,178.594,7470.4,1335323.9338
2025-08-19 23:05:00+08:00,178.594,178.663,178,178.066,10051.6,1791272.0302
2025-08-19 23:06:00+08:00,178.066,178.352,178.03,178.03,4987.6,888641.5808
2025-08-19 23:07:00+08:00,178.03,178.15,177.428,177.741,76590.2,13608587.6558
2025-08-19 23:08:00+08:00,177.741,178.559,177.735,178.121,41133.2,7336014.6574
2025-08-19 23:09:00+08:00,178.121,178.336,178.033,178.14,20986.2,3740142.0682
2025-08-19 23:10:00+08:00,178.14,178.282,177.742,178.176,32839.2,5842426.3756
2025-08-19 23:11:00+08:00,178.176,178.208,177.674,177.745,11955.2,2126442.7148
2025-08-19 23:12:00+08:00,177.745,177.935,177.645,177.885,8054.6,1431713.291
2025-08-19 23:13:00+08:00,177.885,178.233,177.818,178.196,4037.4,718927.2428
2025-08-19 23:14:00+08:00,178.196,178.222,177.98,178.022,5547.4,988157.7024
2025-08-19 23:15:00+08:00,178.022,178.163,177.72,177.72,3693,656982.6194
2025-08-19 23:16:00+08:00,177.72,178.089,177.648,178.088,4137.4,735647.459
2025-08-19 23:17:00+08:00,178.088,178.577,178.065,178.461,74013.4,13201803.412
2025-08-19 23:18:00+08:00,178.461,178.6,178.23,178.6,13465.2,2402213.804
2025-08-19 23:19:00+08:00,178.6,178.61,178.359,178.522,14057.8,2509162.5272
2025-08-19 23:20:00+08:00,178.522,179.173,178.495,179.12,10801,1932963.8904
2025-08-19 23:21:00+08:00,179.12,179.16,178.922,179.067,11696.6,2094425.4264
2025-08-19 23:22:00+08:00,179.067,179.105,178.663,178.729,12114.4,2166441.9576
2025-08-19 23:23:00+08:00,178.729,179.296,178.646,179.286,8957.4,1603461.3244
2025-08-19 23:24:00+08:00,179.286,179.627,179.286,179.506,21809.2,3914038.9996
2025-08-19 23:25:00+08:00,179.506,179.507,179.116,179.297,4250.2,761950.855
2025-08-19 23:26:00+08:00,179.297,179.61,179.297,179.505,4032.8,723838.5252
2025-08-19 23:27:00+08:00,179.505,179.714,179.444,179.686,8934.2,1604688.2744
2025-08-19 23:28:00+08:00,179.686,179.686,179.415,179.415,11760,2111761.0788
2025-08-19 23:29:00+08:00,179.415,179.747,179.415,179.713,12017.4,2158385.0186
2025-08-19 23:30:00+08:00,179.713,179.821,179.504,179.668,9185.2,1650308.9592
2025-08-19 23:31:00+08:00,179.668,179.673,179.372,179.562,7726.8,1386870.5668
2025-08-19 23:32:00+08:00,179.562,179.653,179.309,179.309,3091,554866.5774
2025-08-19 23:33:00+08:00,179.309,179.404,179.118,179.188,4980.8,892665.647
2025-08-19 23:34:00+08:00,179.188,179.419,179.188,179.331,1614.6,289531.625
2025-08-19 23:35:00+08:00,179.331,179.492,179.261,179.332,2255.2,404479.3128
2025-08-19 23:36:00+08:00,179.332,179.332,178.925,178.949,9434,1689157.2764
2025-08-19 23:37:00+08:00,178.949,179.223,178.947,179.159,1050.4,188120.1912
2025-08-19 23:38:00+08:00,179.159,179.204,178.919,178.919,1548,277229.0418
2025-08-19 23:39:00+08:00,178.919,179.114,178.804,178.833,10314.8,1845635.4012
2025-08-19 23:40:00+08:00,178.833,179.073,178.763,178.968,9052.4,1619938.7248
2025-08-19 23:41:00+08:00,178.968,178.968,178.6,178.763,7395.6,1321866.1502
2025-08-19 23:42:00+08:00,178.763,179.061,178.763,179.039,2857.4,511245.4126
2025-08-19 23:43:00+08:00,179.039,179.4,179.039,179.295,5689.4,1019770.983
2025-08-19 23:44:00+08:00,179.295,179.3,179.064,179.064,2250.2,403275.1126
2025-08-19 23:45:00+08:00,179.064,179.111,178.758,178.798,2069.6,370272.8526
2025-08-19 23:46:00+08:00,178.798,178.889,178.751,178.765,7594.4,1358156.0296
2025-08-19 23:47:00+08:00,178.765,178.765,178.222,178.248,13765,2455708.1556
2025-08-19 23:48:00+08:00,178.248,178.659,178.248,178.515,3631.8,648135.3712
2025-08-19 23:49:00+08:00,178.515,178.515,178.091,178.225,31078.6,5538541.1932
2025-08-19 23:50:00+08:00,178.225,178.263,177.822,177.938,32796.4,5837864.6094
2025-08-19 23:51:00+08:00,177.938,177.981,177.67,177.69,11143,1981039.705
2025-08-19 23:52:00+08:00,177.69,177.997,177.654,177.902,12510.4,2224523.2436
2025-08-19 23:53:00+08:00,177.902,177.98,177.813,177.899,4534.4,806724.097
2025-08-19 23:54:00+08:00,177.899,178.051,177.805,177.838,3686.2,655955.3624
2025-08-19 23:55:00+08:00,177.838,178.021,177.749,177.862,6804,1209782.214
2025-08-19 23:56:00+08:00,177.862,178.083,177.862,178.055,5449.8,969951.2484
2025-08-19 23:57:00+08:00,178.055,178.15,178.001,178.13,8346.6,1486344.0588
2025-08-19 23:58:00+08:00,178.13,178.3,177.919,177.963,9962.8,1773846.7758
2025-08-19 23:59:00+08:00,177.963,177.973,177.793,177.894,5701.6,1014051.3456
2025-08-20 00:00:00+08:00,177.894,177.98,177.627,177.882,11325.8,2013489.0258
2025-08-20 00:01:00+08:00,177.882,177.936,177.711,177.834,3555.2,632054.6472
2025-08-20 00:02:00+08:00,177.834,178.035,177.834,177.925,5482.4,975789.134
2025-08-20 00:03:00+08:00,177.925,178.093,177.805,178.093,5614,999350.1494
2025-08-20 00:04:00+08:00,178.093,178.393,178.083,178.23,11703.4,2086341.0804
2025-08-20 00:05:00+08:00,178.23,178.28,177.86,177.884,16272,2899585.1722
2025-08-20 00:06:00+08:00,177.884,178.115,177.845,178.079,2999.4,533934.8442
2025-08-20 00:07:00+08:00,178.079,178.221,177.943,177.946,2773.2,493673.8438
2025-08-20 00:08:00+08:00,177.946,178.074,177.901,177.903,2287,407009.9642
2025-08-20 00:09:00+08:00,177.903,178.202,177.882,178.132,2057.8,366245.2998
2025-08-20 00:10:00+08:00,178.132,178.497,178.122,178.273,5654.2,1008307.651
2025-08-20 00:11:00+08:00,178.273,178.343,178.17,178.22,3647.4,650177.136
2025-08-20 00:12:00+08:00,178.22,178.243,178,178.051,7984.4,1422011.7958
2025-08-20 00:13:00+08:00,178.051,178.108,177.963,177.963,2914.4,518876.7876
2025-08-20 00:14:00+08:00,177.963,177.981,177.776,177.822,15610,2776985.5436
2025-08-20 00:15:00+08:00,177.822,178.102,177.769,178.023,11896.6,2117180.938
2025-08-20 00:16:00+08:00,178.023,178.357,177.948,178.268,2799,498692.8908
2025-08-20 00:17:00+08:00,178.268,178.298,177.928,178.027,3281.4,584385.9054
2025-08-20 00:18:00+08:00,178.027,178.083,177.8,178.067,9250.8,1646075.3886
2025-08-20 00:19:00+08:00,178.067,178.225,178.033,178.075,11458.6,2041081.6162
2025-08-20 00:20:00+08:00,178.075,178.162,177.934,178.136,1370.2,243920.8872
2025-08-20 00:21:00+08:00,178.136,178.339,178.04,178.086,1411.6,251582.0892
2025-08-20 00:22:00+08:00,178.086,178.175,178.028,178.161,1571.2,279871.8332
2025-08-20 00:23:00+08:00,178.161,178.289,178.113,178.286,6492.2,1157180.0484
2025-08-20 00:24:00+08:00,178.286,178.286,178.072,178.228,4928.4,878160.874
2025-08-20 00:25:00+08:00,178.228,178.335,178.001,178.001,2677,477089.908
2025-08-20 00:26:00+08:00,178.001,178.065,177.922,177.95,7788.4,1385980.9278
2025-08-20 00:27:00+08:00,177.95,178.058,177.794,177.806,7535.2,1340357.3406
2025-08-20 00:28:00+08:00,177.806,178.099,177.794,178.099,3589.4,638836.1746
2025-08-20 00:29:00+08:00,178.099,178.151,177.805,177.832,1768.2,314777.7684
2025-08-20 00:30:00+08:00,177.832,178.019,177.805,177.975,2899.4,515912.098
2025-08-20 00:31:00+08:00,177.975,178.235,177.88,177.89,2874,511629.0386
2025-08-20 00:32:00+08:00,177.89,178.22,177.851,178.176,8385.4,1493716.8364
2025-08-20 00:33:00+08:00,178.176,178.32,178.126,178.225,8405.6,1498166.0784
2025-08-20 00:34:00+08:00,178.225,178.264,178.067,178.264,1379,245722.4836
2025-08-20 00:35:00+08:00,178.264,178.385,178.125,178.131,3635.6,648259.6482
2025-08-20 00:36:00+08:00,178.131,178.173,177.727,177.727,10469.4,1862525.1792
2025-08-20 00:37:00+08:00,177.727,178.441,177.168,178.1,52294.2,9289844.5828
2025-08-20 00:38:00+08:00,178.1,178.115,177.682,177.754,6785.2,1207357.104
2025-08-20 00:39:00+08:00,177.754,177.754,177.251,177.324,15125.2,2683449.0616
2025-08-20 00:40:00+08:00,177.324,177.442,177.011,177.14,17757.2,3146976.7034
2025-08-20 00:41:00+08:00,177.14,177.5,177.14,177.429,6293.8,1116183.017
2025-08-20 00:42:00+08:00,177.429,177.893,177.429,177.872,8032.4,1427707.1392
2025-08-20 00:43:00+08:00,177.872,177.961,177.574,177.574,4270.2,758992.6226
2025-08-20 00:44:00+08:00,177.574,177.922,177.574,177.885,3810.2,677586.8002
2025-08-20 00:45:00+08:00,177.885,177.955,177.478,177.486,4152.4,738263.3852
2025-08-20 00:46:00+08:00,177.486,177.544,177.247,177.378,6320.4,1121162.1866
2025-08-20 00:47:00+08:00,177.378,177.715,177.378,177.466,6249.6,1109695.871
2025-08-20 00:48:00+08:00,177.466,177.503,177.301,177.324,8472.8,1502705.7704
2025-08-20 00:49:00+08:00,177.324,177.324,177.111,177.111,7254.8,1285331.7892
2025-08-20 00:50:00+08:00,177.111,177.127,176.671,176.754,63937.8,11307208.011
2025-08-20 00:51:00+08:00,176.754,177.299,176.754,177.085,12442.2,2203426.2062
2025-08-20 00:52:00+08:00,177.085,177.455,177.085,177.264,6099.4,1081568.5058
2025-08-20 00:53:00+08:00,177.264,177.673,177.264,177.517,4661,827383.516
2025-08-20 00:54:00+08:00,177.517,177.519,177.212,177.212,2508.4,444967.1598
2025-08-20 00:55:00+08:00,177.212,177.473,177.212,177.293,1563.6,277279.414
2025-08-20 00:56:00+08:00,177.293,177.422,177.212,177.399,3869.4,686093.406
2025-08-20 00:57:00+08:00,177.399,177.445,176.918,177.067,8777.8,1555427.0042
2025-08-20 00:58:00+08:00,177.067,177.262,177.067,177.156,3184.2,564248.7948
2025-08-20 00:59:00+08:00,177.156,177.254,176.896,177.078,9725.6,1722266.1864
2025-08-20 01:00:00+08:00,177.078,177.149,176.92,177.071,5540.2,980799.455
2025-08-20 01:01:00+08:00,177.071,177.283,176.718,177.057,12102.8,2141962.7406
2025-08-20 01:02:00+08:00,177.057,177.164,177,177.138,5925.8,1049482.945
2025-08-20 01:03:00+08:00,177.138,177.409,177.05,177.052,7250.2,1284927.7318
2025-08-20 01:04:00+08:00,177.052,177.052,176.755,176.795,5310.6,939232.3996
2025-08-20 01:05:00+08:00,176.795,176.912,176.341,176.344,39323,6940684.261
2025-08-20 01:06:00+08:00,176.344,177.167,176.247,176.679,44301.4,7817856.4492
2025-08-20 01:07:00+08:00,176.679,176.807,176.536,176.597,8519.4,1504671.1246
2025-08-20 01:08:00+08:00,176.597,176.84,176.522,176.755,4203.2,742788.7514
2025-08-20 01:09:00+08:00,176.755,177.113,176.726,176.813,6290.6,1112919.793
2025-08-20 01:10:00+08:00,176.813,177.367,176.805,177.366,8961,1587710.0912
2025-08-20 01:11:00+08:00,177.366,177.769,177.356,177.664,11244.8,1997137.5176
2025-08-20 01:12:00+08:00,177.664,177.881,177.602,177.702,7338.6,1304583.177
2025-08-20 01:13:00+08:00,177.702,177.752,177.5,177.573,2259,401276.0788
2025-08-20 01:14:00+08:00,177.573,178.042,177.573,178.042,10846,1929273.7846
2025-08-20 01:15:00+08:00,178.042,178.234,177.771,177.795,17533,3120575.6642
2025-08-20 01:16:00+08:00,177.795,177.944,177.583,177.61,17561.2,3121031.311
2025-08-20 01:17:00+08:00,177.61,178.226,177.61,178.216,11643.8,2073159.3654
2025-08-20 01:18:00+08:00,178.216,178.216,177.835,177.965,11650.8,2073504.1454
2025-08-20 01:19:00+08:00,177.965,178.198,177.965,178.137,3815,679384.6318
2025-08-20 01:20:00+08:00,178.137,178.267,177.979,178.012,7008.2,1248416.4084
2025-08-20 01:21:00+08:00,178.012,178.187,177.897,178.006,2534.8,451301.325
2025-08-20 01:22:00+08:00,178.006,178.1,177.875,178.058,8196.4,1459178.5156
2025-08-20 01:23:00+08:00,178.058,178.3,178.011,178.3,10987.2,1957495.4304
2025-08-20 01:24:00+08:00,178.3,178.43,178.229,178.387,5548.4,989642.547
2025-08-20 01:25:00+08:00,178.387,178.397,178.2,178.232,2898.2,516744.3114
2025-08-20 01:26:00+08:00,178.232,178.324,178.048,178.242,5525.2,984581.206
2025-08-20 01:27:00+08:00,178.242,178.242,178.064,178.166,3914,697224.1058
2025-08-20 01:28:00+08:00,178.166,178.376,178.166,178.273,3529.2,629203.469
2025-08-20 01:29:00+08:00,178.273,178.405,178.2,178.399,14381.6,2563940.0388
2025-08-20 01:30:00+08:00,178.399,178.579,178.274,178.535,9324.2,1663861.513
2025-08-20 01:31:00+08:00,178.535,178.684,178.463,178.596,6609.8,1180713.7288
2025-08-20 01:32:00+08:00,178.596,178.613,178.371,178.419,3335.2,595394.1102
2025-08-20 01:33:00+08:00,178.419,178.469,178.27,178.418,4883.6,871136.4514
2025-08-20 01:34:00+08:00,178.418,178.586,178.418,178.483,1613.6,288066.5192
2025-08-20 01:35:00+08:00,178.483,178.552,178.147,178.147,5326,949667.0098
2025-08-20 01:36:00+08:00,178.147,178.324,178.147,178.255,2055.4,366332.3184
2025-08-20 01:37:00+08:00,178.255,178.419,178.255,178.314,3515,626849.7564
2025-08-20 01:38:00+08:00,178.314,178.419,178.146,178.337,5396.4,961657.3734
2025-08-20 01:39:00+08:00,178.337,178.417,178.147,178.152,1306.4,232915.1122
2025-08-20 01:40:00+08:00,178.152,178.266,178.079,178.203,3565.4,635118.847
2025-08-20 01:41:00+08:00,178.203,178.248,178.02,178.02,4639,826380.2928
2025-08-20 01:42:00+08:00,178.02,178.109,177.868,177.868,11307.2,2012833.3834
2025-08-20 01:43:00+08:00,177.868,178.074,177.86,177.967,2204.4,392311.7174
2025-08-20 01:44:00+08:00,177.967,178.093,177.918,177.924,1962,349196.6114
2025-08-20 01:45:00+08:00,177.924,177.977,177.75,177.758,5574.2,991156.5216
2025-08-20 01:46:00+08:00,177.758,177.825,177.499,177.507,16705,2966914.6802
2025-08-20 01:47:00+08:00,177.507,177.732,177.507,177.666,1931.2,343084.4294
2025-08-20 01:48:00+08:00,177.666,177.88,177.662,177.855,3448.2,613093.258
2025-08-20 01:49:00+08:00,177.855,177.938,177.651,177.724,15471,2751598.2284
2025-08-20 01:50:00+08:00,177.724,177.854,177.724,177.793,720.4,128064.8424
2025-08-20 01:51:00+08:00,177.793,178.069,177.733,177.979,2395.4,426214.2198
2025-08-20 01:52:00+08:00,177.979,178.014,177.677,177.677,1259,223816.2916
2025-08-20 01:53:00+08:00,177.677,177.875,177.664,177.817,973.4,173032.0656
2025-08-20 01:54:00+08:00,177.817,177.906,177.735,177.906,1742,309813.8768
2025-08-20 01:55:00+08:00,177.906,178.019,177.906,177.987,1267.8,225647.7938
2025-08-20 01:56:00+08:00,177.987,178.071,177.96,178.007,2552.6,454396.7236
2025-08-20 01:57:00+08:00,178.007,178.184,177.982,178.058,7500,1335631.3608
2025-08-20 01:58:00+08:00,178.058,178.269,177.913,178.182,6557.6,1167371.8006
2025-08-20 01:59:00+08:00,178.182,178.182,178.025,178.068,1579.4,281272.6592
2025-08-20 02:00:00+08:00,178.068,178.124,177.917,177.994,4343.8,773262.0614
2025-08-20 02:01:00+08:00,177.994,178.013,177.66,177.703,3139.2,558281.8282
2025-08-20 02:02:00+08:00,177.703,177.933,177.667,177.852,3361.6,597643.7314
2025-08-20 02:03:00+08:00,177.852,177.881,177.6,177.864,10239.4,1819083.3254
2025-08-20 02:04:00+08:00,177.864,178.046,177.864,178.044,1381.4,245789.4098
2025-08-20 02:05:00+08:00,178.044,178.044,177.857,177.884,2942.6,523560.96
2025-08-20 02:06:00+08:00,177.884,177.884,177.771,177.835,584,103841.7522
2025-08-20 02:07:00+08:00,177.835,178.133,177.834,178.055,1539,273958.5658
2025-08-20 02:08:00+08:00,178.055,178.111,177.9,178.097,2756.6,490647.6266
2025-08-20 02:09:00+08:00,178.097,178.279,178.058,178.261,797,142003.6484
2025-08-20 02:10:00+08:00,178.261,178.318,178.173,178.264,686.2,122313.114
2025-08-20 02:11:00+08:00,178.264,178.486,178.25,178.486,5249.8,936771.6234
2025-08-20 02:12:00+08:00,178.486,178.554,178.402,178.49,5366,957881.1228
2025-08-20 02:13:00+08:00,178.49,178.534,178.413,178.476,666.8,118990.419
2025-08-20 02:14:00+08:00,178.476,178.534,178.303,178.304,5334.4,952061.2856
2025-08-20 02:15:00+08:00,178.304,178.521,178.268,178.433,1278.6,228157.1696
2025-08-20 02:16:00+08:00,178.433,178.553,178.409,178.481,6529.4,1165305.6148
2025-08-20 02:17:00+08:00,178.481,178.52,178.232,178.232,1950.2,347751.5014
2025-08-20 02:18:00+08:00,178.232,178.516,178.229,178.442,4073.8,726333.5816
2025-08-20 02:19:00+08:00,178.442,178.502,178.192,178.267,9094.8,1621153.242
2025-08-20 02:20:00+08:00,178.267,178.298,178.058,178.058,8363.8,1490353.6572
2025-08-20 02:21:00+08:00,178.058,178.147,177.967,178.147,4424.2,787677.3604
2025-08-20 02:22:00+08:00,178.147,178.375,178.114,178.179,30816.4,5492785.8732
2025-08-20 02:23:00+08:00,178.179,178.347,178.113,178.347,3735.8,665940.3754
2025-08-20 02:24:00+08:00,178.347,178.608,178.346,178.585,22003.2,3926697.5938
2025-08-20 02:25:00+08:00,178.585,178.752,178.561,178.686,9776.4,1746599.644
2025-08-20 02:26:00+08:00,178.686,178.691,178.556,178.556,2732,487955.3142
2025-08-20 02:27:00+08:00,178.556,178.562,178.275,178.332,4063.8,725460.8134
2025-08-20 02:28:00+08:00,178.332,178.416,178.268,178.371,1001.2,178590.011
2025-08-20 02:29:00+08:00,178.371,178.424,178.165,178.192,13693.4,2440396.3896
2025-08-20 02:30:00+08:00,178.192,178.37,178.141,178.344,1382.4,246369.8018
2025-08-20 02:31:00+08:00,178.344,178.477,178.344,178.45,783.4,139770.7866
2025-08-20 02:32:00+08:00,178.45,178.571,178.401,178.571,6677.2,1191718.2984
2025-08-20 02:33:00+08:00,178.571,178.571,178.372,178.416,854.6,152482.4862
2025-08-20 02:34:00+08:00,178.416,178.556,178.416,178.491,858.4,153223.619
2025-08-20 02:35:00+08:00,178.491,178.683,178.484,178.576,7078.4,1263931.0626
2025-08-20 02:36:00+08:00,178.576,178.683,178.497,178.505,2245.2,401003.5084
2025-08-20 02:37:00+08:00,178.505,178.55,178.278,178.344,2154.4,384406.3756
2025-08-20 02:38:00+08:00,178.344,178.48,178.288,178.41,3920.4,699405.851
2025-08-20 02:39:00+08:00,178.41,178.529,178.332,178.421,1983.2,353890.5792
2025-08-20 02:40:00+08:00,178.421,178.511,178.213,178.213,1334.6,237981.8686
2025-08-20 02:41:00+08:00,178.213,178.267,177.748,177.796,4980.2,886303.5178
2025-08-20 02:42:00+08:00,177.796,177.796,177.42,177.554,9972.8,1770518.3996
2025-08-20 02:43:00+08:00,177.554,177.613,177.106,177.123,65667.8,11649349.4832
2025-08-20 02:44:00+08:00,177.123,177.16,176.975,177.043,20066.8,3552409.518
2025-08-20 02:45:00+08:00,177.043,177.141,176.875,177.035,27689.4,4901189.9612
2025-08-20 02:46:00+08:00,177.035,177.286,177.035,177.23,3881,687613.3364
2025-08-20 02:47:00+08:00,177.23,177.409,177.145,177.218,4922.8,872575.9116
2025-08-20 02:48:00+08:00,177.218,177.374,176.902,176.912,4133.6,731724.999
2025-08-20 02:49:00+08:00,176.912,176.912,176.5,176.5,12197.2,2155224.5006
2025-08-20 02:50:00+08:00,176.5,176.617,176.289,176.29,24236.8,4277553.6736
2025-08-20 02:51:00+08:00,176.29,176.398,175.761,176.018,164462.8,28952383.7588
2025-08-20 02:52:00+08:00,176.018,176.246,175.88,176.218,14737.6,2594029.1788
2025-08-20 02:53:00+08:00,176.218,176.571,176.218,176.453,10962.4,1933621.737
2025-08-20 02:54:00+08:00,176.453,176.831,176.432,176.81,22940.6,4053161.0174
2025-08-20 02:55:00+08:00,176.81,177.049,176.727,176.727,7113.4,1258595.5424
2025-08-20 02:56:00+08:00,176.727,176.897,176.626,176.85,2437.4,430836.5256
2025-08-20 02:57:00+08:00,176.85,176.91,176.724,176.845,1074.8,190045.234
2025-08-20 02:58:00+08:00,176.845,176.846,176.705,176.734,1718,303670.556
2025-08-20 02:59:00+08:00,176.734,176.907,176.581,176.638,2812.6,496928.9592
2025-08-20 03:00:00+08:00,176.638,176.66,176.234,176.234,11856.2,2091946.0926
2025-08-20 03:01:00+08:00,176.234,176.327,175.788,175.788,6865.4,1208248.1026
2025-08-20 03:02:00+08:00,175.788,175.985,175.617,175.778,29645.4,5209803.5754
2025-08-20 03:03:00+08:00,175.778,176.049,175.772,175.852,8317,1463173.3884
2025-08-20 03:04:00+08:00,175.852,176.191,175.68,175.941,11786.2,2073136.8304
2025-08-20 03:05:00+08:00,175.941,176.324,175.92,175.984,5615.4,988696.7486
2025-08-20 03:06:00+08:00,175.984,176.023,175.691,175.709,7725.6,1358426.516
2025-08-20 03:07:00+08:00,175.709,176.044,175.705,175.988,4795.8,843679.96
2025-08-20 03:08:00+08:00,175.988,176.125,175.937,175.954,2123.4,373732.2448
2025-08-20 03:09:00+08:00,175.954,176.279,175.893,176.175,8712.4,1533160.379
2025-08-20 03:10:00+08:00,176.175,176.207,175.907,176.061,1825.6,321326.351
2025-08-20 03:11:00+08:00,176.061,176.092,175.733,176.006,9883.4,1738541.3844
2025-08-20 03:12:00+08:00,176.006,176.206,175.973,176.108,8403.4,1480140.2472
2025-08-20 03:13:00+08:00,176.108,176.275,176.041,176.059,1930.8,340198.5476
2025-08-20 03:14:00+08:00,176.059,176.181,175.992,176.106,2183.8,384544.4836
2025-08-20 03:15:00+08:00,176.106,176.114,175.889,175.946,2111.4,371645.8406
2025-08-20 03:16:00+08:00,175.946,176.093,175.833,175.976,4772.2,839460.0102
2025-08-20 03:17:00+08:00,175.976,176.11,175.903,176.088,21936.8,3860273.9936
2025-08-20 03:18:00+08:00,176.088,176.59,176.063,176.404,14390.4,2538508.2272
2025-08-20 03:19:00+08:00,176.404,176.818,176.366,176.799,7607.8,1344138.3016
2025-08-20 03:20:00+08:00,176.799,177.102,176.775,177.093,7260.2,1284270.5138
2025-08-20 03:21:00+08:00,177.093,177.507,177.082,177.407,11683.8,2071079.8612
2025-08-20 03:22:00+08:00,177.407,177.417,177.241,177.373,4997.6,886295.003
2025-08-20 03:23:00+08:00,177.373,177.451,177.219,177.451,3509.2,622377.313
2025-08-20 03:24:00+08:00,177.451,177.713,177.396,177.713,3144,558275.1262
2025-08-20 03:25:00+08:00,177.713,178.04,177.713,177.888,7578.6,1348314.3486
2025-08-20 03:26:00+08:00,177.888,178.084,177.7,178.084,21211.4,3771222.5856
2025-08-20 03:27:00+08:00,178.084,178.232,178.016,178.14,5196.2,925741.9088
2025-08-20 03:28:00+08:00,178.14,178.218,178.044,178.171,3553.4,632907.3548
2025-08-20 03:29:00+08:00,178.171,178.183,177.934,177.976,3677,654486.9398
2025-08-20 03:30:00+08:00,177.976,178.138,177.91,178.082,2787.8,496247.8094
2025-08-20 03:31:00+08:00,178.082,178.082,177.473,177.498,19399.6,3447730.5718
2025-08-20 03:32:00+08:00,177.498,177.594,177.358,177.459,4758.2,844470.216
2025-08-20 03:33:00+08:00,177.459,177.697,177.458,177.566,3523.6,625814.6356
2025-08-20 03:34:00+08:00,177.566,177.662,177.447,177.657,3926.4,697182.1126
2025-08-20 03:35:00+08:00,177.657,177.846,177.615,177.846,12290.8,2184946.1274
2025-08-20 03:36:00+08:00,177.846,178.027,177.778,177.998,7954.6,1415249.749
2025-08-20 03:37:00+08:00,177.998,178.1,177.934,178.099,3838.6,683193.3702
2025-08-20 03:38:00+08:00,178.099,178.143,177.849,177.856,2655.2,472620.2534
2025-08-20 03:39:00+08:00,177.856,178.001,177.821,177.894,1569.4,279220.9772
2025-08-20 03:40:00+08:00,177.894,178.063,177.843,178.031,2267.8,403609.8044
2025-08-20 03:41:00+08:00,178.031,178.038,177.735,177.982,1513.8,269248.9364
2025-08-20 03:42:00+08:00,177.982,178.086,177.83,177.835,824.4,146734.7478
2025-08-20 03:43:00+08:00,177.835,177.897,177.736,177.845,2007.8,356999.438
2025-08-20 03:44:00+08:00,177.845,177.878,177.753,177.853,648.8,115350.5574
2025-08-20 03:45:00+08:00,177.853,178.065,177.853,178.033,1111,197710.0936
2025-08-20 03:46:00+08:00,178.033,178.041,177.903,178.041,2022.8,360062.607
2025-08-20 03:47:00+08:00,178.041,178.059,177.526,177.57,10609,1884361.265
2025-08-20 03:48:00+08:00,177.57,177.709,177.489,177.699,2218.8,394062.6292
2025-08-20 03:49:00+08:00,177.699,177.791,177.666,177.722,475.4,84483.969
2025-08-20 03:50:00+08:00,177.722,177.722,177.333,177.576,22036.8,3909412.7498
2025-08-20 03:51:00+08:00,177.576,177.652,177.39,177.427,859,152515.6764
2025-08-20 03:52:00+08:00,177.427,177.468,177.228,177.228,3301.2,585227.07
2025-08-20 03:53:00+08:00,177.228,177.228,176.971,177.045,4095.6,725311.8834
2025-08-20 03:54:00+08:00,177.045,177.182,176.948,176.982,3045.6,539213.4384
2025-08-20 03:55:00+08:00,176.982,177.539,176.982,177.161,9320,1652368.5038
2025-08-20 03:56:00+08:00,177.161,177.162,176.808,176.808,5616.6,993752.7478
2025-08-20 03:57:00+08:00,176.808,176.926,176.618,176.618,4258.6,752839.5504
2025-08-20 03:58:00+08:00,176.618,176.732,176.523,176.616,6687.8,1181212.2168
2025-08-20 03:59:00+08:00,176.616,176.766,176.54,176.642,3063.8,541269.5536
2025-08-20 04:00:00+08:00,176.642,176.891,176.557,176.888,6049,1068786.4108
2025-08-20 04:01:00+08:00,176.888,177.102,176.871,176.931,3748.6,663346.4542
2025-08-20 04:02:00+08:00,176.931,177.114,176.888,177.038,2125.4,376106.6516
2025-08-20 04:03:00+08:00,177.038,177.148,176.989,177.107,2497.8,442316.9108
2025-08-20 04:04:00+08:00,177.107,177.147,176.998,177.107,2323.6,411459.7308
2025-08-20 04:05:00+08:00,177.107,177.222,177.069,177.069,3251,575888.308
2025-08-20 04:06:00+08:00,177.069,177.09,176.741,176.741,3835.6,678519.7558
2025-08-20 04:07:00+08:00,176.741,177.041,176.688,176.97,3927.4,694744.1514
2025-08-20 04:08:00+08:00,176.97,176.984,176.869,176.93,1399.6,247645.5976
2025-08-20 04:09:00+08:00,176.93,177.022,176.536,176.568,2627.2,464377.4272
2025-08-20 04:10:00+08:00,176.568,176.656,176.366,176.366,8515.6,1502835.067
2025-08-20 04:11:00+08:00,176.366,176.491,176.269,176.358,4958.4,874631.5708
2025-08-20 04:12:00+08:00,176.358,176.394,176.092,176.098,2988.4,526621.3734
2025-08-20 04:13:00+08:00,176.098,176.227,175.961,175.961,12819.2,2256677.9336
2025-08-20 04:14:00+08:00,175.961,176.025,175.917,175.932,2468.4,434299.7912
2025-08-20 04:15:00+08:00,175.932,176.118,175.875,175.953,3662,644417.9564
2025-08-20 04:16:00+08:00,175.953,176.423,175.953,176.355,3689.8,650467.2992
2025-08-20 04:17:00+08:00,176.355,176.515,176.279,176.33,2351.8,414847.8126
2025-08-20 04:18:00+08:00,176.33,176.585,176.257,176.471,5499.8,970358.542
2025-08-20 04:19:00+08:00,176.471,176.667,176.471,176.667,1488.2,262754.1328
2025-08-20 04:20:00+08:00,176.667,176.914,176.667,176.914,2812.4,497335.519
2025-08-20 04:21:00+08:00,176.914,177.128,176.785,177.128,4551.6,805648.9754
2025-08-20 04:22:00+08:00,177.128,177.128,176.947,177.051,3883.2,687447.84
2025-08-20 04:23:00+08:00,177.051,177.051,176.732,176.923,2585.4,457386.9568
2025-08-20 04:24:00+08:00,176.923,177.051,176.923,176.969,1138.2,201459.3374
2025-08-20 04:25:00+08:00,176.969,177.131,176.969,177.063,1248.4,221090.4858
2025-08-20 04:26:00+08:00,177.063,177.534,177.063,177.534,2879.6,510572.7308
2025-08-20 04:27:00+08:00,177.534,177.571,177.412,177.537,2583.2,458577.2536
2025-08-20 04:28:00+08:00,177.537,177.537,177.161,177.224,1652.4,292891.2246
2025-08-20 04:29:00+08:00,177.224,177.273,177.027,177.214,2760.8,489165.1312
2025-08-20 04:30:00+08:00,177.214,177.55,177.214,177.543,2909.2,516155.5638
2025-08-20 04:31:00+08:00,177.543,177.74,177.501,177.615,6838,1214515.789
2025-08-20 04:32:00+08:00,177.615,177.668,177.525,177.565,1484.4,263618.0072
2025-08-20 04:33:00+08:00,177.565,177.768,177.563,177.745,3555.6,631703.2492
2025-08-20 04:34:00+08:00,177.745,177.836,177.673,177.765,967.2,171943.1848
2025-08-20 04:35:00+08:00,177.765,177.844,177.602,177.75,5668.4,1007090.4564
2025-08-20 04:36:00+08:00,177.75,177.779,177.606,177.713,1097.2,194977.1732
2025-08-20 04:37:00+08:00,177.713,177.758,177.618,177.638,385.4,68475.1068
2025-08-20 04:38:00+08:00,177.638,177.793,177.621,177.768,507.8,90253.6546
2025-08-20 04:39:00+08:00,177.768,177.865,177.676,177.768,1212,215472.5022
2025-08-20 04:40:00+08:00,177.768,177.928,177.728,177.875,4975.8,885009.1526
2025-08-20 04:41:00+08:00,177.875,177.875,177.794,177.844,1932.4,343699.5144
2025-08-20 04:42:00+08:00,177.844,177.93,177.844,177.93,1824.6,324608.8144
2025-08-20 04:43:00+08:00,177.93,177.93,177.751,177.755,826,146893.8346
2025-08-20 04:44:00+08:00,177.755,177.827,177.723,177.784,542.8,96495.0522
2025-08-20 04:45:00+08:00,177.784,177.981,177.784,177.956,1115.8,198540.6376
2025-08-20 04:46:00+08:00,177.956,178.076,177.956,177.971,2889,514296.1806
2025-08-20 04:47:00+08:00,177.971,178.088,177.971,178.046,961,171102.7034
2025-08-20 04:48:00+08:00,178.046,178.116,178.032,178.116,1698.6,302498.7426
2025-08-20 04:49:00+08:00,178.116,178.272,178.089,178.259,2997.2,534249.9828
2025-08-20 04:50:00+08:00,178.259,178.267,178.087,178.261,2782.6,495878.869
2025-08-20 04:51:00+08:00,178.261,178.261,178.182,178.182,1257.8,224144.5894
2025-08-20 04:52:00+08:00,178.182,178.4,178.182,178.4,4206.2,749953.1818
2025-08-20 04:53:00+08:00,178.4,178.42,178.366,178.42,2944.4,525250.8644
2025-08-20 04:54:00+08:00,178.42,178.599,178.42,178.552,4279.6,764022.0084
2025-08-20 04:55:00+08:00,178.552,178.579,178.443,178.56,1871.8,334159.0006
2025-08-20 04:56:00+08:00,178.56,178.571,178.487,178.528,2342.4,418204.0122
2025-08-20 04:57:00+08:00,178.528,178.568,178.416,178.454,4794.4,855592.6392
2025-08-20 04:58:00+08:00,178.454,178.544,178.413,178.515,835.4,149088.1896
2025-08-20 04:59:00+08:00,178.515,178.593,178.453,178.573,2568.4,458569.4052
2025-08-20 05:00:00+08:00,178.573,178.587,178.43,178.43,3751.6,669633.7012
2025-08-20 05:01:00+08:00,178.43,178.523,178.28,178.28,2648.8,472507.5562
2025-08-20 05:02:00+08:00,178.28,178.516,178.28,178.499,2993.8,534060.1138
2025-08-20 05:03:00+08:00,178.499,178.504,178.388,178.398,598.4,106781.858
2025-08-20 05:04:00+08:00,178.398,178.581,178.394,178.581,1257.4,224414.0712
2025-08-20 05:05:00+08:00,178.581,178.582,178.435,178.516,520.2,92866.3028
2025-08-20 05:06:00+08:00,178.516,178.645,178.516,178.645,1681.4,300246.804
2025-08-20 05:07:00+08:00,178.645,178.647,178.416,178.484,998.6,178299.2164
2025-08-20 05:08:00+08:00,178.484,178.53,178.439,178.479,2195.2,391809.2694
2025-08-20 05:09:00+08:00,178.479,178.479,178.124,178.18,3529.8,629360.7868
2025-08-20 05:10:00+08:00,178.18,178.308,178.149,178.287,2149.8,383146.4892
2025-08-20 05:11:00+08:00,178.287,178.516,178.271,178.516,3458,616896.2218
2025-08-20 05:12:00+08:00,178.516,178.837,178.47,178.793,9720.2,1736888.467
2025-08-20 05:13:00+08:00,178.793,178.874,178.678,178.87,2040.4,364805.9746
2025-08-20 05:14:00+08:00,178.87,179.13,178.867,178.992,38009.4,6804753.9234
2025-08-20 05:15:00+08:00,178.992,178.992,178.687,178.793,2910,520323.8814
2025-08-20 05:16:00+08:00,178.793,178.938,178.793,178.898,1630.4,291666.8982
2025-08-20 05:17:00+08:00,178.898,178.93,178.608,178.625,1556.4,278271.4268
2025-08-20 05:18:00+08:00,178.625,178.638,178.517,178.637,1391.8,248526.91
2025-08-20 05:19:00+08:00,178.637,178.712,178.444,178.484,4546.8,811757.3382
2025-08-20 05:20:00+08:00,178.484,178.661,178.313,178.341,1497.4,267196.3838
2025-08-20 05:21:00+08:00,178.341,178.376,178.192,178.26,8324.4,1483836.5104
2025-08-20 05:22:00+08:00,178.26,178.494,178.26,178.452,1616,288254.4952
2025-08-20 05:23:00+08:00,178.452,178.502,178.451,178.469,355.2,63390.906
2025-08-20 05:24:00+08:00,178.469,178.493,178.378,178.476,1416,252647.17
2025-08-20 05:25:00+08:00,178.476,178.492,178.376,178.387,1071,191133.5576
2025-08-20 05:26:00+08:00,178.387,178.534,178.387,178.488,790.6,141092.8428
2025-08-20 05:27:00+08:00,178.488,178.681,178.478,178.634,2409.4,430158.0366
2025-08-20 05:28:00+08:00,178.634,178.714,178.629,178.714,2542,454131.807
2025-08-20 05:29:00+08:00,178.714,178.818,178.714,178.795,1064.6,190336.5966
2025-08-20 05:30:00+08:00,178.795,178.799,178.54,178.654,1409,251763.4286
2025-08-20 05:31:00+08:00,178.654,178.655,178.537,178.604,317.4,56685.4302
2025-08-20 05:32:00+08:00,178.604,178.7,178.584,178.678,1977,353175.8658
2025-08-20 05:33:00+08:00,178.678,178.784,178.678,178.773,1239,221455.966
2025-08-20 05:34:00+08:00,178.773,178.833,178.731,178.833,550.8,98475.285
2025-08-20 05:35:00+08:00,178.833,178.879,178.801,178.816,2653.4,474517.399
2025-08-20 05:36:00+08:00,178.816,178.885,178.816,178.852,2156.8,385711.0902
2025-08-20 05:37:00+08:00,178.852,178.99,178.852,178.99,827.6,148062.0372
2025-08-20 05:38:00+08:00,178.99,179.082,178.964,178.964,1409.2,252221.6936
2025-08-20 05:39:00+08:00,178.964,178.989,178.88,178.987,2478.2,443418.0602
2025-08-20 05:40:00+08:00,178.987,179.03,178.902,179.001,1141.6,204321.6698
2025-08-20 05:41:00+08:00,179.001,179.082,178.983,179.036,7246.2,1297288.8838
2025-08-20 05:42:00+08:00,179.036,179.036,178.972,178.999,821.8,147106.7346
2025-08-20 05:43:00+08:00,178.999,179.041,178.869,178.872,2680.8,479746.534
2025-08-20 05:44:00+08:00,178.872,178.921,178.755,178.755,2833.6,506821.251
2025-08-20 05:45:00+08:00,178.755,178.94,178.743,178.778,847.2,151525.6678
2025-08-20 05:46:00+08:00,178.778,178.847,178.777,178.81,510.4,91259.771
2025-08-20 05:47:00+08:00,178.81,178.93,178.808,178.909,3716.8,664956.217
2025-08-20 05:48:00+08:00,178.909,179.15,178.89,179.121,3490.6,625078.835
2025-08-20 05:49:00+08:00,179.121,179.121,178.928,179.088,1318.4,235981.8976
2025-08-20 05:50:00+08:00,179.088,179.1,178.961,178.981,542.4,97079.9506
2025-08-20 05:51:00+08:00,178.981,178.982,178.958,178.982,1203.2,215332.1934
2025-08-20 05:52:00+08:00,178.982,178.995,178.969,178.995,272.2,48718.3006
2025-08-20 05:53:00+08:00,178.995,179.053,178.995,179.045,160.8,28788.1018
2025-08-20 05:54:00+08:00,179.045,179.052,179.026,179.039,1639,293438.6268
2025-08-20 05:55:00+08:00,179.039,179.08,179.038,179.079,416.2,74524.1536
2025-08-20 05:56:00+08:00,179.079,179.087,179.006,179.024,486.6,87133.0848
2025-08-20 05:57:00+08:00,179.024,179.046,178.916,178.995,853.8,152815.8274
2025-08-20 05:58:00+08:00,178.995,179.048,178.994,179.016,181,32401.8364
2025-08-20 05:59:00+08:00,179.016,179.039,178.976,178.999,538.4,96369.8494
2025-08-20 06:00:00+08:00,178.999,178.999,178.686,178.721,3386.2,605312.2188
2025-08-20 06:01:00+08:00,178.721,178.839,178.715,178.749,889.6,159016.4046
2025-08-20 06:02:00+08:00,178.749,178.909,178.254,178.422,10227.2,1825191.5356
2025-08-20 06:03:00+08:00,178.422,178.715,178.422,178.575,5823.8,1039694.2024
2025-08-20 06:04:00+08:00,178.575,178.804,178.509,178.71,2545.8,454748.1756
2025-08-20 06:05:00+08:00,178.71,178.81,178.476,178.53,2609.8,466135.4936
2025-08-20 06:06:00+08:00,178.53,178.53,178.333,178.399,5575.4,994526.1758
2025-08-20 06:07:00+08:00,178.399,178.456,178.218,178.348,3036.6,541538.7676
2025-08-20 06:08:00+08:00,178.348,178.491,178.348,178.354,4066.2,725570.0656
2025-08-20 06:09:00+08:00,178.354,178.487,178.339,178.486,2311.6,412361.44
2025-08-20 06:10:00+08:00,178.486,178.558,178.335,178.335,899.4,160487.2738
2025-08-20 06:11:00+08:00,178.335,178.335,178.04,178.069,11499.2,2048330.2992
2025-08-20 06:12:00+08:00,178.069,178.225,178.069,178.152,3450.8,614847.0162
2025-08-20 06:13:00+08:00,178.152,178.3,178.131,178.258,1922.8,342686.0544
2025-08-20 06:14:00+08:00,178.258,178.299,178.109,178.127,4975,886737.4392
2025-08-20 06:15:00+08:00,178.127,178.299,178.12,178.282,3253.6,579687.2508
2025-08-20 06:16:00+08:00,178.282,178.282,178.174,178.19,139.2,24807.269
2025-08-20 06:17:00+08:00,178.19,178.289,178.162,178.21,12482.6,2225170.6934
2025-08-20 06:18:00+08:00,178.21,178.21,177.867,177.898,3384.8,602334.76
2025-08-20 06:19:00+08:00,177.898,178,177.8,177.831,2035.2,362105.5038
2025-08-20 06:20:00+08:00,177.831,178.041,177.751,177.884,6024.6,1072061.6462
2025-08-20 06:21:00+08:00,177.884,177.944,177.789,177.89,3452,614103.1208
2025-08-20 06:22:00+08:00,177.89,178.386,177.89,178.354,5802.4,1034353.5232
2025-08-20 06:23:00+08:00,178.354,178.512,178.3,178.456,3759,670719.8068
2025-08-20 06:24:00+08:00,178.456,178.599,178.42,178.58,4376.6,781232.242
2025-08-20 06:25:00+08:00,178.58,178.608,178.506,178.536,2050.6,366163.8224
2025-08-20 06:26:00+08:00,178.536,178.742,178.485,178.549,1939.6,346376.269
2025-08-20 06:27:00+08:00,178.549,178.732,178.518,178.689,5673.2,1013479.6426
2025-08-20 06:28:00+08:00,178.689,178.789,178.652,178.655,3201.4,572205.88
2025-08-20 06:29:00+08:00,178.655,178.756,178.645,178.693,1123.2,200728.0964
2025-08-20 06:30:00+08:00,178.693,178.764,178.652,178.764,1767,315826.1426
2025-08-20 06:31:00+08:00,178.764,178.959,178.754,178.959,659.2,117875.9812
2025-08-20 06:32:00+08:00,178.959,179,178.912,179,4625.2,827717.2136
2025-08-20 06:33:00+08:00,179,179,178.879,178.952,2356.2,421584.0448
2025-08-20 06:34:00+08:00,178.952,179.057,178.952,179.057,4745.2,849332.6358
2025-08-20 06:35:00+08:00,179.057,179.057,178.694,178.694,4061.8,726291.4312
2025-08-20 06:36:00+08:00,178.694,178.943,178.694,178.903,2185,390860.2892
2025-08-20 06:37:00+08:00,178.903,178.979,178.666,178.666,14521.2,2598105.7588
2025-08-20 06:38:00+08:00,178.666,178.8,178.603,178.719,677.6,121093.3488
2025-08-20 06:39:00+08:00,178.719,178.857,178.719,178.799,5890,1052892.0188
2025-08-20 06:40:00+08:00,178.799,178.841,178.605,178.841,1709.2,305481.5698
2025-08-20 06:41:00+08:00,178.841,178.936,178.841,178.897,1468.2,262658.3414
2025-08-20 06:42:00+08:00,178.897,178.947,178.824,178.865,571,102161.5552
2025-08-20 06:43:00+08:00,178.865,179.019,178.851,178.998,986.6,176589.83
2025-08-20 06:44:00+08:00,178.998,179.01,178.869,178.975,662.4,118532.2986
2025-08-20 06:45:00+08:00,178.975,178.986,178.832,178.913,1145.8,204974.1288
2025-08-20 06:46:00+08:00,178.913,179.05,178.913,179,909.6,162814.0896
2025-08-20 06:47:00+08:00,179,179,178.794,178.794,836.2,149575.0768
2025-08-20 06:48:00+08:00,178.794,178.829,178.55,178.659,4941.4,882921.9932
2025-08-20 06:49:00+08:00,178.659,178.724,178.659,178.684,241.8,43213.1412
2025-08-20 06:50:00+08:00,178.684,178.974,178.684,178.974,2126.4,380466.1914
2025-08-20 06:51:00+08:00,178.974,179.081,178.974,179.081,1526,273220.2986
2025-08-20 06:52:00+08:00,179.081,179.25,178.998,179.249,4328.2,775369.3954
2025-08-20 06:53:00+08:00,179.249,179.258,179.18,179.197,1233.8,221136.3634
2025-08-20 06:54:00+08:00,179.197,179.248,179.142,179.142,2000.8,358531.04
2025-08-20 06:55:00+08:00,179.142,179.308,179.131,179.289,5261.4,943251.928
2025-08-20 06:56:00+08:00,179.289,179.384,179.289,179.37,4348.4,779868.1884
2025-08-20 06:57:00+08:00,179.37,179.449,179.088,179.112,6727,1206277.5714
2025-08-20 06:58:00+08:00,179.112,179.121,179.031,179.031,943,168864.7044
2025-08-20 06:59:00+08:00,179.031,179.031,178.902,178.997,728.4,130347.4072
2025-08-20 07:00:00+08:00,178.997,179.232,178.997,179.232,6968.2,1248017.8172
2025-08-20 07:01:00+08:00,179.232,179.232,178.882,178.882,992,177514.2894
2025-08-20 07:02:00+08:00,178.882,179.058,178.755,179.031,5255.8,940100.3706
2025-08-20 07:03:00+08:00,179.031,179.031,178.7,178.704,1721.4,307817.0418
2025-08-20 07:04:00+08:00,178.704,178.782,178.67,178.702,3716.8,664236.4186
2025-08-20 07:05:00+08:00,178.702,178.775,178.571,178.572,2798.6,499942.5666
2025-08-20 07:06:00+08:00,178.572,178.742,178.52,178.71,4227.8,755425.4718
2025-08-20 07:07:00+08:00,178.71,178.722,178.396,178.592,18075.2,3226217.1058
2025-08-20 07:08:00+08:00,178.592,178.821,178.591,178.656,13506.6,2413853.4914
2025-08-20 07:09:00+08:00,178.656,178.699,178.583,178.611,1689.6,301816.6864
2025-08-20 07:10:00+08:00,178.611,178.7,178.567,178.605,3865.6,690653.568
2025-08-20 07:11:00+08:00,178.605,178.605,178.414,178.485,1120.6,199996.8916
2025-08-20 07:12:00+08:00,178.485,178.573,178.446,178.573,2102.6,375339.4822
2025-08-20 07:13:00+08:00,178.573,178.6,178.565,178.6,9699.6,1732344.653
2025-08-20 07:14:00+08:00,178.6,178.667,178.435,178.639,6426,1147615.1936
2025-08-20 07:15:00+08:00,178.639,178.66,178.29,178.32,4739.6,845761.211
2025-08-20 07:16:00+08:00,178.32,178.639,178.32,178.379,8812.6,1573459.033
2025-08-20 07:17:00+08:00,178.379,178.582,178.121,178.582,3114.4,555414.1848
2025-08-20 07:18:00+08:00,178.582,178.582,178.152,178.176,1801.4,321245.0316
2025-08-20 07:19:00+08:00,178.176,178.268,177.991,178.008,3372.6,600567.604
2025-08-20 07:20:00+08:00,178.008,178.059,177.901,178.03,7090.6,1261966.9062
2025-08-20 07:21:00+08:00,178.03,178.362,177.952,178.268,2136,380716.8476
2025-08-20 07:22:00+08:00,178.268,178.473,178.268,178.405,4139.4,738368.5912
2025-08-20 07:23:00+08:00,178.405,178.463,178.208,178.216,5062.8,902899.7332
2025-08-20 07:24:00+08:00,178.216,178.287,177.429,177.618,22821.6,4055830.9404
2025-08-20 07:25:00+08:00,177.618,177.979,177.587,177.857,16772.4,2981156.8308
2025-08-20 07:26:00+08:00,177.857,177.857,177.559,177.562,3587.4,637357.1514
2025-08-20 07:27:00+08:00,177.562,177.721,177.469,177.53,1637.4,290781.2186
2025-08-20 07:28:00+08:00,177.53,177.659,177.525,177.63,2155.8,382884.7522
2025-08-20 07:29:00+08:00,177.63,177.68,177.424,177.564,22895.4,4066341.7576
2025-08-20 07:30:00+08:00,177.564,177.748,177.554,177.632,53516,9504934.8184
2025-08-20 07:31:00+08:00,177.632,177.639,177.266,177.266,7836.4,1390640.785
2025-08-20 07:32:00+08:00,177.266,177.386,177.252,177.252,4046.2,717430.2682
2025-08-20 07:33:00+08:00,177.252,177.658,177.252,177.582,6519.4,1156910.8224
2025-08-20 07:34:00+08:00,177.582,177.778,177.448,177.757,5596.8,993751.8222
2025-08-20 07:35:00+08:00,177.757,178.04,177.722,177.878,9532,1695946.0894
2025-08-20 07:36:00+08:00,177.878,178.036,177.666,177.666,2605.8,463331.3232
2025-08-20 07:37:00+08:00,177.666,177.72,177.489,177.585,3758.4,667380.306
2025-08-20 07:38:00+08:00,177.585,177.653,176.92,176.996,23440.8,4155146.8734
2025-08-20 07:39:00+08:00,176.996,177.199,176.815,176.876,7163.8,1267842.0564
2025-08-20 07:40:00+08:00,176.876,176.915,176.607,176.724,9575,1692376.5328
2025-08-20 07:41:00+08:00,176.724,177.05,176.636,176.636,4663,824730.4982
2025-08-20 07:42:00+08:00,176.636,176.893,176.636,176.805,2305.8,407550.9204
2025-08-20 07:43:00+08:00,176.805,177.037,176.805,176.989,2322.2,410964.0744
2025-08-20 07:44:00+08:00,176.989,177.305,176.897,177.298,1561,276530.6224
2025-08-20 07:45:00+08:00,177.298,177.36,177.014,177.014,3319.8,588302.396
2025-08-20 07:46:00+08:00,177.014,177.202,176.877,176.896,2391.8,423346.7608
2025-08-20 07:47:00+08:00,176.896,176.99,176.544,176.551,80350.8,14205562.468
2025-08-20 07:48:00+08:00,176.551,176.761,176.445,176.686,36224,6397053.3692
2025-08-20 07:49:00+08:00,176.686,176.825,176.608,176.61,7131.6,1260136.7684
2025-08-20 07:50:00+08:00,176.61,176.64,176.372,176.399,7935.8,1400625.0058
2025-08-20 07:51:00+08:00,176.399,176.494,176.366,176.381,6474.4,1142252.2524
2025-08-20 07:52:00+08:00,176.381,176.485,176.237,176.238,8327,1468261.9404
2025-08-20 07:53:00+08:00,176.238,176.284,176.04,176.148,13655.6,2404749.6892
2025-08-20 07:54:00+08:00,176.148,176.398,175.954,176.258,8471,1491983.9506
2025-08-20 07:55:00+08:00,176.258,176.258,176.088,176.127,3315.8,584051.7558
2025-08-20 07:56:00+08:00,176.127,176.196,175.796,175.826,9169.2,1612918.2676
2025-08-20 07:57:00+08:00,175.826,176.356,175.804,176.349,5024,884614.5214
2025-08-20 07:58:00+08:00,176.349,176.378,175.916,175.946,11765.6,2073447.0852
2025-08-20 07:59:00+08:00,175.946,176.211,175.946,176.134,3879.2,683331.3388
2025-08-20 08:00:00+08:00,176.134,176.626,176.127,176.606,11722.4,2067574.303
2025-08-20 08:01:00+08:00,176.606,176.92,176.573,176.845,34321.6,6067334.2868
2025-08-20 08:02:00+08:00,176.845,176.845,176.678,176.757,3930.6,694776.5042
2025-08-20 08:03:00+08:00,176.757,176.919,176.637,176.919,5079.6,897997.7594
2025-08-20 08:04:00+08:00,176.919,177.178,176.895,177.136,6185.4,1095176.2132
2025-08-20 08:05:00+08:00,177.136,177.32,177.022,177.32,6001.8,1063256.3666
2025-08-20 08:06:00+08:00,177.32,177.445,177.231,177.445,3632.2,644138.637
2025-08-20 08:07:00+08:00,177.445,177.467,177.349,177.399,2153,382004.6744
2025-08-20 08:08:00+08:00,177.399,177.47,177.289,177.29,6748.2,1197198.79
2025-08-20 08:09:00+08:00,177.29,177.357,177.188,177.199,1520.8,269625.7278
2025-08-20 08:10:00+08:00,177.199,177.199,176.909,176.995,6569,1162828.3344
2025-08-20 08:11:00+08:00,176.995,177.158,176.944,177.158,10339.6,1830229.4588
2025-08-20 08:12:00+08:00,177.158,177.209,177.094,177.138,2989.8,529663.1056
2025-08-20 08:13:00+08:00,177.138,177.199,176.887,176.946,1214.2,215006.436
2025-08-20 08:14:00+08:00,176.946,176.959,176.706,176.726,3173.4,560933.159
2025-08-20 08:15:00+08:00,176.726,176.95,176.705,176.95,2612.6,461986.7662
2025-08-20 08:16:00+08:00,176.95,177.017,176.913,176.991,1846.8,326812.543
2025-08-20 08:17:00+08:00,176.991,177.188,176.974,177.1,1145.6,202913.586
2025-08-20 08:18:00+08:00,177.1,177.313,177.075,177.1,4858.2,861084.111
2025-08-20 08:19:00+08:00,177.1,177.12,176.798,176.962,5059.6,895520.7596
2025-08-20 08:20:00+08:00,176.962,177.2,176.962,177.186,1204.8,213361.8132
2025-08-20 08:21:00+08:00,177.186,177.322,176.94,176.947,1386,245583.2692
2025-08-20 08:22:00+08:00,176.947,177.174,176.947,176.97,2440.6,432187.2124
2025-08-20 08:23:00+08:00,176.97,176.97,176.459,176.459,5635,995446.3954
2025-08-20 08:24:00+08:00,176.459,176.687,176.458,176.534,2690.4,475100.4444
2025-08-20 08:25:00+08:00,176.534,176.584,176.001,176.082,13481.4,2375938.5452
2025-08-20 08:26:00+08:00,176.082,176.272,176.065,176.079,7364.6,1297258.8254
2025-08-20 08:27:00+08:00,176.079,176.205,175.967,176.051,8312,1463427.7742
2025-08-20 08:28:00+08:00,176.051,176.268,176.051,176.187,8443.4,1487424.1598
2025-08-20 08:29:00+08:00,176.187,176.461,176.109,176.426,6095,1074598.1852
2025-08-20 08:30:00+08:00,176.426,176.739,176.426,176.739,8395.6,1482368.6948
2025-08-20 08:31:00+08:00,176.739,176.89,176.532,176.558,6215.4,1098683.616
2025-08-20 08:32:00+08:00,176.558,176.62,176.356,176.493,7632,1346561.2048
2025-08-20 08:33:00+08:00,176.493,176.668,176.493,176.648,5095.8,899779.441
2025-08-20 08:34:00+08:00,176.648,176.899,176.552,176.899,5305,937646.012
2025-08-20 08:35:00+08:00,176.899,177.413,176.848,177.391,8630.8,1528302.9438
2025-08-20 08:36:00+08:00,177.391,177.53,177.295,177.53,8286.6,1470355.6196
2025-08-20 08:37:00+08:00,177.53,177.772,177.465,177.71,12307.8,2186643.9426
2025-08-20 08:38:00+08:00,177.71,177.9,177.701,177.819,4290.6,762904.6682
2025-08-20 08:39:00+08:00,177.819,178.068,177.787,177.991,7538.2,1341912.7584
2025-08-20 08:40:00+08:00,177.991,178.183,177.925,178.15,4970.2,885035.7028
2025-08-20 08:41:00+08:00,178.15,178.17,177.753,177.822,1849,329104.2474
2025-08-20 08:42:00+08:00,177.822,178.179,177.81,178.179,1990.8,354250.7384
2025-08-20 08:43:00+08:00,178.179,178.236,178.071,178.168,2889.8,514900.347
2025-08-20 08:44:00+08:00,178.168,178.272,178.041,178.076,3166.6,564277.1902
2025-08-20 08:45:00+08:00,178.076,178.172,177.964,178.162,2481.2,441822.3196
2025-08-20 08:46:00+08:00,178.162,178.162,177.993,178.14,1291.8,230010.7608
2025-08-20 08:47:00+08:00,178.14,178.277,178.118,178.157,4569.4,814488.2312
2025-08-20 08:48:00+08:00,178.157,178.159,177.759,177.759,1700,302554.609
2025-08-20 08:49:00+08:00,177.759,177.935,177.759,177.889,5612,998131.587
2025-08-20 08:50:00+08:00,177.889,178,177.814,177.841,12545.2,2231817.0586
2025-08-20 08:51:00+08:00,177.841,178.076,177.767,178.069,2151,382941.7256
2025-08-20 08:52:00+08:00,178.069,178.368,178.069,178.368,2941.4,524330.088
2025-08-20 08:53:00+08:00,178.368,178.541,178.295,178.295,30566.6,5452960.194
2025-08-20 08:54:00+08:00,178.295,178.295,178.039,178.13,5885.4,1048164.2952
2025-08-20 08:55:00+08:00,178.13,178.366,178.105,178.29,3558,634418.5824
2025-08-20 08:56:00+08:00,178.29,178.337,178.187,178.295,2793,497913.5524
2025-08-20 08:57:00+08:00,178.295,178.404,178.19,178.383,11513.6,2052289.4476
2025-08-20 08:58:00+08:00,178.383,178.45,178.1,178.1,6176.4,1100392.4966
2025-08-20 08:59:00+08:00,178.1,178.113,177.964,178.112,2701.8,481066.0412
2025-08-20 09:00:00+08:00,178.112,178.461,178.112,178.395,7417,1322364.9862
2025-08-20 09:01:00+08:00,178.395,178.643,178.355,178.642,3804.4,679112.51
2025-08-20 09:02:00+08:00,178.642,178.65,178.511,178.574,1572.2,280739.0438
2025-08-20 09:03:00+08:00,178.574,178.636,178.497,178.55,1219.8,217812.6766
2025-08-20 09:04:00+08:00,178.55,178.575,178.471,178.575,488.4,87186.8322
2025-08-20 09:05:00+08:00,178.575,178.692,178.498,178.688,974.2,173982.1862
2025-08-20 09:06:00+08:00,178.688,178.754,178.66,178.723,1180.4,210968.5896
2025-08-20 09:07:00+08:00,178.723,178.723,178.335,178.335,4486.2,800981.3448
2025-08-20 09:08:00+08:00,178.335,178.335,178.209,178.294,1711,305027.1262
2025-08-20 09:09:00+08:00,178.294,178.32,177.886,177.972,4204.8,748684.5974
2025-08-20 09:10:00+08:00,177.972,177.992,177.662,177.684,5780.2,1027331.7136
2025-08-20 09:11:00+08:00,177.684,177.764,177.604,177.678,3452.4,613381.2892
2025-08-20 09:12:00+08:00,177.678,177.895,177.678,177.882,4245.2,754867.5872
2025-08-20 09:13:00+08:00,177.882,177.908,177.661,177.705,777.2,138130.3654
2025-08-20 09:14:00+08:00,177.705,177.783,177.633,177.772,889.2,158044.1654
2025-08-20 09:15:00+08:00,177.772,177.812,177.645,177.701,652.2,115934.4908
2025-08-20 09:16:00+08:00,177.701,177.715,177.582,177.641,3644.2,647338.969
2025-08-20 09:17:00+08:00,177.641,177.683,177.479,177.494,3325.4,590484.3462
2025-08-20 09:18:00+08:00,177.494,177.669,177.459,177.669,6370.2,1130888.6328
2025-08-20 09:19:00+08:00,177.669,178.027,177.602,178.009,2786.2,495674.6204
2025-08-20 09:20:00+08:00,178.009,178.13,177.916,178.13,5785,1029647.7954
2025-08-20 09:21:00+08:00,178.13,178.917,178.13,178.881,7752.6,1385398.5428
2025-08-20 09:22:00+08:00,178.881,179.082,178.748,178.803,7496.8,1341745.4398
2025-08-20 09:23:00+08:00,178.803,178.803,178.432,178.486,1968.8,351594.4916
2025-08-20 09:24:00+08:00,178.486,178.49,178.269,178.269,817.2,145757.5648
2025-08-20 09:25:00+08:00,178.269,178.478,178.072,178.446,4024.8,717578.3578
2025-08-20 09:26:00+08:00,178.446,178.446,178.044,178.09,1253.4,223296.0944
2025-08-20 09:27:00+08:00,178.09,178.138,177.88,177.921,1832.8,326281.2672
2025-08-20 09:28:00+08:00,177.921,178.039,177.819,177.944,6964.2,1239508.3144
2025-08-20 09:29:00+08:00,177.944,177.998,177.752,177.861,1178.6,209580.6158
2025-08-20 09:30:00+08:00,177.861,178.1,177.822,177.923,4463.2,794409.5434
2025-08-20 09:31:00+08:00,177.923,178.015,177.573,177.714,3069.4,545422.7182
2025-08-20 09:32:00+08:00,177.714,177.757,177.501,177.752,10830.4,1923595.4844
2025-08-20 09:33:00+08:00,177.752,177.987,177.705,177.831,8169.4,1452670.975
2025-08-20 09:34:00+08:00,177.831,178.05,177.823,178.001,8684.4,1545020.7164
2025-08-20 09:35:00+08:00,178.001,178.206,177.782,177.845,10306.4,1833787.5642
2025-08-20 09:36:00+08:00,177.845,178.024,177.784,177.834,2949.6,524728.5632
2025-08-20 09:37:00+08:00,177.834,177.855,177.661,177.661,2882.8,512472.2602
2025-08-20 09:38:00+08:00,177.661,177.661,176.915,177.006,32648,5786837.8276
2025-08-20 09:39:00+08:00,177.006,177.347,176.91,177.18,8538.4,1512532.9852
2025-08-20 09:40:00+08:00,177.18,177.594,177.126,177.519,10533,1868820.1642
2025-08-20 09:41:00+08:00,177.519,177.564,177.195,177.244,1410.6,250182.3332
2025-08-20 09:42:00+08:00,177.244,177.465,177.197,177.361,2336.8,414364.9188
2025-08-20 09:43:00+08:00,177.361,177.497,177.284,177.368,2243.4,397894.8304
2025-08-20 09:44:00+08:00,177.368,177.42,177.229,177.32,1537,272557.139
2025-08-20 09:45:00+08:00,177.32,177.611,177.32,177.43,4730.6,839775.7254
2025-08-20 09:46:00+08:00,177.43,177.802,177.387,177.635,6539,1162170.9146
2025-08-20 09:47:00+08:00,177.635,178.147,177.635,178.05,16515.6,2937800.212
2025-08-20 09:48:00+08:00,178.05,178.442,177.844,178.442,6687.8,1191629.0158
2025-08-20 09:49:00+08:00,178.442,178.989,178.358,178.922,12351,2207477.183
2025-08-20 09:50:00+08:00,178.922,179.54,178.876,179.207,16596.6,2975077.8328
2025-08-20 09:51:00+08:00,179.207,179.207,178.944,179.165,5803.4,1039150.3646
2025-08-20 09:52:00+08:00,179.165,179.384,179.057,179.366,3909.2,700648.6458
2025-08-20 09:53:00+08:00,179.366,179.471,179.065,179.085,5808.2,1041798.1582
2025-08-20 09:54:00+08:00,179.085,179.382,179,179.304,3031.8,543451.1684
2025-08-20 09:55:00+08:00,179.304,179.64,179.179,179.52,6576.6,1180670.9502
2025-08-20 09:56:00+08:00,179.52,179.733,179.343,179.577,32133,5769531.3698
2025-08-20 09:57:00+08:00,179.577,179.671,179.355,179.355,1854.6,332972.4264
2025-08-20 09:58:00+08:00,179.355,179.399,179.118,179.314,4220.8,756798.8876
2025-08-20 09:59:00+08:00,179.314,179.479,179.231,179.479,2135.4,382993.3584
2025-08-20 10:00:00+08:00,179.479,179.647,179.456,179.506,9595,1722765.3164
2025-08-20 10:01:00+08:00,179.506,179.529,179.418,179.499,2896,519755.5814
2025-08-20 10:02:00+08:00,179.499,179.59,179.258,179.454,8324,1493498.1136
2025-08-20 10:03:00+08:00,179.454,179.528,179.278,179.298,3110.8,558100.9244
2025-08-20 10:04:00+08:00,179.298,179.418,179.115,179.129,9809.8,1758020.761
2025-08-20 10:05:00+08:00,179.129,179.542,179.129,179.451,7600.8,1363853.1328
2025-08-20 10:06:00+08:00,179.451,179.811,179.425,179.81,5170,928908.1206
2025-08-20 10:07:00+08:00,179.81,180.08,179.698,179.89,16611,2989243.4138
2025-08-20 10:08:00+08:00,179.89,179.972,179.7,179.934,2405,432663.7136
2025-08-20 10:09:00+08:00,179.934,179.934,179.54,179.678,2128.6,382495.0482
2025-08-20 10:10:00+08:00,179.678,179.972,179.648,179.959,3155.8,567603.543
2025-08-20 10:11:00+08:00,179.959,180.079,179.935,180.001,5813.8,1046630.1328
2025-08-20 10:12:00+08:00,180.001,180.315,180.001,180.314,7032.4,1267063.7306
2025-08-20 10:13:00+08:00,180.314,180.563,180.312,180.555,28680.4,5174316.172
2025-08-20 10:14:00+08:00,180.555,180.658,180.473,180.55,14067.2,2540288.9182
2025-08-20 10:15:00+08:00,180.55,180.616,180.376,180.418,4045.8,730255.7578
2025-08-20 10:16:00+08:00,180.418,180.424,180.287,180.413,6362.4,1147472.7934
2025-08-20 10:17:00+08:00,180.413,180.474,180.164,180.46,10823.2,1951155.1288
2025-08-20 10:18:00+08:00,180.46,180.633,180.386,180.5,2387.2,430958.568
2025-08-20 10:19:00+08:00,180.5,180.526,180.397,180.52,4155.6,750032.6586
2025-08-20 10:20:00+08:00,180.52,180.692,180.479,180.56,2218.6,400624.4318
2025-08-20 10:21:00+08:00,180.56,180.607,180.35,180.371,629.8,113632.4208
2025-08-20 10:22:00+08:00,180.371,180.6,180.303,180.409,2038.4,367750.2204
2025-08-20 10:23:00+08:00,180.409,180.572,180.368,180.554,926.2,167174.0194
2025-08-20 10:24:00+08:00,180.554,180.69,180.554,180.631,1519.6,274506.9322
2025-08-20 10:25:00+08:00,180.631,180.749,180.63,180.749,5233.4,945468.421
2025-08-20 10:26:00+08:00,180.749,180.85,180.698,180.728,2528.4,457130.865
2025-08-20 10:27:00+08:00,180.728,180.728,180.525,180.525,10405.4,1879508.1528
2025-08-20 10:28:00+08:00,180.525,180.714,180.501,180.714,4127.6,745426.6716
2025-08-20 10:29:00+08:00,180.714,180.85,180.694,180.849,2036.2,368108.4314
2025-08-20 10:30:00+08:00,180.849,180.853,180.742,180.852,1674.8,302839.508
2025-08-20 10:31:00+08:00,180.852,180.856,180.543,180.675,8143.6,1471494.8938
2025-08-20 10:32:00+08:00,180.675,180.841,180.675,180.841,2484.4,449112.9694
2025-08-20 10:33:00+08:00,180.841,180.941,180.642,180.642,2811.2,508336.2936
2025-08-20 10:34:00+08:00,180.642,180.65,180.421,180.451,1917.6,346201.4038
2025-08-20 10:35:00+08:00,180.451,180.702,180.451,180.7,1360.4,245681.6802
2025-08-20 10:36:00+08:00,180.7,181,180.635,180.698,6431,1162932.1478
2025-08-20 10:37:00+08:00,180.698,180.86,180.698,180.761,2959.6,535111.0494
2025-08-20 10:38:00+08:00,180.761,180.924,180.686,180.729,3193.6,577589.9794
2025-08-20 10:39:00+08:00,180.729,180.983,180.725,180.816,3038.6,549540.5444
2025-08-20 10:40:00+08:00,180.816,180.845,180.519,180.588,4190.2,756759.2158
2025-08-20 10:41:00+08:00,180.588,180.949,180.567,180.829,4004.4,724178.5626
2025-08-20 10:42:00+08:00,180.829,181.07,180.818,181.067,8090.2,1463663.9318
2025-08-20 10:43:00+08:00,181.067,181.239,180.979,181.238,9269.8,1679192.526
2025-08-20 10:44:00+08:00,181.238,181.25,181.073,181.169,7791.6,1411818.5796
2025-08-20 10:45:00+08:00,181.169,181.169,180.983,181.061,5464,989279.4064
2025-08-20 10:46:00+08:00,181.061,181.24,180.901,181.118,4765,863158.2346
2025-08-20 10:47:00+08:00,181.118,181.253,180.808,181.075,7748.8,1402281.093
2025-08-20 10:48:00+08:00,181.075,181.153,180.953,181.116,7498.4,1357487.7246
2025-08-20 10:49:00+08:00,181.116,181.233,181.081,181.12,2800.4,507263.3616
2025-08-20 10:50:00+08:00,181.12,181.12,180.909,180.91,1778,321859.8054
2025-08-20 10:51:00+08:00,180.91,181.089,180.886,181.018,2084.6,377276.2906
2025-08-20 10:52:00+08:00,181.018,181.161,181,181.085,2707.2,490204.1194
2025-08-20 10:53:00+08:00,181.085,181.187,181.001,181.06,6262,1133788.7074
2025-08-20 10:54:00+08:00,181.06,181.114,180.957,180.995,2279.2,412599.5468
2025-08-20 10:55:00+08:00,180.995,181.077,180.72,180.783,4283,774522.0762
2025-08-20 10:56:00+08:00,180.783,180.872,180.71,180.815,2344.8,423858.1112
2025-08-20 10:57:00+08:00,180.815,180.896,180.7,180.896,6800.2,1229126.3212
2025-08-20 10:58:00+08:00,180.896,180.925,180.796,180.873,2311.2,418047.2966
2025-08-20 10:59:00+08:00,180.873,180.895,180.608,180.7,4851.8,876846.484
2025-08-20 11:00:00+08:00,180.7,180.929,180.676,180.688,4368.4,789529.7632
2025-08-20 11:01:00+08:00,180.688,180.886,180.676,180.782,863.4,156090.5688
2025-08-20 11:02:00+08:00,180.782,180.946,180.782,180.936,674.8,122039.4646
2025-08-20 11:03:00+08:00,180.936,180.993,180.633,180.633,3249.2,587615.165
2025-08-20 11:04:00+08:00,180.633,180.714,180.587,180.697,4477,808707.2408
2025-08-20 11:05:00+08:00,180.697,180.697,180.43,180.43,5712,1031057.1882
2025-08-20 11:06:00+08:00,180.43,180.449,180.306,180.306,1991,359160.128
2025-08-20 11:07:00+08:00,180.306,180.578,180.289,180.459,2435.6,439634.1416
2025-08-20 11:08:00+08:00,180.459,180.599,180.458,180.557,1650.6,298028.6788
2025-08-20 11:09:00+08:00,180.557,180.557,180.34,180.35,1012.6,182660.2542
2025-08-20 11:10:00+08:00,180.35,180.356,180.043,180.049,6816,1228380.0014
2025-08-20 11:11:00+08:00,180.049,180.252,180.011,180.079,4367.2,786557.137
2025-08-20 11:12:00+08:00,180.079,180.333,180.079,180.286,903,162677.3014
2025-08-20 11:13:00+08:00,180.286,180.343,180.243,180.283,1299.6,234290.8418
2025-08-20 11:14:00+08:00,180.283,180.291,180.092,180.115,1443,260018.907
2025-08-20 11:15:00+08:00,180.115,180.23,180.05,180.053,1718.8,309689.826
2025-08-20 11:16:00+08:00,180.053,180.351,179.965,180.328,7182,1293405.9292
2025-08-20 11:17:00+08:00,180.328,180.438,180.223,180.266,3081,555504.0244
2025-08-20 11:18:00+08:00,180.266,180.5,180.258,180.5,1976.4,356496.913
2025-08-20 11:19:00+08:00,180.5,180.719,180.499,180.719,1860.8,336053.4342
2025-08-20 11:20:00+08:00,180.719,180.896,180.712,180.834,2440,441180.713
2025-08-20 11:21:00+08:00,180.834,180.845,180.639,180.639,1351.6,244330.2332
2025-08-20 11:22:00+08:00,180.639,180.73,180.537,180.552,1084.8,195925.372
2025-08-20 11:23:00+08:00,180.552,180.721,180.513,180.721,951.6,171851.6548
2025-08-20 11:24:00+08:00,180.721,180.877,180.715,180.873,626.4,113237.1336
2025-08-20 11:25:00+08:00,180.873,180.892,180.736,180.736,1868.6,337902.8146
2025-08-20 11:26:00+08:00,180.736,181,180.736,181,3376,610795.5344
2025-08-20 11:27:00+08:00,181,181.063,180.946,181.063,2758,499251.5118
2025-08-20 11:28:00+08:00,181.063,181.209,181.063,181.184,2800,507248.089
2025-08-20 11:29:00+08:00,181.184,181.184,181,181.104,1608.6,291295.8772
2025-08-20 11:30:00+08:00,181.104,181.192,181.028,181.146,5305.4,960982.345
2025-08-20 11:31:00+08:00,181.146,181.169,181.04,181.104,2061.8,373412.067
2025-08-20 11:32:00+08:00,181.104,181.3,181.093,181.277,5196.6,941870.0682
2025-08-20 11:33:00+08:00,181.277,181.3,181.176,181.235,3134.8,568164.5108
2025-08-20 11:34:00+08:00,181.235,181.407,181.106,181.4,10795.8,1957567.829
2025-08-20 11:35:00+08:00,181.4,181.409,181.16,181.186,1984,359633.6044
2025-08-20 11:36:00+08:00,181.186,181.208,180.956,180.962,3258.6,589862.926
2025-08-20 11:37:00+08:00,180.962,181.046,180.908,180.941,3499.6,633386.2588
2025-08-20 11:38:00+08:00,180.941,181.009,180.777,180.783,4375.8,791304.3068
2025-08-20 11:39:00+08:00,180.783,180.86,180.647,180.836,9545.2,1725147.9646
2025-08-20 11:40:00+08:00,180.836,180.857,180.764,180.834,10358.4,1872837.664
2025-08-20 11:41:00+08:00,180.834,180.834,180.491,180.551,2747.2,496006.1178
2025-08-20 11:42:00+08:00,180.551,180.579,180.416,180.466,4596.2,829696.5338
2025-08-20 11:43:00+08:00,180.466,180.57,180.41,180.428,5507.8,993984.3738
2025-08-20 11:44:00+08:00,180.428,180.6,180.427,180.6,2304.4,415877.7748
2025-08-20 11:45:00+08:00,180.6,180.6,180.36,180.505,1382.4,249404.3748
2025-08-20 11:46:00+08:00,180.505,180.505,180.28,180.4,1340.8,241786.7748
2025-08-20 11:47:00+08:00,180.4,180.507,180.374,180.404,510.8,92171.5814
2025-08-20 11:48:00+08:00,180.404,180.5,180.356,180.45,3527.8,636671.2912
2025-08-20 11:49:00+08:00,180.45,180.45,180.248,180.401,1507.2,271828.2462
2025-08-20 11:50:00+08:00,180.401,180.467,180.332,180.332,1536.2,277166.5106
2025-08-20 11:51:00+08:00,180.332,180.457,180.222,180.409,1922,346579.0132
2025-08-20 11:52:00+08:00,180.409,180.462,180.372,180.452,309.2,55785.4856
2025-08-20 11:53:00+08:00,180.452,180.452,180.262,180.378,4195,756586.0902
2025-08-20 11:54:00+08:00,180.378,180.5,180.378,180.493,931.2,168023.3526
2025-08-20 11:55:00+08:00,180.493,180.584,180.383,180.383,1671.8,301796.6006
2025-08-20 11:56:00+08:00,180.383,180.52,180.347,180.481,894.4,161385.0846
2025-08-20 11:57:00+08:00,180.481,180.581,180.48,180.559,948.6,171286.5086
2025-08-20 11:58:00+08:00,180.559,180.6,180.442,180.442,545,98403.133
2025-08-20 11:59:00+08:00,180.442,180.481,180.4,180.432,1251.4,225800.3416
2025-08-20 12:00:00+08:00,180.432,180.518,180.347,180.467,746.6,134723.2804
2025-08-20 12:01:00+08:00,180.467,180.676,180.466,180.669,941,169972.5232
2025-08-20 12:02:00+08:00,180.669,180.85,180.664,180.849,626.2,113184.5606
2025-08-20 12:03:00+08:00,180.849,180.928,180.754,180.878,2130.6,385301.391
2025-08-20 12:04:00+08:00,180.878,180.878,180.665,180.684,5369.2,970657.8146
2025-08-20 12:05:00+08:00,180.684,180.764,180.656,180.751,1786.2,322760.4146
2025-08-20 12:06:00+08:00,180.751,180.87,180.737,180.865,1537.8,277979.4958
2025-08-20 12:07:00+08:00,180.865,180.918,180.851,180.873,7279.2,1316611.5688
2025-08-20 12:08:00+08:00,180.873,181.032,180.778,181.021,22838,4131180.2422
2025-08-20 12:09:00+08:00,181.021,181.216,181.009,181.154,4685.6,848677.0152
2025-08-20 12:10:00+08:00,181.154,181.154,180.911,181.005,6130.4,1109817.3546
2025-08-20 12:11:00+08:00,181.005,181.023,180.933,180.933,587.8,106385.986
2025-08-20 12:12:00+08:00,180.933,180.961,180.891,180.901,525.2,95028.5508
2025-08-20 12:13:00+08:00,180.901,180.901,180.792,180.859,4230,764889.603
2025-08-20 12:14:00+08:00,180.859,180.861,180.746,180.829,776.8,140424.2462
2025-08-20 12:15:00+08:00,180.829,180.866,180.718,180.837,1723.4,311590.8878
2025-08-20 12:16:00+08:00,180.837,180.923,180.809,180.923,816.8,147731.0228
2025-08-20 12:17:00+08:00,180.923,181.024,180.915,181.02,1913,346193.9354
2025-08-20 12:18:00+08:00,181.02,181.032,180.914,181.024,1120.6,202819.6762
2025-08-20 12:19:00+08:00,181.024,181.031,180.9,180.985,4096.4,741364.109
2025-08-20 12:20:00+08:00,180.985,181.008,180.886,180.923,1376.2,248999.3654
2025-08-20 12:21:00+08:00,180.923,180.946,180.814,180.881,849.4,153658.5694
2025-08-20 12:22:00+08:00,180.881,180.928,180.857,180.906,1028.2,185997.0194
2025-08-20 12:23:00+08:00,180.906,181.038,180.869,181.014,5608.4,1015044.07
2025-08-20 12:24:00+08:00,181.014,181.043,181.013,181.038,3065.6,554966.4968
2025-08-20 12:25:00+08:00,181.038,181.059,181.007,181.02,3999.4,724074.069
2025-08-20 12:26:00+08:00,181.02,181.224,181.02,181.183,655.6,118763.0436
2025-08-20 12:27:00+08:00,181.183,181.315,181.183,181.315,2162.2,391962.5996
2025-08-20 12:28:00+08:00,181.315,181.325,181.3,181.3,5170.8,937477.8748
2025-08-20 12:29:00+08:00,181.3,181.33,181.25,181.303,2949.6,534754.6088
2025-08-20 12:30:00+08:00,181.303,181.356,181.292,181.332,2370.2,429774.0802
2025-08-20 12:31:00+08:00,181.332,181.455,181.289,181.455,4066.6,737640.25
2025-08-20 12:32:00+08:00,181.455,181.457,181.253,181.305,2045.4,370939.793
2025-08-20 12:33:00+08:00,181.305,181.642,181.305,181.606,6242.2,1133026.078
2025-08-20 12:34:00+08:00,181.606,181.614,181.438,181.44,2346.8,426009.7996
2025-08-20 12:35:00+08:00,181.44,181.44,181.188,181.188,3366.2,610234.2762
2025-08-20 12:36:00+08:00,181.188,181.188,180.746,181.071,8623.4,1560381.0644
2025-08-20 12:37:00+08:00,181.071,181.124,180.777,180.777,4416.8,799380.0036
2025-08-20 12:38:00+08:00,180.777,180.778,180.58,180.586,3721,672211.5204
2025-08-20 12:39:00+08:00,180.586,180.692,180.548,180.631,1671.6,301881.59
2025-08-20 12:40:00+08:00,180.631,180.698,180.355,180.363,3112,561680.8262
2025-08-20 12:41:00+08:00,180.363,180.489,180.357,180.425,2148.6,387690.1794
2025-08-20 12:42:00+08:00,180.425,180.697,180.41,180.593,1173.6,211922.31
2025-08-20 12:43:00+08:00,180.593,180.732,180.572,180.625,1776.2,320831.2974
2025-08-20 12:44:00+08:00,180.625,180.627,180.563,180.59,1000.6,180706.5996
2025-08-20 12:45:00+08:00,180.59,180.602,180.5,180.5,909,164139.6332
2025-08-20 12:46:00+08:00,180.5,180.5,180.408,180.408,861.2,155404.2704
2025-08-20 12:47:00+08:00,180.408,180.465,180.346,180.381,4185,755002.4418
2025-08-20 12:48:00+08:00,180.381,180.399,180.341,180.358,540.6,97506.6686
2025-08-20 12:49:00+08:00,180.358,180.484,180.268,180.394,2972,536045.779
2025-08-20 12:50:00+08:00,180.394,180.644,180.394,180.57,1065,192223.0274
2025-08-20 12:51:00+08:00,180.57,180.621,180.561,180.578,762.6,137716.2178
2025-08-20 12:52:00+08:00,180.578,180.859,180.578,180.824,2543.2,459759.5078
2025-08-20 12:53:00+08:00,180.824,180.839,180.742,180.766,1310,236846.0174
2025-08-20 12:54:00+08:00,180.766,180.806,180.646,180.682,2172,392611.4196
2025-08-20 12:55:00+08:00,180.682,180.709,180.629,180.636,1387.4,250685.1202
2025-08-20 12:56:00+08:00,180.636,180.715,180.629,180.691,1881.8,339991.6854
2025-08-20 12:57:00+08:00,180.691,180.691,180.6,180.601,263.2,47536.6046
2025-08-20 12:58:00+08:00,180.601,180.601,180.5,180.5,763.6,137873.5312
2025-08-20 12:59:00+08:00,180.5,180.553,180.5,180.526,2175.8,392780.0462
2025-08-20 13:00:00+08:00,180.526,180.597,180.451,180.478,831.2,150070.4062
2025-08-20 13:01:00+08:00,180.478,180.478,180.342,180.377,2695.4,486286.5012
2025-08-20 13:02:00+08:00,180.377,180.592,180.343,180.486,604,109001.413
2025-08-20 13:03:00+08:00,180.486,180.511,180.347,180.466,2427.6,437870.0784
2025-08-20 13:04:00+08:00,180.466,180.531,180.405,180.427,646.8,116745.8914
2025-08-20 13:05:00+08:00,180.427,180.583,180.41,180.427,881.8,159141.8288
2025-08-20 13:06:00+08:00,180.427,180.427,180.267,180.279,2840,512076.4764
2025-08-20 13:07:00+08:00,180.279,180.349,180.216,180.216,3523.2,635151.5262
2025-08-20 13:08:00+08:00,180.216,180.283,180.207,180.23,1024.2,184588.475
2025-08-20 13:09:00+08:00,180.23,180.267,180.159,180.189,1907.4,343690.1596
2025-08-20 13:10:00+08:00,180.189,180.213,180.076,180.076,2670.2,480907.833
2025-08-20 13:11:00+08:00,180.076,180.1,180.029,180.046,721.2,129862.8594
2025-08-20 13:12:00+08:00,180.046,180.091,180.008,180.087,785,141343.4912
2025-08-20 13:13:00+08:00,180.087,180.217,180.019,180.162,2080.2,374729.37
2025-08-20 13:14:00+08:00,180.162,180.195,180.095,180.122,2189.6,394465.7666
2025-08-20 13:15:00+08:00,180.122,180.382,180.089,180.323,1132.4,204030.5828
2025-08-20 13:16:00+08:00,180.323,180.324,180.152,180.152,1518.2,273708.1376
2025-08-20 13:17:00+08:00,180.152,180.267,180.117,180.218,1597.8,287988.4312
2025-08-20 13:18:00+08:00,180.218,180.218,179.888,179.936,7306,1314783.8012
2025-08-20 13:19:00+08:00,179.936,179.961,179.854,179.891,5225.8,940228.088
2025-08-20 13:20:00+08:00,179.891,179.962,179.791,179.8,3514.2,632007.4042
2025-08-20 13:21:00+08:00,179.8,179.941,179.749,179.863,2438,438390.2764
2025-08-20 13:22:00+08:00,179.863,180.068,179.854,179.932,2296,413211.7644
2025-08-20 13:23:00+08:00,179.932,180.009,179.928,180,2651.6,477199.1876
2025-08-20 13:24:00+08:00,180,180,179.924,179.938,1801.2,324101.455
2025-08-20 13:25:00+08:00,179.938,180.153,179.938,180.041,1717.8,309197.4158
2025-08-20 13:26:00+08:00,180.041,180.041,179.927,179.928,970.4,174665.8792
2025-08-20 13:27:00+08:00,179.928,180.051,179.906,180.05,1095.4,197159.093
2025-08-20 13:28:00+08:00,180.05,180.15,180.034,180.066,2235,402498.437
2025-08-20 13:29:00+08:00,180.066,180.084,180.053,180.053,1074.6,193507.9604
2025-08-20 13:30:00+08:00,180.053,180.107,179.969,179.983,838.2,150906.2058
2025-08-20 13:31:00+08:00,179.983,180.15,179.982,180.052,1854.8,334048.5192
2025-08-20 13:32:00+08:00,180.052,180.2,180.02,180.199,650.6,117167.791
2025-08-20 13:33:00+08:00,180.199,180.252,180.111,180.247,1159.8,209000.027
2025-08-20 13:34:00+08:00,180.247,180.534,180.247,180.513,1716.2,309612.35
2025-08-20 13:35:00+08:00,180.513,180.534,180.384,180.412,2574.6,464624.2068
2025-08-20 13:36:00+08:00,180.412,180.556,180.372,180.556,1396.4,252079.3836
2025-08-20 13:37:00+08:00,180.556,180.567,180.459,180.542,299,53976.972
2025-08-20 13:38:00+08:00,180.542,180.564,180.5,180.527,1510.2,272607.448
2025-08-20 13:39:00+08:00,180.527,180.538,180.44,180.511,561.6,101370.304
2025-08-20 13:40:00+08:00,180.511,180.524,180.433,180.434,640.2,115567.637
2025-08-20 13:41:00+08:00,180.434,180.684,180.433,180.605,6816,1230720.1668
2025-08-20 13:42:00+08:00,180.605,180.633,180.531,180.632,1106.6,199846.8812
2025-08-20 13:43:00+08:00,180.632,180.632,180.501,180.55,1944.6,351147.626
2025-08-20 13:44:00+08:00,180.55,180.769,180.55,180.768,5557.6,1003985.6646
2025-08-20 13:45:00+08:00,180.768,180.796,180.556,180.556,1530.8,276597.5036
2025-08-20 13:46:00+08:00,180.556,180.694,180.546,180.594,1489.6,269047.9358
2025-08-20 13:47:00+08:00,180.594,180.648,180.594,180.648,1191.2,215151.4494
2025-08-20 13:48:00+08:00,180.648,180.753,180.648,180.753,415,74996.7864
2025-08-20 13:49:00+08:00,180.753,180.753,180.614,180.634,743.2,134263.628
2025-08-20 13:50:00+08:00,180.634,180.692,180.634,180.673,739.8,133660.832
2025-08-20 13:51:00+08:00,180.673,180.716,180.667,180.693,1718.6,310539.1706
2025-08-20 13:52:00+08:00,180.693,180.795,180.613,180.795,962,173837.5006
2025-08-20 13:53:00+08:00,180.795,180.904,180.763,180.859,1259.8,227801.5682
2025-08-20 13:54:00+08:00,180.859,180.911,180.817,180.911,2876.8,520266.3392
2025-08-20 13:55:00+08:00,180.911,181.065,180.911,181.02,6260.4,1133384.1894
2025-08-20 13:56:00+08:00,181.02,181.092,181.02,181.07,1974.6,357539.038
2025-08-20 13:57:00+08:00,181.07,181.084,180.984,181.043,4725.2,855298.2214
2025-08-20 13:58:00+08:00,181.043,181.066,180.911,180.924,4601.4,833002.6374
2025-08-20 13:59:00+08:00,180.924,181.031,180.913,181.024,2118.2,383374.581
2025-08-20 14:00:00+08:00,181.024,181.176,180.993,181.068,3077.2,557212.794
2025-08-20 14:01:00+08:00,181.068,181.105,180.928,181.08,978.2,177059.3702
2025-08-20 14:02:00+08:00,181.08,181.222,181.069,181.222,2498,452581.8526
2025-08-20 14:03:00+08:00,181.222,181.222,181.11,181.11,1414,256167.4642
2025-08-20 14:04:00+08:00,181.11,181.14,180.867,180.957,2871,519430.1244
2025-08-20 14:05:00+08:00,180.957,180.961,180.809,180.848,3412,617166.517
2025-08-20 14:06:00+08:00,180.848,180.891,180.809,180.887,4907.6,887679.1202
2025-08-20 14:07:00+08:00,180.887,180.887,180.651,180.663,3714.6,671454.92
2025-08-20 14:08:00+08:00,180.663,180.865,180.663,180.759,1160.6,209792.625
2025-08-20 14:09:00+08:00,180.759,180.8,180.69,180.7,3955.6,714974.5594
2025-08-20 14:10:00+08:00,180.7,180.736,180.621,180.622,1246.8,225221.273
2025-08-20 14:11:00+08:00,180.622,180.622,180.498,180.498,2867,517591.0274
2025-08-20 14:12:00+08:00,180.498,180.503,180.407,180.407,8583.2,1548947.1778
2025-08-20 14:13:00+08:00,180.407,180.474,180.393,180.415,2224.6,401367.4694
2025-08-20 14:14:00+08:00,180.415,180.44,180.382,180.382,715.6,129099.82
2025-08-20 14:15:00+08:00,180.382,180.483,180.352,180.363,3738.6,674407.8866
2025-08-20 14:16:00+08:00,180.363,180.423,180.363,180.368,1751.2,315875.3896
2025-08-20 14:17:00+08:00,180.368,180.368,180.098,180.168,4210,758680.4456
2025-08-20 14:18:00+08:00,180.168,180.416,180.168,180.338,1950.2,351642.6624
2025-08-20 14:19:00+08:00,180.338,180.608,180.338,180.608,532.4,96080.0602
2025-08-20 14:20:00+08:00,180.608,180.61,180.499,180.573,2020.6,364788.7274
2025-08-20 14:21:00+08:00,180.573,180.573,180.494,180.568,720.6,130090.036
2025-08-20 14:22:00+08:00,180.568,180.752,180.565,180.574,3072.8,555061.539
2025-08-20 14:23:00+08:00,180.574,180.574,180.433,180.45,722.4,130364.0972
2025-08-20 14:24:00+08:00,180.45,180.583,180.443,180.455,1423.6,256972.651
2025-08-20 14:25:00+08:00,180.455,180.473,180.325,180.35,725.4,130860.3378
2025-08-20 14:26:00+08:00,180.35,180.376,180.251,180.296,716.6,129193.462
2025-08-20 14:27:00+08:00,180.296,180.407,180.28,180.28,3160.4,569946.9988
2025-08-20 14:28:00+08:00,180.28,180.43,180.247,180.382,1311.2,236456.6748
2025-08-20 14:29:00+08:00,180.382,180.494,180.325,180.395,1277.4,230431.9436
2025-08-20 14:30:00+08:00,180.395,180.628,180.325,180.607,10957,1978553.5336
2025-08-20 14:31:00+08:00,180.607,180.607,180.401,180.464,5115.2,923186.281
2025-08-20 14:32:00+08:00,180.464,180.544,180.464,180.508,1118.6,201904.9586
2025-08-20 14:33:00+08:00,180.508,180.508,180.408,180.488,223.4,40318.2672
2025-08-20 14:34:00+08:00,180.488,180.609,180.428,180.609,2926.6,528122.2186
2025-08-20 14:35:00+08:00,180.609,180.609,180.459,180.516,663.8,119826.9442
2025-08-20 14:36:00+08:00,180.516,180.778,180.387,180.733,4702.4,849536.7878
2025-08-20 14:37:00+08:00,180.733,180.97,180.701,180.97,5589.2,1010747.6414
2025-08-20 14:38:00+08:00,180.97,181.049,180.97,181.017,2119.8,383724.0404
2025-08-20 14:39:00+08:00,181.017,181.115,180.971,181.104,6642.8,1202602.3742
2025-08-20 14:40:00+08:00,181.104,181.139,181.004,181.087,12507.2,2265071.2886
2025-08-20 14:41:00+08:00,181.087,181.087,181,181.021,3075,556680.3816
2025-08-20 14:42:00+08:00,181.021,181.108,180.976,181.103,819,148310.2776
2025-08-20 14:43:00+08:00,181.103,181.103,180.975,180.996,841.6,152352.4526
2025-08-20 14:44:00+08:00,180.996,181.059,180.969,180.981,455.2,82383.8132
2025-08-20 14:45:00+08:00,180.981,180.981,180.809,180.83,469.4,84901.4916
2025-08-20 14:46:00+08:00,180.83,180.83,180.677,180.677,1168.8,211249.6612
2025-08-20 14:47:00+08:00,180.677,180.686,180.557,180.557,1014,183133.8336
2025-08-20 14:48:00+08:00,180.557,180.578,180.455,180.504,6255.2,1128914.1898
2025-08-20 14:49:00+08:00,180.504,180.576,180.436,180.458,2041.6,368466.0554
2025-08-20 14:50:00+08:00,180.458,180.646,180.458,180.568,2902,524054.8498
2025-08-20 14:51:00+08:00,180.568,180.608,180.477,180.477,5011.6,905000.8572
2025-08-20 14:52:00+08:00,180.477,180.563,180.449,180.563,981.8,177224.6112
2025-08-20 14:53:00+08:00,180.563,180.69,180.538,180.69,1221.8,220705.3284
2025-08-20 14:54:00+08:00,180.69,180.731,180.604,180.691,2380.8,430126.0544
2025-08-20 14:55:00+08:00,180.691,180.754,180.659,180.728,211.2,38169.6724
2025-08-20 14:56:00+08:00,180.728,180.894,180.714,180.872,727.6,131566.423
2025-08-20 14:57:00+08:00,180.872,180.904,180.859,180.904,1621.6,293314.9104
2025-08-20 14:58:00+08:00,180.904,181.022,180.903,180.984,3020.6,546701.777
2025-08-20 14:59:00+08:00,180.984,180.984,180.851,180.942,3844.4,695368.3352
2025-08-20 15:00:00+08:00,180.942,181.17,180.935,181.15,4934.6,893513.4402
2025-08-20 15:01:00+08:00,181.15,181.221,181,181.214,2562,464031.2856
2025-08-20 15:02:00+08:00,181.214,181.434,181.196,181.433,7795.4,1413305.6072
2025-08-20 15:03:00+08:00,181.433,181.438,181.165,181.198,2991.6,542262.6222
2025-08-20 15:04:00+08:00,181.198,181.215,181.151,181.159,831.6,150679.0968
2025-08-20 15:05:00+08:00,181.159,181.244,180.851,180.856,9272.6,1678131.3606
2025-08-20 15:06:00+08:00,180.856,181.079,180.856,181.069,2455.8,444525.0738
2025-08-20 15:07:00+08:00,181.069,181.214,181.069,181.2,1122,203285.9056
2025-08-20 15:08:00+08:00,181.2,181.244,181.179,181.187,1174.8,212895.6564
2025-08-20 15:09:00+08:00,181.187,181.332,181.176,181.245,4003.2,725486.1374
2025-08-20 15:10:00+08:00,181.245,181.384,181.219,181.341,3763.2,682375.248
2025-08-20 15:11:00+08:00,181.341,181.358,181.244,181.297,2273.8,412175.3068
2025-08-20 15:12:00+08:00,181.297,181.298,181.196,181.266,999.6,181187.511
2025-08-20 15:13:00+08:00,181.266,181.267,181.176,181.251,947.8,171774.257
2025-08-20 15:14:00+08:00,181.251,181.408,181.244,181.392,3053.2,553807.7568
2025-08-20 15:15:00+08:00,181.392,181.5,181.364,181.5,9188.6,1667332.3498
2025-08-20 15:16:00+08:00,181.5,181.571,181.481,181.564,6157.6,1117892.8718
2025-08-20 15:17:00+08:00,181.564,181.576,181.337,181.337,5446,988138.891
2025-08-20 15:18:00+08:00,181.337,181.337,181.191,181.272,7094.4,1285710.1426
2025-08-20 15:19:00+08:00,181.272,181.362,181.144,181.296,1660,300885.7992
2025-08-20 15:20:00+08:00,181.296,181.394,181.241,181.366,2523.2,457397.2724
2025-08-20 15:21:00+08:00,181.366,181.366,181.237,181.276,1078.4,195474.4762
2025-08-20 15:22:00+08:00,181.276,181.276,181.192,181.198,3296,597381.6016
2025-08-20 15:23:00+08:00,181.198,181.253,181.117,181.145,1667.6,302162.886
2025-08-20 15:24:00+08:00,181.145,181.204,181.145,181.153,1207.6,218777.9208
2025-08-20 15:25:00+08:00,181.153,181.276,181.1,181.131,1256.6,227604.5914
2025-08-20 15:26:00+08:00,181.131,181.289,181.125,181.266,2251,407794.1858
2025-08-20 15:27:00+08:00,181.266,181.266,181.107,181.108,1851.2,335433.639
2025-08-20 15:28:00+08:00,181.108,181.231,181.1,181.1,1298,235139.1436
2025-08-20 15:29:00+08:00,181.1,181.116,181.075,181.116,670.4,121408.081
2025-08-20 15:30:00+08:00,181.116,181.138,180.819,180.819,5008.4,906345.3268
2025-08-20 15:31:00+08:00,180.819,180.873,180.734,180.805,4195.6,758575.1892
2025-08-20 15:32:00+08:00,180.805,181.014,180.8,181.014,2553.4,461987.676
2025-08-20 15:33:00+08:00,181.014,181.021,180.788,180.792,2574.4,465757.274
2025-08-20 15:34:00+08:00,180.792,180.807,180.729,180.73,1943.6,351302.125
2025-08-20 15:35:00+08:00,180.73,180.779,180.579,180.58,3773,681703.042
2025-08-20 15:36:00+08:00,180.58,180.666,180.554,180.554,5417.4,978347.2766
2025-08-20 15:37:00+08:00,180.554,180.71,180.554,180.664,4442.4,802555.8728
2025-08-20 15:38:00+08:00,180.664,180.774,180.601,180.765,1097,198169.6532
2025-08-20 15:39:00+08:00,180.765,180.766,180.632,180.733,1802.6,325676.6994
2025-08-20 15:40:00+08:00,180.733,180.95,180.733,180.932,4038.2,730141.474
2025-08-20 15:41:00+08:00,180.932,181.01,180.919,180.919,898,162520.1384
2025-08-20 15:42:00+08:00,180.919,180.919,180.821,180.881,1396.2,252518.1776
2025-08-20 15:43:00+08:00,180.881,180.889,180.798,180.805,718.2,129869.3934
2025-08-20 15:44:00+08:00,180.805,180.844,180.781,180.808,2394.2,432904.6376
2025-08-20 15:45:00+08:00,180.808,180.889,180.689,180.744,538.2,97279.9026
2025-08-20 15:46:00+08:00,180.744,181,180.744,180.999,1000,180888.424
2025-08-20 15:47:00+08:00,180.999,181,180.943,181,1669.4,302103.8376
2025-08-20 15:48:00+08:00,181,181.111,180.973,181.028,503.6,91184.3496
2025-08-20 15:49:00+08:00,181.028,181.051,180.9,180.987,1149.8,208052.5362
2025-08-20 15:50:00+08:00,180.987,181.007,180.85,180.971,1122.2,203055.2908
2025-08-20 15:51:00+08:00,180.971,180.997,180.777,180.779,1412,255314.9842
2025-08-20 15:52:00+08:00,180.779,180.814,180.769,180.769,606.6,109674.4702
2025-08-20 15:53:00+08:00,180.769,180.769,180.603,180.603,2733.2,493754.172
2025-08-20 15:54:00+08:00,180.603,180.714,180.603,180.63,801,144724.5046
2025-08-20 15:55:00+08:00,180.63,180.713,180.574,180.583,1146.2,207019.8522
2025-08-20 15:56:00+08:00,180.583,180.583,180.455,180.463,4469.6,806738.1324
2025-08-20 15:57:00+08:00,180.463,180.484,180.3,180.359,10186.8,1837210.6382
2025-08-20 15:58:00+08:00,180.359,180.473,180.359,180.473,1183.6,213520.726
2025-08-20 15:59:00+08:00,180.473,180.503,180.404,180.465,1553.2,280255.6006
2025-08-20 16:00:00+08:00,180.465,180.489,180.21,180.225,6629.6,1195096.0192
2025-08-20 16:01:00+08:00,180.225,180.387,180.218,180.382,3400.2,612968.12
2025-08-20 16:02:00+08:00,180.382,180.494,180.357,180.452,1695.4,305891.6402
2025-08-20 16:03:00+08:00,180.452,180.539,180.408,180.443,1382.8,249577.0994
2025-08-20 16:04:00+08:00,180.443,180.527,180.383,180.527,1410.6,254534.7574
2025-08-20 16:05:00+08:00,180.527,180.671,180.437,180.479,5320.8,960864.5094
2025-08-20 16:06:00+08:00,180.479,180.479,180.357,180.38,2283.4,411980.6046
2025-08-20 16:07:00+08:00,180.38,180.38,180.238,180.301,2337.6,421443.9456
2025-08-20 16:08:00+08:00,180.301,180.38,180.259,180.368,916,165165.8462
2025-08-20 16:09:00+08:00,180.368,180.451,180.352,180.367,415.8,75015.88
2025-08-20 16:10:00+08:00,180.367,180.549,180.367,180.538,782.2,141141.4286
2025-08-20 16:11:00+08:00,180.538,180.749,180.533,180.679,3409.8,616159.698
2025-08-20 16:12:00+08:00,180.679,180.887,180.614,180.755,2915.4,527136.4014
2025-08-20 16:13:00+08:00,180.755,180.829,180.691,180.828,4155,750979.6832
2025-08-20 16:14:00+08:00,180.828,180.938,180.828,180.863,2743.2,496277.6116
2025-08-20 16:15:00+08:00,180.863,180.93,180.858,180.93,1120.2,202649.4392
2025-08-20 16:16:00+08:00,180.93,180.961,180.724,180.921,24445.8,4421841.9632
2025-08-20 16:17:00+08:00,180.921,180.932,180.84,180.86,4869.6,880830.3534
2025-08-20 16:18:00+08:00,180.86,180.86,180.748,180.817,2101.4,379925.973
2025-08-20 16:19:00+08:00,180.817,180.911,180.802,180.893,1742.6,315175.8532
2025-08-20 16:20:00+08:00,180.893,180.97,180.864,180.957,4120.2,745406.4492
2025-08-20 16:21:00+08:00,180.957,180.958,180.765,180.765,5077.6,918409.4982
2025-08-20 16:22:00+08:00,180.765,180.839,180.728,180.838,1787.2,323072.7232
2025-08-20 16:23:00+08:00,180.838,180.9,180.727,180.739,675.8,122198.4864
2025-08-20 16:24:00+08:00,180.739,180.818,180.728,180.811,166.4,30080.0158
2025-08-20 16:25:00+08:00,180.811,180.812,180.727,180.728,1615.6,292010.6614
2025-08-20 16:26:00+08:00,180.728,180.853,180.695,180.853,5081.8,918564.5062
2025-08-20 16:27:00+08:00,180.853,181.086,180.831,181.086,7629.2,1380878.6318
2025-08-20 16:28:00+08:00,181.086,181.306,181.069,181.306,5790.6,1049315.6224
2025-08-20 16:29:00+08:00,181.306,181.335,181.276,181.333,3713.8,673353.4374
2025-08-20 16:30:00+08:00,181.333,181.383,181.313,181.354,4793,869203.926
2025-08-20 16:31:00+08:00,181.354,181.426,181.32,181.426,2246.2,407433.591
2025-08-20 16:32:00+08:00,181.426,181.695,181.426,181.695,8553,1553199.6724
2025-08-20 16:33:00+08:00,181.695,181.941,181.67,181.826,13599.8,2472570.2668
2025-08-20 16:34:00+08:00,181.826,181.86,181.678,181.714,4587,833757.2604
2025-08-20 16:35:00+08:00,181.714,181.715,181.4,181.445,7904,1434875.7826
2025-08-20 16:36:00+08:00,181.445,181.572,181.394,181.434,2570.8,466529.9482
2025-08-20 16:37:00+08:00,181.434,181.578,181.393,181.484,3935,714002.789
2025-08-20 16:38:00+08:00,181.484,181.487,181.341,181.46,3718.4,674633.968
2025-08-20 16:39:00+08:00,181.46,181.569,181.365,181.419,7729.6,1402812.7404
2025-08-20 16:40:00+08:00,181.419,181.54,181.364,181.461,13427.2,2436211.1458
2025-08-20 16:41:00+08:00,181.461,181.759,181.461,181.728,10542.2,1914658.2456
2025-08-20 16:42:00+08:00,181.728,181.748,181.338,181.51,7054.6,1280239.709
2025-08-20 16:43:00+08:00,181.51,181.649,181.451,181.596,6780.4,1231120.9228
2025-08-20 16:44:00+08:00,181.596,181.734,181.584,181.734,1446,262688.6564
2025-08-20 16:45:00+08:00,181.734,181.747,181.609,181.666,4359.2,792033.8256
2025-08-20 16:46:00+08:00,181.666,181.735,181.622,181.636,14386.4,2614012.3282
2025-08-20 16:47:00+08:00,181.636,181.819,181.636,181.819,4315.6,784542.4166
2025-08-20 16:48:00+08:00,181.819,181.846,181.776,181.777,3260.8,592883.7372
2025-08-20 16:49:00+08:00,181.777,181.832,181.711,181.712,1749.4,317998.3826
2025-08-20 16:50:00+08:00,181.712,181.76,181.657,181.657,1793.6,325897.0342
2025-08-20 16:51:00+08:00,181.657,181.733,181.549,181.55,5426.4,985709.511
2025-08-20 16:52:00+08:00,181.55,181.647,181.505,181.569,2967.2,538755.647
2025-08-20 16:53:00+08:00,181.569,181.633,181.404,181.404,6165.4,1118844.3848
2025-08-20 16:54:00+08:00,181.404,181.501,181.33,181.496,12026.6,2182031.6564
2025-08-20 16:55:00+08:00,181.496,181.521,181.359,181.367,3817.8,692791.4646
2025-08-20 16:56:00+08:00,181.367,181.683,181.367,181.682,2224.2,403870.5778
2025-08-20 16:57:00+08:00,181.682,181.683,181.492,181.558,15298.6,2776983.78
2025-08-20 16:58:00+08:00,181.558,182.175,181.558,182.071,97859.6,17804410.293
2025-08-20 16:59:00+08:00,182.071,182.13,181.963,181.963,7470.4,1359881.4054
2025-08-20 17:00:00+08:00,181.963,181.971,181.61,181.627,12010,2183190.0234
2025-08-20 17:01:00+08:00,181.627,181.627,181.519,181.558,42775.6,7766938.2634
2025-08-20 17:02:00+08:00,181.558,181.655,181.475,181.55,102651.6,18635546.2404
2025-08-20 17:03:00+08:00,181.55,181.666,181.407,181.449,55576.8,10088768.845
2025-08-20 17:04:00+08:00,181.449,181.664,181.448,181.541,55936.6,10156634.7936
2025-08-20 17:05:00+08:00,181.541,181.639,181.44,181.49,23420.4,4252314.7728
2025-08-20 17:06:00+08:00,181.49,181.935,181.448,181.898,27135.4,4925731.2038
2025-08-20 17:07:00+08:00,181.898,182.006,181.836,181.918,45128.8,8210468.1138
2025-08-20 17:08:00+08:00,181.918,181.918,181.642,181.761,35179.2,6395876.9874
2025-08-20 17:09:00+08:00,181.761,181.965,181.626,181.799,119275.8,21689444.1656
2025-08-20 17:10:00+08:00,181.799,181.949,181.631,181.733,38305,6964395.0528
2025-08-20 17:11:00+08:00,181.733,181.878,181.681,181.722,39442,7169059.4506
2025-08-20 17:12:00+08:00,181.722,181.992,181.615,181.949,89319.8,16238354.641
2025-08-20 17:13:00+08:00,181.949,182.08,181.896,182.08,3134.8,570528.0638
2025-08-20 17:14:00+08:00,182.08,182.143,181.886,181.948,44230.6,8050508.0944
2025-08-20 17:15:00+08:00,181.948,182.081,181.784,181.936,28364.4,5162586.5634
2025-08-20 17:16:00+08:00,181.936,181.951,181.787,181.832,23491.2,4272669.2822
2025-08-20 17:17:00+08:00,181.832,181.862,181.779,181.779,1496.4,272111.6604
2025-08-20 17:18:00+08:00,181.779,181.929,181.779,181.929,7624.4,1386650.5226
2025-08-20 17:19:00+08:00,181.929,181.963,181.882,181.882,4112,747980.5762
2025-08-20 17:20:00+08:00,181.882,182.083,181.882,182.076,3702.6,673919.2248
2025-08-20 17:21:00+08:00,182.076,182.125,181.971,181.986,5331.2,970568.0276
2025-08-20 17:22:00+08:00,181.986,182.173,181.986,182.172,5690.2,1035963.4972
2025-08-20 17:23:00+08:00,182.172,182.173,181.971,181.99,7342.4,1336920.1898
2025-08-20 17:24:00+08:00,181.99,181.998,181.871,181.995,8314,1512930.4886
2025-08-20 17:25:00+08:00,181.995,182.065,181.911,181.944,2314.6,421308.2508
2025-08-20 17:26:00+08:00,181.944,181.945,181.686,181.686,2687.6,488755.1324
2025-08-20 17:27:00+08:00,181.686,181.712,181.537,181.537,6890.2,1251689.9466
2025-08-20 17:28:00+08:00,181.537,181.588,181.506,181.519,2761.2,501289.8882
2025-08-20 17:29:00+08:00,181.519,181.548,181.479,181.503,3158,573190.9336
2025-08-20 17:30:00+08:00,181.503,181.627,181.479,181.587,1869.2,339370.4768
2025-08-20 17:31:00+08:00,181.587,181.587,181.373,181.414,2729.8,495313.2744
2025-08-20 17:32:00+08:00,181.414,181.58,181.368,181.549,2531.4,459344.2888
2025-08-20 17:33:00+08:00,181.549,181.664,181.527,181.527,2881.6,523416.7186
2025-08-20 17:34:00+08:00,181.527,181.564,181.483,181.51,2009.2,364700.3742
2025-08-20 17:35:00+08:00,181.51,181.62,181.453,181.485,928.8,168614.7774
2025-08-20 17:36:00+08:00,181.485,181.553,181.42,181.552,3489.6,633255.505
2025-08-20 17:37:00+08:00,181.552,181.649,181.431,181.649,2768.6,502597.8962
2025-08-20 17:38:00+08:00,181.649,181.76,181.577,181.76,1347.4,244775.273
2025-08-20 17:39:00+08:00,181.76,181.76,181.612,181.747,2212.2,401960.467
2025-08-20 17:40:00+08:00,181.747,181.933,181.746,181.907,4864.4,884434.674
2025-08-20 17:41:00+08:00,181.907,181.914,181.75,181.75,2206,401107.7074
2025-08-20 17:42:00+08:00,181.75,181.854,181.716,181.801,1615.8,293696.0432
2025-08-20 17:43:00+08:00,181.801,181.801,181.624,181.624,845.4,153601.6104
2025-08-20 17:44:00+08:00,181.624,181.65,181.54,181.621,657.2,119339.069
2025-08-20 17:45:00+08:00,181.621,181.779,181.621,181.669,3951.8,718137.932
2025-08-20 17:46:00+08:00,181.669,181.757,181.626,181.69,2051,372662.0074
2025-08-20 17:47:00+08:00,181.69,181.946,181.69,181.938,1914.8,348275.2954
2025-08-20 17:48:00+08:00,181.938,181.947,181.636,181.636,2594,471691.654
2025-08-20 17:49:00+08:00,181.636,181.669,181.41,181.411,5103,926204.9886
2025-08-20 17:50:00+08:00,181.411,181.483,181.301,181.34,4334.6,786093.9058
2025-08-20 17:51:00+08:00,181.34,181.366,181.28,181.288,3450.6,625583.0266
2025-08-20 17:52:00+08:00,181.288,181.331,181.14,181.171,7906.2,1432494.1082
2025-08-20 17:53:00+08:00,181.171,181.217,180.907,180.941,12787,2315302.777
2025-08-20 17:54:00+08:00,180.941,180.941,180.808,180.9,8303.6,1501894.5868
2025-08-20 17:55:00+08:00,180.9,181.013,180.9,180.929,4550.8,823496.0128
2025-08-20 17:56:00+08:00,180.929,180.97,180.818,180.819,6317.6,1142528.9674
2025-08-20 17:57:00+08:00,180.819,180.995,180.819,180.973,2365.4,428008.2706
2025-08-20 17:58:00+08:00,180.973,181.001,180.929,180.929,1413.4,255760.9658
2025-08-20 17:59:00+08:00,180.929,180.93,180.808,180.853,2983.4,539578.2522
2025-08-20 18:00:00+08:00,180.853,181.027,180.844,181.027,8235,1489840.9906
2025-08-20 18:01:00+08:00,181.027,181.235,180.992,181.116,9621.6,1742652.7252
2025-08-20 18:02:00+08:00,181.116,181.233,181.022,181.199,2754.6,498855.1606
2025-08-20 18:03:00+08:00,181.199,181.253,181.148,181.233,3907,707911.1338
2025-08-20 18:04:00+08:00,181.233,181.395,181.233,181.39,2674.8,485141.6816
2025-08-20 18:05:00+08:00,181.39,181.423,181.289,181.395,3066.8,556200.0712
2025-08-20 18:06:00+08:00,181.395,181.401,181.232,181.323,2122,384759.53
2025-08-20 18:07:00+08:00,181.323,181.323,181.208,181.209,1537,278539.8378
2025-08-20 18:08:00+08:00,181.209,181.251,181.133,181.245,934.8,169387.8248
2025-08-20 18:09:00+08:00,181.245,181.251,181.1,181.119,3261.8,590948.2012
2025-08-20 18:10:00+08:00,181.119,181.278,181.119,181.176,1186.8,215046.3532
2025-08-20 18:11:00+08:00,181.176,181.215,181.062,181.063,2403.8,435514.4496
2025-08-20 18:12:00+08:00,181.063,181.084,180.961,181.044,3146.4,569501.1444
2025-08-20 18:13:00+08:00,181.044,181.117,180.904,180.942,2306.2,417440.4564
2025-08-20 18:14:00+08:00,180.942,181.061,180.926,180.981,14852,2687850.7078
2025-08-20 18:15:00+08:00,180.981,181.118,180.981,181.048,5707.8,1033302.7668
2025-08-20 18:16:00+08:00,181.048,181.262,181.048,181.262,3231.8,585493.648
2025-08-20 18:17:00+08:00,181.262,181.457,181.262,181.449,3783.2,686315.5822
2025-08-20 18:18:00+08:00,181.449,181.581,181.387,181.581,4158.2,754820.563
2025-08-20 18:19:00+08:00,181.581,181.662,181.467,181.483,1089.2,197790.8192
2025-08-20 18:20:00+08:00,181.483,181.494,181.236,181.264,3264.6,592043.6788
2025-08-20 18:21:00+08:00,181.264,181.501,181.264,181.494,1359.8,246699.1658
2025-08-20 18:22:00+08:00,181.494,181.494,181.184,181.204,843.6,152915.976
2025-08-20 18:23:00+08:00,181.204,181.219,181.056,181.056,976.2,176784.0138
2025-08-20 18:24:00+08:00,181.056,181.061,180.929,180.93,2818.8,510185.5968
2025-08-20 18:25:00+08:00,180.93,180.99,180.863,180.931,3129.4,566116.068
2025-08-20 18:26:00+08:00,180.931,180.954,180.838,180.876,1454.8,263157.0794
2025-08-20 18:27:00+08:00,180.876,180.876,180.765,180.776,1378.4,249210.7778
2025-08-20 18:28:00+08:00,180.776,180.841,180.776,180.803,11857.4,2144067.4014
2025-08-20 18:29:00+08:00,180.803,180.894,180.803,180.835,1427.4,258131.7546
2025-08-20 18:30:00+08:00,180.835,180.938,180.823,180.855,1075.2,194477.4574
2025-08-20 18:31:00+08:00,180.855,180.928,180.803,180.822,1707.4,308741.0204
2025-08-20 18:32:00+08:00,180.822,180.887,180.775,180.887,536.8,97067.7204
2025-08-20 18:33:00+08:00,180.887,180.889,180.747,180.759,2085,376965.358
2025-08-20 18:34:00+08:00,180.759,180.824,180.754,180.754,741.6,134080.9408
2025-08-20 18:35:00+08:00,180.754,180.854,180.75,180.797,1593.4,288100.5834
2025-08-20 18:36:00+08:00,180.797,180.807,180.784,180.784,236.6,42774.9612
2025-08-20 18:37:00+08:00,180.784,181.003,180.75,181.003,1129.6,204413.0192
2025-08-20 18:38:00+08:00,181.003,181.05,180.763,180.787,1753.8,317397.6396
2025-08-20 18:39:00+08:00,180.787,180.89,180.786,180.89,1215,219674.0964
2025-08-20 18:40:00+08:00,180.89,181.073,180.887,181.073,1111.8,201201.6542
2025-08-20 18:41:00+08:00,181.073,181.073,180.932,180.956,3431.2,621115.4636
2025-08-20 18:42:00+08:00,180.956,181.115,180.931,181.115,1004.4,181840.2598
2025-08-20 18:43:00+08:00,181.115,181.115,180.931,180.992,739.6,133911.4588
2025-08-20 18:44:00+08:00,180.992,181.027,180.988,180.998,702.8,127208.0536
2025-08-20 18:45:00+08:00,180.998,181.05,180.998,181.05,539.4,97651.5498
2025-08-20 18:46:00+08:00,181.05,181.05,180.979,180.989,269.2,48726.4162
2025-08-20 18:47:00+08:00,180.989,181.135,180.989,181.067,306,55407.8422
2025-08-20 18:48:00+08:00,181.067,181.111,181.042,181.084,2498.4,452419.962
2025-08-20 18:49:00+08:00,181.084,181.166,181.023,181.166,186,33682.4122
2025-08-20 18:50:00+08:00,181.166,181.225,181.129,181.18,1810.8,328114.7902
2025-08-20 18:51:00+08:00,181.18,181.194,181.047,181.068,620.6,112373.6346
2025-08-20 18:52:00+08:00,181.068,181.11,181.056,181.1,109,19738.4908
2025-08-20 18:53:00+08:00,181.1,181.1,181.001,181.031,7060.4,1278534.4018
2025-08-20 18:54:00+08:00,181.031,181.09,181.018,181.071,351.8,63696.6988
2025-08-20 18:55:00+08:00,181.071,181.071,180.931,180.931,5877,1063587.3506
2025-08-20 18:56:00+08:00,180.931,181.035,180.902,181.03,1921.6,347683.6074
2025-08-20 18:57:00+08:00,181.03,181.066,180.993,181.033,2243.4,406140.0266
2025-08-20 18:58:00+08:00,181.033,181.075,181.023,181.046,148,26793.593
2025-08-20 18:59:00+08:00,181.046,181.046,180.928,180.928,825.4,149363.5306
2025-08-20 19:00:00+08:00,180.928,181.105,180.928,181.024,718,130003.0232
2025-08-20 19:01:00+08:00,181.024,181.123,181.024,181.051,356,64459.4486
2025-08-20 19:02:00+08:00,181.051,181.2,181.02,181.138,631.6,114370.5642
2025-08-20 19:03:00+08:00,181.138,181.138,181.023,181.089,806.8,146059.0698
2025-08-20 19:04:00+08:00,181.089,181.225,181.06,181.225,891.8,161567.135
2025-08-20 19:05:00+08:00,181.225,181.252,181.089,181.131,833.4,151019.5382
2025-08-20 19:06:00+08:00,181.131,181.136,181.118,181.135,2127.4,385320.2848
2025-08-20 19:07:00+08:00,181.135,181.19,181.133,181.18,151.4,27428.11
2025-08-20 19:08:00+08:00,181.18,181.18,180.819,180.819,4722.2,854293.9254
2025-08-20 19:09:00+08:00,180.819,180.828,180.745,180.753,4562.6,824868.965
2025-08-20 19:10:00+08:00,180.753,180.787,180.568,180.667,9533.6,1722404.2024
2025-08-20 19:11:00+08:00,180.667,180.694,180.579,180.622,1013,182982.786
2025-08-20 19:12:00+08:00,180.622,180.622,180.56,180.56,3198.2,577493.7594
2025-08-20 19:13:00+08:00,180.56,180.565,180.486,180.547,4131.2,745768.8666
2025-08-20 19:14:00+08:00,180.547,180.547,180.485,180.485,1390.2,250944.1048
2025-08-20 19:15:00+08:00,180.485,180.544,180.484,180.495,813.8,146913.2272
2025-08-20 19:16:00+08:00,180.495,180.503,180.329,180.329,14172.4,2556809.147
2025-08-20 19:17:00+08:00,180.329,180.343,180.157,180.292,7210.8,1299693.4228
2025-08-20 19:18:00+08:00,180.292,180.293,180.15,180.246,5518.4,994373.2974
2025-08-20 19:19:00+08:00,180.246,180.324,180.196,180.294,2319,417990.369
2025-08-20 19:20:00+08:00,180.294,180.345,180.256,180.326,2500.8,450893.1764
2025-08-20 19:21:00+08:00,180.326,180.404,180.262,180.277,1509.2,272126.6472
2025-08-20 19:22:00+08:00,180.277,180.277,180.113,180.127,5864.8,1056581.6692
2025-08-20 19:23:00+08:00,180.127,180.2,180.127,180.174,1720,309870.122
2025-08-20 19:24:00+08:00,180.174,180.185,180.08,180.082,1803.6,324870.4602
2025-08-20 19:25:00+08:00,180.082,180.353,180.068,180.342,3447.8,621123.828
2025-08-20 19:26:00+08:00,180.342,180.342,180.192,180.199,1325.4,238893.368
2025-08-20 19:27:00+08:00,180.199,180.222,180.126,180.126,504.6,90929.6704
2025-08-20 19:28:00+08:00,180.126,180.15,179.96,180.025,7977.4,1436005.4662
2025-08-20 19:29:00+08:00,180.025,180.046,180.008,180.04,1955.6,352069.0802
2025-08-20 19:30:00+08:00,180.04,180.1,180.04,180.062,2636.6,474758.2416
2025-08-20 19:31:00+08:00,180.062,180.062,179.656,179.684,32691,5880069.1186
2025-08-20 19:32:00+08:00,179.684,179.684,178.81,178.858,80079.2,14358586.283
2025-08-20 19:33:00+08:00,178.858,179.402,178.858,179.323,10915.6,1956210.4774
2025-08-20 19:34:00+08:00,179.323,179.377,179.138,179.15,9221.6,1652388.5498
2025-08-20 19:35:00+08:00,179.15,179.287,179.07,179.191,4863.4,871422.9978
2025-08-20 19:36:00+08:00,179.191,179.249,179.08,179.244,3612.6,647206.3222
2025-08-20 19:37:00+08:00,179.244,179.384,179.14,179.14,2613.8,468681.2298
2025-08-20 19:38:00+08:00,179.14,179.141,179.071,179.094,6077,1088363.3904
2025-08-20 19:39:00+08:00,179.094,179.164,178.869,178.898,6106.6,1092773.7848
2025-08-20 19:40:00+08:00,178.898,178.98,178.804,178.849,4104.6,734265.2348
2025-08-20 19:41:00+08:00,178.849,178.99,178.746,178.96,7184.8,1285238.9332
2025-08-20 19:42:00+08:00,178.96,179.111,178.787,178.818,3804,681042.2244
2025-08-20 19:43:00+08:00,178.818,178.869,178.241,178.325,50704.2,9049237.6184
2025-08-20 19:44:00+08:00,178.325,178.623,178.299,178.622,14335.2,2558606.7596
2025-08-20 19:45:00+08:00,178.622,178.758,178.345,178.388,10606,1894503.208
2025-08-20 19:46:00+08:00,178.388,178.72,178.239,178.691,9641,1720973.3606
2025-08-20 19:47:00+08:00,178.691,178.995,178.691,178.833,6003.2,1073941.5034
2025-08-20 19:48:00+08:00,178.833,178.915,178.676,178.906,3412.2,610082.5948
2025-08-20 19:49:00+08:00,178.906,179.179,178.906,179.006,6597.4,1181281.063
2025-08-20 19:50:00+08:00,179.006,179.425,178.973,179.391,8496,1522767.0126
2025-08-20 19:51:00+08:00,179.391,179.562,179.311,179.56,7022.4,1259850.8184
2025-08-20 19:52:00+08:00,179.56,179.829,179.526,179.814,7517.8,1350903.112
2025-08-20 19:53:00+08:00,179.814,179.861,179.768,179.826,9279,1668521.2558
2025-08-20 19:54:00+08:00,179.826,179.826,179.579,179.679,9779.4,1757147.5518
2025-08-20 19:55:00+08:00,179.679,179.849,179.629,179.827,1551.8,278975.3288
2025-08-20 19:56:00+08:00,179.827,179.944,179.811,179.879,3299.8,593516.5162
2025-08-20 19:57:00+08:00,179.879,179.88,179.716,179.88,657.6,118241.4766
2025-08-20 19:58:00+08:00,179.88,180.029,179.88,179.978,2668.4,480326.7164
2025-08-20 19:59:00+08:00,179.978,180.247,179.92,180.235,10650.8,1918938.6668
2025-08-20 20:00:00+08:00,180.235,181.075,180.213,181.008,33585,6064667.607
2025-08-20 20:01:00+08:00,181.008,181.551,180.987,181.521,19305.6,3498834.6856
2025-08-20 20:02:00+08:00,181.521,181.692,181.186,181.635,10841.2,1967540.2372
2025-08-20 20:03:00+08:00,181.635,181.635,181.111,181.322,19594.8,3551146.8528
2025-08-20 20:04:00+08:00,181.322,181.343,180.989,181.134,5900.2,1068660.2622
2025-08-20 20:05:00+08:00,181.134,181.277,181.006,181.057,4623.4,837483.8868
2025-08-20 20:06:00+08:00,181.057,181.086,180.743,180.764,6350.8,1148667.793
2025-08-20 20:07:00+08:00,180.764,181.145,180.608,181.08,9097,1646454.4088
2025-08-20 20:08:00+08:00,181.08,181.154,180.707,180.791,5795,1048326.2096
2025-08-20 20:09:00+08:00,180.791,180.973,180.656,180.972,2717.6,491424.0732
2025-08-20 20:10:00+08:00,180.972,181.078,180.882,181.077,3310.6,599276.5048
2025-08-20 20:11:00+08:00,181.077,181.115,180.863,180.944,1445.4,261660.1718
2025-08-20 20:12:00+08:00,180.944,180.977,180.783,180.815,1747.8,316113.5528
2025-08-20 20:13:00+08:00,180.815,180.861,180.617,180.669,5012.4,905494.2696
2025-08-20 20:14:00+08:00,180.669,180.95,180.664,180.855,1034.8,186991.5276
2025-08-20 20:15:00+08:00,180.855,180.937,180.75,180.819,2350.8,425097.1996
2025-08-20 20:16:00+08:00,180.819,181.184,180.819,181.111,5115.2,925870.1616
2025-08-20 20:17:00+08:00,181.111,181.111,180.867,180.888,2220,401700.7188
2025-08-20 20:18:00+08:00,180.888,180.919,180.608,180.63,2652.6,479298.0842
2025-08-20 20:19:00+08:00,180.63,180.637,180.514,180.531,4823.4,870907.1638
2025-08-20 20:20:00+08:00,180.531,180.675,180.44,180.44,2060.8,372061.9868
2025-08-20 20:21:00+08:00,180.44,180.642,180.371,180.445,2999.6,541300.6424
2025-08-20 20:22:00+08:00,180.445,180.446,180.166,180.32,10544,1900392.211
2025-08-20 20:23:00+08:00,180.32,180.378,180.125,180.262,4578.4,825015.5376
2025-08-20 20:24:00+08:00,180.262,180.465,180.253,180.42,2093.6,377675.9428
2025-08-20 20:25:00+08:00,180.42,180.625,180.42,180.579,4004.4,722900.7462
2025-08-20 20:26:00+08:00,180.579,180.792,180.505,180.792,3471,626873.479
2025-08-20 20:27:00+08:00,180.792,180.82,180.614,180.633,1444.8,261076.2724
2025-08-20 20:28:00+08:00,180.633,180.654,180.426,180.426,721.6,130295.2892
2025-08-20 20:29:00+08:00,180.426,180.729,180.4,180.729,2294.6,414265.1952
2025-08-20 20:30:00+08:00,180.729,181.049,180.622,181.049,2109.6,381643.9414
2025-08-20 20:31:00+08:00,181.049,181.132,180.983,181.038,5505.4,996945.0432
2025-08-20 20:32:00+08:00,181.038,181.038,180.619,180.759,10829.6,1958563.014
2025-08-20 20:33:00+08:00,180.759,181.001,180.759,180.975,5064,916274.3176
2025-08-20 20:34:00+08:00,180.975,181.113,180.904,181.091,4987.2,902498.4014
2025-08-20 20:35:00+08:00,181.091,181.265,181.091,181.247,3994.8,723974.5474
2025-08-20 20:36:00+08:00,181.247,181.335,181.093,181.19,2084.8,377738.0402
2025-08-20 20:37:00+08:00,181.19,181.643,181.19,181.642,6428.2,1166778.9342
2025-08-20 20:38:00+08:00,181.642,181.76,181.494,181.755,6912.8,1256027.8946
2025-08-20 20:39:00+08:00,181.755,181.813,181.576,181.576,4369.8,794059.546
2025-08-20 20:40:00+08:00,181.576,181.9,181.516,181.9,5219,948095.3776
2025-08-20 20:41:00+08:00,181.9,182.044,181.813,181.84,6549.2,1191714.5974
2025-08-20 20:42:00+08:00,181.84,181.971,181.83,181.954,1497.8,272437.4686
2025-08-20 20:43:00+08:00,181.954,181.958,181.79,181.839,2464.4,448161.7294
2025-08-20 20:44:00+08:00,181.839,181.839,181.708,181.818,1419,257890.3718
2025-08-20 20:45:00+08:00,181.818,181.866,181.514,181.637,8866.8,1611227.9656
2025-08-20 20:46:00+08:00,181.637,181.799,181.613,181.749,2960.2,537816.3154
2025-08-20 20:47:00+08:00,181.749,181.749,181.52,181.552,1832.8,332953.8612
2025-08-20 20:48:00+08:00,181.552,181.675,181.552,181.651,1105.2,200748.9726
2025-08-20 20:49:00+08:00,181.651,181.79,181.638,181.673,976.6,177434.5082
2025-08-20 20:50:00+08:00,181.673,181.935,181.673,181.926,4163,756958.3006
2025-08-20 20:51:00+08:00,181.926,181.997,181.526,181.614,4488.4,816021.1734
2025-08-20 20:52:00+08:00,181.614,181.729,181.397,181.528,4923.8,893708.8366
2025-08-20 20:53:00+08:00,181.528,181.96,181.528,181.929,2024.4,368050.728
2025-08-20 20:54:00+08:00,181.929,182.073,181.897,182.047,3586.2,652766.8012
2025-08-20 20:55:00+08:00,182.047,182.062,181.989,182.049,4815.4,876554.041
2025-08-20 20:56:00+08:00,182.049,182.243,182.035,182.064,8312.8,1514175.7814
2025-08-20 20:57:00+08:00,182.064,182.075,181.8,181.8,2601.4,473325.4544
2025-08-20 20:58:00+08:00,181.8,181.911,181.779,181.779,3351,609358.81
2025-08-20 20:59:00+08:00,181.779,181.887,181.74,181.805,2102.8,382292.719
2025-08-20 21:00:00+08:00,181.805,181.805,181.515,181.618,4692.4,852299.9308
2025-08-20 21:01:00+08:00,181.618,181.72,181.568,181.572,927.2,168423.3194
2025-08-20 21:02:00+08:00,181.572,181.619,181.16,181.202,15510,2811479.3236
2025-08-20 21:03:00+08:00,181.202,181.442,181.176,181.258,11804.6,2140867.4744
2025-08-20 21:04:00+08:00,181.258,181.408,181.248,181.304,1370.6,248506.463
2025-08-20 21:05:00+08:00,181.304,181.304,181.158,181.25,2895.8,524768.8176
2025-08-20 21:06:00+08:00,181.25,181.371,181.211,181.359,1772.4,321285.5498
2025-08-20 21:07:00+08:00,181.359,181.489,181.278,181.319,3786.6,686786.3774
2025-08-20 21:08:00+08:00,181.319,181.319,181.064,181.086,1644.2,297841.1372
2025-08-20 21:09:00+08:00,181.086,181.115,181.031,181.057,2953.2,534750.7034
2025-08-20 21:10:00+08:00,181.057,181.097,180.803,180.831,5214.6,943382.4422
2025-08-20 21:11:00+08:00,180.831,180.896,180.666,180.731,12791.2,2312140.5394
2025-08-20 21:12:00+08:00,180.731,180.779,180.563,180.563,14857.6,2684744.616
2025-08-20 21:13:00+08:00,180.563,180.725,180.412,180.434,15689.4,2832746.8182
2025-08-20 21:14:00+08:00,180.434,180.483,180.33,180.33,10636,1918617.7658
2025-08-20 21:15:00+08:00,180.33,180.366,180.088,180.222,22955.4,4137319.6192
2025-08-20 21:16:00+08:00,180.222,180.448,180.187,180.39,3250.4,586142.9034
2025-08-20 21:17:00+08:00,180.39,180.769,180.39,180.52,12121.8,2189392.7546
2025-08-20 21:18:00+08:00,180.52,180.761,180.348,180.659,4542.8,820572.7086
2025-08-20 21:19:00+08:00,180.659,180.675,180.315,180.368,9717.4,1753271.6226
2025-08-20 21:20:00+08:00,180.368,180.594,180.248,180.57,4790.2,864264.0298
2025-08-20 21:21:00+08:00,180.57,180.66,180.428,180.66,2250.8,406418.2536
2025-08-20 21:22:00+08:00,180.66,180.677,180.485,180.545,1981.2,357824.5906
2025-08-20 21:23:00+08:00,180.545,180.662,180.446,180.482,1412.2,254940.7156
2025-08-20 21:24:00+08:00,180.482,180.621,180.4,180.452,429.2,77460.2376
2025-08-20 21:25:00+08:00,180.452,180.611,180.364,180.503,2272.2,410154.6906
2025-08-20 21:26:00+08:00,180.503,180.577,180.357,180.577,823.2,148553.5176
2025-08-20 21:27:00+08:00,180.577,180.577,180.388,180.522,1530.2,276134.4316
2025-08-20 21:28:00+08:00,180.522,180.786,180.521,180.781,7986.6,1442790.5028
2025-08-20 21:29:00+08:00,180.781,180.874,180.741,180.761,1188.8,214943.3326
2025-08-20 21:30:00+08:00,180.761,180.831,179.93,180.029,18576.2,3347455.559
2025-08-20 21:31:00+08:00,180.029,180.607,179.744,180.187,12570.6,2263625.1154
2025-08-20 21:32:00+08:00,180.187,180.205,179.737,179.886,8086,1454908.1108
2025-08-20 21:33:00+08:00,179.886,180.336,179.854,180.251,6492.2,1169697.3146
2025-08-20 21:34:00+08:00,180.251,180.251,180.01,180.027,2638.2,475230.314
2025-08-20 21:35:00+08:00,180.027,180.556,179.976,180.266,8859,1597556.1498
2025-08-20 21:36:00+08:00,180.266,181.211,180.215,181.007,17577,3180680.5856
2025-08-20 21:37:00+08:00,181.007,181.492,180.78,181.462,10391.6,1882904.4318
2025-08-20 21:38:00+08:00,181.462,181.662,181.156,181.445,10066,1825814.575
2025-08-20 21:39:00+08:00,181.445,181.498,180.8,180.868,4662.8,844992.9448
2025-08-20 21:40:00+08:00,180.868,181.133,180.54,180.546,10272.6,1857215.8318
2025-08-20 21:41:00+08:00,180.546,180.642,180.215,180.534,10472.2,1889445.5754
2025-08-20 21:42:00+08:00,180.534,181.598,180.534,181.262,65357,11855366.0494
2025-08-20 21:43:00+08:00,181.262,181.355,180.766,180.829,8192.2,1483834.6092
2025-08-20 21:44:00+08:00,180.829,180.851,180.413,180.476,3883.8,701279.2068
2025-08-20 21:45:00+08:00,180.476,180.654,179.609,179.626,23625.6,4252345.5738
2025-08-20 21:46:00+08:00,179.626,180.131,179.467,179.636,13974,2511177.513
2025-08-20 21:47:00+08:00,179.636,179.788,179.338,179.355,25346.6,4551408.3812
2025-08-20 21:48:00+08:00,179.355,179.753,179.355,179.607,10362.2,1860948.5144
2025-08-20 21:49:00+08:00,179.607,180.067,179.508,179.651,14173.4,2549412.6232
2025-08-20 21:50:00+08:00,179.651,179.651,179.167,179.298,32293.2,5792409.348
2025-08-20 21:51:00+08:00,179.298,179.349,178.709,178.729,43584,7798646.7182
2025-08-20 21:52:00+08:00,178.729,179.158,178.586,178.917,13005.2,2326178.0698
2025-08-20 21:53:00+08:00,178.917,179.099,178.621,178.726,20875.6,3733892.4716
2025-08-20 21:54:00+08:00,178.726,178.979,178.726,178.87,7223.4,1292021.8338
2025-08-20 21:55:00+08:00,178.87,179.529,178.87,179.305,15459.8,2771629.3314
