timestamp,open,high,low,close,volume,Denominated_Coin_Volume
2025-08-19 04:16:00+08:00,3.075,3.075,3.0733,3.074,59552,183076.0356
2025-08-19 04:17:00+08:00,3.074,3.0746,3.0714,3.0746,92134,283085.2466
2025-08-19 04:18:00+08:00,3.0746,3.0746,3.0695,3.0695,87182,267692.503
2025-08-19 04:19:00+08:00,3.0695,3.071,3.0676,3.0678,213374,654763.6926
2025-08-19 04:20:00+08:00,3.0678,3.0705,3.0668,3.0705,108498,332969.531
2025-08-19 04:21:00+08:00,3.0705,3.0727,3.0705,3.0727,92976,285611.2366
2025-08-19 04:22:00+08:00,3.0727,3.0728,3.0704,3.0722,26254,80651.4818
2025-08-19 04:23:00+08:00,3.0722,3.0736,3.0712,3.0712,61798,189908.3992
2025-08-19 04:24:00+08:00,3.0712,3.0737,3.07,3.0737,32030,98391.3686
2025-08-19 04:25:00+08:00,3.0737,3.0739,3.072,3.0727,37768,116073.3662
2025-08-19 04:26:00+08:00,3.0727,3.0733,3.0711,3.072,54960,168824.871
2025-08-19 04:27:00+08:00,3.072,3.0739,3.0718,3.0738,15160,46587.2768
2025-08-19 04:28:00+08:00,3.0738,3.0756,3.0737,3.0753,210704,647870.3082
2025-08-19 04:29:00+08:00,3.0753,3.0753,3.0739,3.0752,32492,99899.05
2025-08-19 04:30:00+08:00,3.0752,3.0772,3.0747,3.0761,17200,52900.778
2025-08-19 04:31:00+08:00,3.0761,3.0761,3.0711,3.0711,230550,708687.1808
2025-08-19 04:32:00+08:00,3.0711,3.0731,3.0699,3.0704,90248,277202.9096
2025-08-19 04:33:00+08:00,3.0704,3.0705,3.0679,3.0679,295990,908216.1994
2025-08-19 04:34:00+08:00,3.0679,3.0679,3.0641,3.0648,140270,429970.4148
2025-08-19 04:35:00+08:00,3.0648,3.0652,3.0617,3.065,74736,228877.5616
2025-08-19 04:36:00+08:00,3.065,3.0677,3.0634,3.0638,112316,344471.5052
2025-08-19 04:37:00+08:00,3.0638,3.0669,3.06,3.0608,168136,514889.581
2025-08-19 04:38:00+08:00,3.0608,3.0638,3.052,3.052,1024010,3130054.5634
2025-08-19 04:39:00+08:00,3.052,3.0577,3.051,3.0568,420362,1284244.203
2025-08-19 04:40:00+08:00,3.0568,3.0574,3.0549,3.0549,77182,235857.2266
2025-08-19 04:41:00+08:00,3.0549,3.0571,3.0505,3.057,344768,1052914.0612
2025-08-19 04:42:00+08:00,3.057,3.0614,3.0569,3.0605,115644,353904.3544
2025-08-19 04:43:00+08:00,3.0605,3.061,3.058,3.061,58100,177783.5398
2025-08-19 04:44:00+08:00,3.061,3.0611,3.0592,3.0592,25356,77602.8938
2025-08-19 04:45:00+08:00,3.0592,3.0625,3.0556,3.0559,87776,268427.8688
2025-08-19 04:46:00+08:00,3.0559,3.0593,3.0559,3.059,52896,161710.4864
2025-08-19 04:47:00+08:00,3.059,3.0616,3.0578,3.06,198578,607834.3202
2025-08-19 04:48:00+08:00,3.06,3.0669,3.06,3.0661,527550,1616045.3902
2025-08-19 04:49:00+08:00,3.0661,3.0683,3.0647,3.0675,132060,404918.865
2025-08-19 04:50:00+08:00,3.0675,3.07,3.0673,3.0696,104734,321417.9444
2025-08-19 04:51:00+08:00,3.0696,3.07,3.0662,3.0696,185836,570098.4592
2025-08-19 04:52:00+08:00,3.0696,3.0696,3.0672,3.0689,50444,154766.6698
2025-08-19 04:53:00+08:00,3.0689,3.069,3.0667,3.0687,64656,198395.1678
2025-08-19 04:54:00+08:00,3.0687,3.0724,3.0687,3.0722,101564,311877.0346
2025-08-19 04:55:00+08:00,3.0722,3.0746,3.0714,3.0743,104454,321080.1084
2025-08-19 04:56:00+08:00,3.0743,3.0783,3.0738,3.0769,141494,435317.7778
2025-08-19 04:57:00+08:00,3.0769,3.0776,3.0746,3.0766,219614,675613.0126
2025-08-19 04:58:00+08:00,3.0766,3.0775,3.075,3.0757,85932,264303.0708
2025-08-19 04:59:00+08:00,3.0757,3.0794,3.0747,3.0787,84750,260789.7754
2025-08-19 05:00:00+08:00,3.0787,3.0795,3.0766,3.0776,226590,697571.5104
2025-08-19 05:01:00+08:00,3.0776,3.0798,3.0768,3.0787,103612,319013.447
2025-08-19 05:02:00+08:00,3.0787,3.0822,3.0787,3.0822,138332,426157.8712
2025-08-19 05:03:00+08:00,3.0822,3.0836,3.0809,3.0831,319606,985371.3914
2025-08-19 05:04:00+08:00,3.0831,3.0831,3.079,3.0801,217172,668967.002
2025-08-19 05:05:00+08:00,3.0801,3.0806,3.0786,3.0805,85430,263117.114
2025-08-19 05:06:00+08:00,3.0805,3.0806,3.0785,3.0785,36484,112371.7378
2025-08-19 05:07:00+08:00,3.0785,3.0785,3.0756,3.0759,120544,370873.0478
2025-08-19 05:08:00+08:00,3.0759,3.0768,3.072,3.072,425762,1308765.9456
2025-08-19 05:09:00+08:00,3.072,3.0735,3.072,3.0732,120490,370230.4374
2025-08-19 05:10:00+08:00,3.0732,3.0768,3.0728,3.0768,178054,547349.567
2025-08-19 05:11:00+08:00,3.0768,3.0796,3.0765,3.0792,51580,158801.2904
2025-08-19 05:12:00+08:00,3.0792,3.082,3.0791,3.0791,131236,404250.8152
2025-08-19 05:13:00+08:00,3.0791,3.0834,3.079,3.0834,144858,446526.9226
2025-08-19 05:14:00+08:00,3.0834,3.0897,3.0834,3.0892,384876,1188268.0198
2025-08-19 05:15:00+08:00,3.0892,3.0903,3.0875,3.088,142672,440799.867
2025-08-19 05:16:00+08:00,3.088,3.09,3.0861,3.09,99090,306015.1468
2025-08-19 05:17:00+08:00,3.09,3.09,3.0867,3.0874,105960,327156.027
2025-08-19 05:18:00+08:00,3.0874,3.0898,3.0871,3.0897,28146,86935.4168
2025-08-19 05:19:00+08:00,3.0897,3.0908,3.0851,3.0873,496548,1532894.194
2025-08-19 05:20:00+08:00,3.0873,3.0873,3.0836,3.0858,120060,370420.8716
2025-08-19 05:21:00+08:00,3.0858,3.089,3.0858,3.089,64774,200000.2306
2025-08-19 05:22:00+08:00,3.089,3.0903,3.0876,3.0902,75746,234044.9216
2025-08-19 05:23:00+08:00,3.0902,3.0931,3.0891,3.0931,385594,1191565.1322
2025-08-19 05:24:00+08:00,3.0931,3.0935,3.0918,3.0929,115182,356224.754
2025-08-19 05:25:00+08:00,3.0929,3.093,3.091,3.0928,145470,449765.8812
2025-08-19 05:26:00+08:00,3.0928,3.0944,3.0926,3.0928,92560,286359.2492
2025-08-19 05:27:00+08:00,3.0928,3.0936,3.0918,3.0925,125680,388754.9604
2025-08-19 05:28:00+08:00,3.0925,3.0928,3.0901,3.0916,72670,224612.3582
2025-08-19 05:29:00+08:00,3.0916,3.0935,3.0916,3.0932,659604,2040065.9384
2025-08-19 05:30:00+08:00,3.0932,3.0948,3.0925,3.0944,144888,448266.3274
2025-08-19 05:31:00+08:00,3.0944,3.0944,3.0907,3.0921,138252,427424.1746
2025-08-19 05:32:00+08:00,3.0921,3.0929,3.0909,3.091,105874,327329.0292
2025-08-19 05:33:00+08:00,3.091,3.091,3.0859,3.0866,156808,484308.6218
2025-08-19 05:34:00+08:00,3.0866,3.088,3.0861,3.088,50494,155894.77
2025-08-19 05:35:00+08:00,3.088,3.088,3.0837,3.0851,1167726,3602979.6208
2025-08-19 05:36:00+08:00,3.0851,3.0851,3.0788,3.081,312070,961873.2116
2025-08-19 05:37:00+08:00,3.081,3.0848,3.081,3.0839,99416,306587.445
2025-08-19 05:38:00+08:00,3.0839,3.0856,3.0821,3.085,32950,101613.6066
2025-08-19 05:39:00+08:00,3.085,3.0851,3.0825,3.0851,72250,222844.7262
2025-08-19 05:40:00+08:00,3.0851,3.0853,3.084,3.0847,45308,139751.1948
2025-08-19 05:41:00+08:00,3.0847,3.0847,3.0787,3.0789,158030,486736.4918
2025-08-19 05:42:00+08:00,3.0789,3.0793,3.0779,3.0785,52000,160086.9716
2025-08-19 05:43:00+08:00,3.0785,3.0785,3.0735,3.0735,140328,431606.1614
2025-08-19 05:44:00+08:00,3.0735,3.0735,3.0715,3.0715,136362,418977.9198
2025-08-19 05:45:00+08:00,3.0715,3.0716,3.0684,3.0685,100926,309841.3176
2025-08-19 05:46:00+08:00,3.0685,3.0737,3.0676,3.0737,233570,717073.1974
2025-08-19 05:47:00+08:00,3.0737,3.0771,3.0737,3.0763,106666,328099.1194
2025-08-19 05:48:00+08:00,3.0763,3.077,3.0751,3.0752,65924,202787.2172
2025-08-19 05:49:00+08:00,3.0752,3.0777,3.0751,3.0774,43152,132726.0324
2025-08-19 05:50:00+08:00,3.0774,3.0777,3.0767,3.0774,16566,50979.533
2025-08-19 05:51:00+08:00,3.0774,3.0779,3.0767,3.0768,35540,109366.5846
2025-08-19 05:52:00+08:00,3.0768,3.0768,3.076,3.076,41398,127344.6024
2025-08-19 05:53:00+08:00,3.076,3.0778,3.0744,3.0778,83734,257573.5786
2025-08-19 05:54:00+08:00,3.0778,3.0778,3.0761,3.0761,80774,248486.0024
2025-08-19 05:55:00+08:00,3.0761,3.0793,3.076,3.0793,105072,323258.0218
2025-08-19 05:56:00+08:00,3.0793,3.084,3.078,3.0839,153088,471711.8836
2025-08-19 05:57:00+08:00,3.0839,3.0859,3.0831,3.0859,90890,280336.5342
2025-08-19 05:58:00+08:00,3.0859,3.0873,3.0836,3.0836,59250,182842.7486
2025-08-19 05:59:00+08:00,3.0836,3.0836,3.0773,3.0774,156564,482342.9876
2025-08-19 06:00:00+08:00,3.0774,3.0837,3.0774,3.0792,89930,277053.1794
2025-08-19 06:01:00+08:00,3.0792,3.0839,3.0792,3.0835,168908,520608.2684
2025-08-19 06:02:00+08:00,3.0835,3.0883,3.0835,3.0866,283872,876237.0446
2025-08-19 06:03:00+08:00,3.0866,3.0883,3.0847,3.0868,198372,612146.213
2025-08-19 06:04:00+08:00,3.0868,3.0891,3.0859,3.089,58438,180424.1394
2025-08-19 06:05:00+08:00,3.089,3.0893,3.0869,3.0874,51458,158911.1256
2025-08-19 06:06:00+08:00,3.0874,3.0889,3.0841,3.0852,309898,956580.1672
2025-08-19 06:07:00+08:00,3.0852,3.0859,3.083,3.084,99496,306888.9432
2025-08-19 06:08:00+08:00,3.084,3.0848,3.0824,3.0828,46472,143277.6732
2025-08-19 06:09:00+08:00,3.0828,3.0867,3.0822,3.0864,112178,345895.899
2025-08-19 06:10:00+08:00,3.0864,3.0879,3.0853,3.0873,74830,230929.5396
2025-08-19 06:11:00+08:00,3.0873,3.0876,3.0861,3.0861,108920,336221.3802
2025-08-19 06:12:00+08:00,3.0861,3.0867,3.0853,3.0856,63876,197120.3034
2025-08-19 06:13:00+08:00,3.0856,3.0866,3.0847,3.0847,27836,85894.4128
2025-08-19 06:14:00+08:00,3.0847,3.0849,3.083,3.0835,42186,130077.412
2025-08-19 06:15:00+08:00,3.0835,3.0869,3.0835,3.0865,103296,318805.8174
2025-08-19 06:16:00+08:00,3.0865,3.0878,3.0849,3.0861,440564,1359866.7168
2025-08-19 06:17:00+08:00,3.0861,3.0864,3.0851,3.0855,355306,1096351.4262
2025-08-19 06:18:00+08:00,3.0855,3.0867,3.0839,3.0839,41496,128016.605
2025-08-19 06:19:00+08:00,3.0839,3.0859,3.0832,3.0859,102744,316865.6634
2025-08-19 06:20:00+08:00,3.0859,3.0917,3.0859,3.0907,152022,469805.783
2025-08-19 06:21:00+08:00,3.0907,3.091,3.0895,3.0899,98496,304354.6436
2025-08-19 06:22:00+08:00,3.0899,3.091,3.0899,3.0901,51442,158964.4644
2025-08-19 06:23:00+08:00,3.0901,3.0902,3.088,3.0883,55394,171109.1038
2025-08-19 06:24:00+08:00,3.0883,3.0889,3.0862,3.0863,23704,73180.8726
2025-08-19 06:25:00+08:00,3.0863,3.0863,3.0844,3.0851,81076,250127.5494
2025-08-19 06:26:00+08:00,3.0851,3.0858,3.0848,3.0858,39594,122153.6368
2025-08-19 06:27:00+08:00,3.0858,3.0866,3.0854,3.0858,172596,532630.209
2025-08-19 06:28:00+08:00,3.0858,3.0866,3.0854,3.0856,33542,103503.9376
2025-08-19 06:29:00+08:00,3.0856,3.0856,3.084,3.0847,72556,223791.3352
2025-08-19 06:30:00+08:00,3.0847,3.0858,3.0844,3.0844,40136,123815.1552
2025-08-19 06:31:00+08:00,3.0844,3.0844,3.0826,3.0833,120252,370829.0526
2025-08-19 06:32:00+08:00,3.0833,3.0842,3.0819,3.0842,62224,191810.099
2025-08-19 06:33:00+08:00,3.0842,3.0855,3.0832,3.0844,94222,290567.9692
2025-08-19 06:34:00+08:00,3.0844,3.0849,3.0841,3.0847,35154,108432.9468
2025-08-19 06:35:00+08:00,3.0847,3.085,3.0822,3.0836,55610,171443.1396
2025-08-19 06:36:00+08:00,3.0836,3.0862,3.0836,3.0861,46112,142266.9468
2025-08-19 06:37:00+08:00,3.0861,3.0861,3.0819,3.0825,100922,311150.3952
2025-08-19 06:38:00+08:00,3.0825,3.0828,3.0817,3.082,123148,379608.4768
2025-08-19 06:39:00+08:00,3.082,3.0834,3.0817,3.0831,64308,198202.3654
2025-08-19 06:40:00+08:00,3.0831,3.0832,3.0796,3.0797,133076,409994.9888
2025-08-19 06:41:00+08:00,3.0797,3.0812,3.0795,3.0795,191570,590160.5366
2025-08-19 06:42:00+08:00,3.0795,3.0795,3.075,3.0763,666818,2052700.5438
2025-08-19 06:43:00+08:00,3.0763,3.0779,3.0753,3.0771,80382,247363.8196
2025-08-19 06:44:00+08:00,3.0771,3.078,3.0761,3.0761,38368,118055.3358
2025-08-19 06:45:00+08:00,3.0761,3.0777,3.0749,3.075,34670,106636.4326
2025-08-19 06:46:00+08:00,3.075,3.0768,3.075,3.0755,62298,191629.631
2025-08-19 06:47:00+08:00,3.0755,3.0755,3.0739,3.0739,83198,255778.172
2025-08-19 06:48:00+08:00,3.0739,3.0755,3.0737,3.0749,155702,478648.422
2025-08-19 06:49:00+08:00,3.0749,3.0772,3.0749,3.0764,37572,115567.478
2025-08-19 06:50:00+08:00,3.0764,3.0776,3.0753,3.0771,38074,117143.8542
2025-08-19 06:51:00+08:00,3.0771,3.0771,3.0753,3.0764,84058,258542.6586
2025-08-19 06:52:00+08:00,3.0764,3.0776,3.0764,3.0766,53700,165222.135
2025-08-19 06:53:00+08:00,3.0766,3.0767,3.0759,3.0759,84614,260315.6566
2025-08-19 06:54:00+08:00,3.0759,3.076,3.0733,3.0733,52762,162222.3158
2025-08-19 06:55:00+08:00,3.0733,3.0733,3.0704,3.0711,399528,1227192.8144
2025-08-19 06:56:00+08:00,3.0711,3.0715,3.0696,3.0696,293668,901597.8516
2025-08-19 06:57:00+08:00,3.0696,3.0697,3.0663,3.0673,255672,784350.3446
2025-08-19 06:58:00+08:00,3.0673,3.0686,3.0667,3.0686,189276,580640.4486
2025-08-19 06:59:00+08:00,3.0686,3.0686,3.0666,3.0673,201304,617393.487
2025-08-19 07:00:00+08:00,3.0673,3.0691,3.0644,3.0651,247042,757437.8636
2025-08-19 07:01:00+08:00,3.0651,3.0666,3.0651,3.0666,123172,377686.2324
2025-08-19 07:02:00+08:00,3.0666,3.0674,3.0657,3.0673,139676,428301.0528
2025-08-19 07:03:00+08:00,3.0673,3.0674,3.0652,3.0655,200138,613553.4042
2025-08-19 07:04:00+08:00,3.0655,3.0676,3.0655,3.0663,184106,564699.5882
2025-08-19 07:05:00+08:00,3.0663,3.0664,3.0649,3.0652,209726,642953.2532
2025-08-19 07:06:00+08:00,3.0652,3.0663,3.0652,3.0652,68948,211389.5206
2025-08-19 07:07:00+08:00,3.0652,3.0654,3.0626,3.0634,131514,402940.0088
2025-08-19 07:08:00+08:00,3.0634,3.0644,3.062,3.0627,127290,389953.0842
2025-08-19 07:09:00+08:00,3.0627,3.0631,3.0626,3.0631,78068,239122.7126
2025-08-19 07:10:00+08:00,3.0631,3.065,3.0631,3.0641,33146,101575.3402
2025-08-19 07:11:00+08:00,3.0641,3.0641,3.0626,3.0629,65832,201646.893
2025-08-19 07:12:00+08:00,3.0629,3.0629,3.0613,3.0614,20668,63287.1198
2025-08-19 07:13:00+08:00,3.0614,3.0643,3.0614,3.0626,197240,604105.7358
2025-08-19 07:14:00+08:00,3.0626,3.0627,3.0612,3.0612,12860,39373.046
2025-08-19 07:15:00+08:00,3.0612,3.0616,3.0599,3.06,115566,353729.5438
2025-08-19 07:16:00+08:00,3.06,3.0613,3.0598,3.0609,202062,618438.089
2025-08-19 07:17:00+08:00,3.0609,3.0609,3.0586,3.0586,142088,434635.0586
2025-08-19 07:18:00+08:00,3.0586,3.0599,3.0586,3.0592,206282,631048.4898
2025-08-19 07:19:00+08:00,3.0592,3.0603,3.0588,3.0597,64820,198318.198
2025-08-19 07:20:00+08:00,3.0597,3.0608,3.0593,3.0593,55540,169943.2882
2025-08-19 07:21:00+08:00,3.0593,3.0607,3.0588,3.0599,69092,211422.7838
2025-08-19 07:22:00+08:00,3.0599,3.0619,3.0581,3.0617,492200,1506121.834
2025-08-19 07:23:00+08:00,3.0617,3.0636,3.061,3.0633,97022,297087.0974
2025-08-19 07:24:00+08:00,3.0633,3.0647,3.0633,3.0647,148556,455207.3266
2025-08-19 07:25:00+08:00,3.0647,3.0677,3.0647,3.0677,175394,537753.87
2025-08-19 07:26:00+08:00,3.0677,3.0679,3.0671,3.0679,62892,192918.3136
2025-08-19 07:27:00+08:00,3.0679,3.0679,3.0658,3.0679,508360,1559107.7206
2025-08-19 07:28:00+08:00,3.0679,3.0679,3.0645,3.0647,84430,258827.8468
2025-08-19 07:29:00+08:00,3.0647,3.0648,3.0629,3.0639,33516,102676.1816
2025-08-19 07:30:00+08:00,3.0639,3.0645,3.0614,3.0629,88816,271980.8024
2025-08-19 07:31:00+08:00,3.0629,3.064,3.0623,3.0634,38058,116565.6902
2025-08-19 07:32:00+08:00,3.0634,3.0637,3.0594,3.0594,119366,365447.3544
2025-08-19 07:33:00+08:00,3.0594,3.0612,3.0576,3.0603,85968,262952.553
2025-08-19 07:34:00+08:00,3.0603,3.0607,3.0585,3.0588,172380,527318.8584
2025-08-19 07:35:00+08:00,3.0588,3.0599,3.058,3.0597,82786,253198.1604
2025-08-19 07:36:00+08:00,3.0597,3.0617,3.0594,3.0604,208794,639085.9628
2025-08-19 07:37:00+08:00,3.0604,3.0604,3.0562,3.0569,435494,1331189.2968
2025-08-19 07:38:00+08:00,3.0569,3.0571,3.0548,3.0564,728966,2227472.3018
2025-08-19 07:39:00+08:00,3.0564,3.0571,3.0554,3.0571,109820,335618.8148
2025-08-19 07:40:00+08:00,3.0571,3.0593,3.057,3.059,338402,1034845.776
2025-08-19 07:41:00+08:00,3.059,3.0591,3.0577,3.0591,50164,153428.2026
2025-08-19 07:42:00+08:00,3.0591,3.0596,3.056,3.057,295264,902717.986
2025-08-19 07:43:00+08:00,3.057,3.057,3.055,3.0562,193232,590366.8272
2025-08-19 07:44:00+08:00,3.0562,3.0562,3.0552,3.056,78390,239547.3656
2025-08-19 07:45:00+08:00,3.056,3.0572,3.056,3.0568,69438,212226.0134
2025-08-19 07:46:00+08:00,3.0568,3.0576,3.0558,3.0558,93576,286098.185
2025-08-19 07:47:00+08:00,3.0558,3.0558,3.0553,3.0555,23194,70868.4496
2025-08-19 07:48:00+08:00,3.0555,3.0565,3.0545,3.0546,159884,488482.7856
2025-08-19 07:49:00+08:00,3.0546,3.0546,3.0536,3.0541,170496,520685.3642
2025-08-19 07:50:00+08:00,3.0541,3.0573,3.0536,3.0563,84076,256904.6618
2025-08-19 07:51:00+08:00,3.0563,3.0582,3.0563,3.0581,58690,179429.1238
2025-08-19 07:52:00+08:00,3.0581,3.0601,3.0581,3.0601,113390,346845.0604
2025-08-19 07:53:00+08:00,3.0601,3.0613,3.0593,3.0593,67686,207162.6616
2025-08-19 07:54:00+08:00,3.0593,3.0606,3.0593,3.0606,75862,232143.2752
2025-08-19 07:55:00+08:00,3.0606,3.0608,3.0593,3.0594,24250,74213.8306
2025-08-19 07:56:00+08:00,3.0594,3.0597,3.0578,3.058,10798,33022.5656
2025-08-19 07:57:00+08:00,3.058,3.0601,3.0579,3.059,195820,599024.7996
2025-08-19 07:58:00+08:00,3.059,3.0595,3.0587,3.0591,21036,64355.38
2025-08-19 07:59:00+08:00,3.0591,3.0601,3.0581,3.0601,111642,341471.5116
2025-08-19 08:00:00+08:00,3.0601,3.0617,3.0598,3.0603,41024,125582.201
2025-08-19 08:01:00+08:00,3.0603,3.0603,3.057,3.059,69328,212020.2934
2025-08-19 08:02:00+08:00,3.059,3.0608,3.0576,3.0607,66764,204206.3456
2025-08-19 08:03:00+08:00,3.0607,3.0626,3.06,3.0612,184134,563549.4366
2025-08-19 08:04:00+08:00,3.0612,3.0612,3.0588,3.0611,38450,117660.4516
2025-08-19 08:05:00+08:00,3.0611,3.0626,3.0595,3.0604,70216,214989.1108
2025-08-19 08:06:00+08:00,3.0604,3.0604,3.0582,3.0589,140510,429755.2186
2025-08-19 08:07:00+08:00,3.0589,3.0614,3.0584,3.0584,98696,302016.6984
2025-08-19 08:08:00+08:00,3.0584,3.0592,3.0566,3.0571,172882,528665.129
2025-08-19 08:09:00+08:00,3.0571,3.0596,3.0571,3.0596,20278,62017.583
2025-08-19 08:10:00+08:00,3.0596,3.0605,3.0588,3.0591,62922,192498.68
2025-08-19 08:11:00+08:00,3.0591,3.0591,3.0563,3.0564,27656,84569.2394
2025-08-19 08:12:00+08:00,3.0564,3.0574,3.0564,3.0573,6176,18880.785
2025-08-19 08:13:00+08:00,3.0573,3.0573,3.0548,3.0556,63528,194127.5704
2025-08-19 08:14:00+08:00,3.0556,3.0571,3.0556,3.0559,56356,172243.1214
2025-08-19 08:15:00+08:00,3.0559,3.0559,3.0516,3.0516,214156,653834.7374
2025-08-19 08:16:00+08:00,3.0516,3.0544,3.0516,3.0537,78248,238944.3288
2025-08-19 08:17:00+08:00,3.0537,3.0557,3.0535,3.0553,47324,144544.789
2025-08-19 08:18:00+08:00,3.0553,3.0553,3.0522,3.0523,10392,31724.9484
2025-08-19 08:19:00+08:00,3.0523,3.053,3.0508,3.0525,114612,349794.7472
2025-08-19 08:20:00+08:00,3.0525,3.0532,3.0521,3.0526,30584,93372.833
2025-08-19 08:21:00+08:00,3.0526,3.0546,3.0526,3.0533,97320,297213.934
2025-08-19 08:22:00+08:00,3.0533,3.0538,3.0405,3.0408,1664852,5069396.764
2025-08-19 08:23:00+08:00,3.0408,3.0485,3.0364,3.0468,1708422,5194199.3332
2025-08-19 08:24:00+08:00,3.0468,3.0479,3.0453,3.0474,134772,410669.681
2025-08-19 08:25:00+08:00,3.0474,3.048,3.0386,3.0387,323172,983560.3636
2025-08-19 08:26:00+08:00,3.0387,3.0448,3.0387,3.0411,265036,806700.786
2025-08-19 08:27:00+08:00,3.0411,3.0427,3.0407,3.0414,191612,582891.9038
2025-08-19 08:28:00+08:00,3.0414,3.0459,3.041,3.0412,388892,1183643.2024
2025-08-19 08:29:00+08:00,3.0412,3.0412,3.0372,3.0372,305596,928633.4648
2025-08-19 08:30:00+08:00,3.0372,3.0398,3.0357,3.0357,640824,1946780.222
2025-08-19 08:31:00+08:00,3.0357,3.0371,3.0231,3.0239,2743218,8309474.5262
2025-08-19 08:32:00+08:00,3.0239,3.042,3.0232,3.0359,1195038,3620703.1388
2025-08-19 08:33:00+08:00,3.0359,3.0359,3.0307,3.0322,226008,685726.6608
2025-08-19 08:34:00+08:00,3.0322,3.0471,3.0322,3.0465,224832,683580.15
2025-08-19 08:35:00+08:00,3.0465,3.0494,3.0443,3.0485,322056,981408.278
2025-08-19 08:36:00+08:00,3.0485,3.051,3.0442,3.0458,194046,591543.6886
2025-08-19 08:37:00+08:00,3.0458,3.0512,3.0458,3.0488,117810,359281.569
2025-08-19 08:38:00+08:00,3.0488,3.0517,3.0488,3.0501,114958,350655.9978
2025-08-19 08:39:00+08:00,3.0501,3.0508,3.0463,3.0487,306698,935096.8096
2025-08-19 08:40:00+08:00,3.0487,3.0528,3.0487,3.0504,162134,494734.6696
2025-08-19 08:41:00+08:00,3.0504,3.0529,3.0464,3.0486,101604,309702.6306
2025-08-19 08:42:00+08:00,3.0486,3.0524,3.0479,3.0497,121778,371573.7472
2025-08-19 08:43:00+08:00,3.0497,3.0501,3.0472,3.0496,46840,142781.1282
2025-08-19 08:44:00+08:00,3.0496,3.0546,3.0491,3.0506,143536,438112.4942
2025-08-19 08:45:00+08:00,3.0506,3.0588,3.0501,3.0588,175826,537418.7688
2025-08-19 08:46:00+08:00,3.0588,3.0616,3.057,3.0615,687514,2103389.2374
2025-08-19 08:47:00+08:00,3.0615,3.0671,3.0615,3.0671,356518,1092274.8086
2025-08-19 08:48:00+08:00,3.0671,3.0684,3.0634,3.0651,281296,862223.6638
2025-08-19 08:49:00+08:00,3.0651,3.0651,3.0615,3.0625,359310,1100419.7716
2025-08-19 08:50:00+08:00,3.0625,3.0662,3.0625,3.0648,149172,457215.638
2025-08-19 08:51:00+08:00,3.0648,3.0661,3.0624,3.0661,288100,882920.7602
2025-08-19 08:52:00+08:00,3.0661,3.0662,3.0624,3.0643,169708,520124.49
2025-08-19 08:53:00+08:00,3.0643,3.0684,3.0643,3.0683,121748,373415.7614
2025-08-19 08:54:00+08:00,3.0683,3.0683,3.0645,3.0651,98060,300632.9496
2025-08-19 08:55:00+08:00,3.0651,3.0671,3.064,3.0666,26614,81585.1324
2025-08-19 08:56:00+08:00,3.0666,3.0684,3.0664,3.0681,55618,170596.6904
2025-08-19 08:57:00+08:00,3.0681,3.0682,3.0655,3.0657,35638,109296.3588
2025-08-19 08:58:00+08:00,3.0657,3.0657,3.0626,3.0629,74816,229268.5416
2025-08-19 08:59:00+08:00,3.0629,3.0654,3.062,3.0654,157226,481674.9576
2025-08-19 09:00:00+08:00,3.0654,3.0675,3.0621,3.0637,196610,602491.0126
2025-08-19 09:01:00+08:00,3.0637,3.0675,3.0632,3.0671,154386,473423.8114
2025-08-19 09:02:00+08:00,3.0671,3.0699,3.0667,3.0699,88362,271109.554
2025-08-19 09:03:00+08:00,3.0699,3.0748,3.0698,3.0744,263434,809280.047
2025-08-19 09:04:00+08:00,3.0744,3.076,3.0728,3.076,120448,370405.6134
2025-08-19 09:05:00+08:00,3.076,3.0796,3.0748,3.0795,373784,1150318.4592
2025-08-19 09:06:00+08:00,3.0795,3.0795,3.0711,3.0731,214236,658824.2678
2025-08-19 09:07:00+08:00,3.0731,3.0745,3.0724,3.0745,280766,862853.1676
2025-08-19 09:08:00+08:00,3.0745,3.0745,3.0713,3.0717,184476,566871.2996
2025-08-19 09:09:00+08:00,3.0717,3.0755,3.0712,3.0717,162942,500913.1306
2025-08-19 09:10:00+08:00,3.0717,3.0752,3.071,3.0724,256776,789148.9306
2025-08-19 09:11:00+08:00,3.0724,3.0742,3.0721,3.0731,37652,115710.1734
2025-08-19 09:12:00+08:00,3.0731,3.0742,3.0711,3.0728,14486,44511.8898
2025-08-19 09:13:00+08:00,3.0728,3.075,3.0721,3.0739,30192,92804.9208
2025-08-19 09:14:00+08:00,3.0739,3.074,3.0677,3.0678,121684,373611.6696
2025-08-19 09:15:00+08:00,3.0678,3.0707,3.0672,3.0702,89118,273507.9452
2025-08-19 09:16:00+08:00,3.0702,3.0725,3.0697,3.0701,72014,221148.1502
2025-08-19 09:17:00+08:00,3.0701,3.0721,3.0684,3.0688,37554,115345.7046
2025-08-19 09:18:00+08:00,3.0688,3.0707,3.0687,3.0688,18248,56014.9274
2025-08-19 09:19:00+08:00,3.0688,3.0688,3.0647,3.0648,66458,203804.692
2025-08-19 09:20:00+08:00,3.0648,3.0678,3.0648,3.0659,84454,258932.2158
2025-08-19 09:21:00+08:00,3.0659,3.068,3.0652,3.0669,26554,81431.4886
2025-08-19 09:22:00+08:00,3.0669,3.0673,3.063,3.0639,68784,210742.4812
2025-08-19 09:23:00+08:00,3.0639,3.0646,3.063,3.0636,58382,178868.608
2025-08-19 09:24:00+08:00,3.0636,3.0638,3.0625,3.0628,137644,421612.2612
2025-08-19 09:25:00+08:00,3.0628,3.0658,3.0622,3.0625,17700,54230.3602
2025-08-19 09:26:00+08:00,3.0625,3.0638,3.062,3.063,247800,758868.6376
2025-08-19 09:27:00+08:00,3.063,3.063,3.0615,3.0616,157766,483018.9802
2025-08-19 09:28:00+08:00,3.0616,3.0616,3.057,3.057,305738,935010.4642
2025-08-19 09:29:00+08:00,3.057,3.0587,3.055,3.055,287022,877230.3842
2025-08-19 09:30:00+08:00,3.055,3.055,3.048,3.0491,334124,1019345.443
2025-08-19 09:31:00+08:00,3.0491,3.0507,3.0487,3.0502,174426,532037.0934
2025-08-19 09:32:00+08:00,3.0502,3.0519,3.0502,3.0509,262250,800114.8598
2025-08-19 09:33:00+08:00,3.0509,3.0509,3.0466,3.0466,146726,447314.0246
2025-08-19 09:34:00+08:00,3.0466,3.0506,3.0466,3.0478,31186,95064.7138
2025-08-19 09:35:00+08:00,3.0478,3.0485,3.0457,3.0458,181214,552150.9622
2025-08-19 09:36:00+08:00,3.0458,3.0487,3.0437,3.0456,200124,609426.3728
2025-08-19 09:37:00+08:00,3.0456,3.0479,3.045,3.0466,64640,196898.764
2025-08-19 09:38:00+08:00,3.0466,3.0478,3.045,3.0452,108210,329749.8198
2025-08-19 09:39:00+08:00,3.0452,3.0515,3.0451,3.0475,354494,1080379.102
2025-08-19 09:40:00+08:00,3.0475,3.0494,3.0475,3.0485,22070,67286.176
2025-08-19 09:41:00+08:00,3.0485,3.0485,3.0473,3.0478,38464,117239.4418
2025-08-19 09:42:00+08:00,3.0478,3.0513,3.0478,3.0505,27724,84544.6406
2025-08-19 09:43:00+08:00,3.0505,3.0512,3.0495,3.0495,57968,176793.68
2025-08-19 09:44:00+08:00,3.0495,3.05,3.0484,3.05,53064,161797.3768
2025-08-19 09:45:00+08:00,3.05,3.0513,3.0484,3.0484,50624,154405.044
2025-08-19 09:46:00+08:00,3.0484,3.0499,3.0474,3.0482,11032,33628.9482
2025-08-19 09:47:00+08:00,3.0482,3.0483,3.0449,3.0449,116234,354128.5138
2025-08-19 09:48:00+08:00,3.0449,3.0462,3.0443,3.0449,106538,324410.0144
2025-08-19 09:49:00+08:00,3.0449,3.0482,3.0449,3.0474,36692,111811.9016
2025-08-19 09:50:00+08:00,3.0474,3.0474,3.0437,3.044,60022,182741.0636
2025-08-19 09:51:00+08:00,3.044,3.0469,3.0433,3.0461,65274,198707.74
2025-08-19 09:52:00+08:00,3.0461,3.0461,3.0432,3.0452,73770,224612.378
2025-08-19 09:53:00+08:00,3.0452,3.0477,3.045,3.0477,27206,82865.7308
2025-08-19 09:54:00+08:00,3.0477,3.0515,3.0469,3.0514,193920,591403.7748
2025-08-19 09:55:00+08:00,3.0514,3.0559,3.0513,3.0521,494694,1510865.7798
2025-08-19 09:56:00+08:00,3.0521,3.0529,3.0509,3.0513,26100,79643.9144
2025-08-19 09:57:00+08:00,3.0513,3.0523,3.0492,3.0492,365860,1116254.8698
2025-08-19 09:58:00+08:00,3.0492,3.0502,3.0484,3.0485,56018,170818.6798
2025-08-19 09:59:00+08:00,3.0485,3.049,3.0468,3.049,398662,1214806.669
2025-08-19 10:00:00+08:00,3.049,3.05,3.0471,3.0472,25060,76403.4712
2025-08-19 10:01:00+08:00,3.0472,3.0472,3.0436,3.044,162754,495516.5502
2025-08-19 10:02:00+08:00,3.044,3.0481,3.0412,3.0413,114536,348756.043
2025-08-19 10:03:00+08:00,3.0413,3.0422,3.0404,3.0408,72262,219762.282
2025-08-19 10:04:00+08:00,3.0408,3.0408,3.0371,3.0375,358964,1090716.0396
2025-08-19 10:05:00+08:00,3.0375,3.0385,3.036,3.0362,239436,727082.1378
2025-08-19 10:06:00+08:00,3.0362,3.0386,3.0362,3.0363,75718,229935.4918
2025-08-19 10:07:00+08:00,3.0363,3.038,3.0362,3.038,41152,124994.956
2025-08-19 10:08:00+08:00,3.038,3.0382,3.0366,3.0369,148942,452349.369
2025-08-19 10:09:00+08:00,3.0369,3.0372,3.0355,3.0361,59594,180949.2904
2025-08-19 10:10:00+08:00,3.0361,3.0406,3.0361,3.0377,186270,566247.5484
2025-08-19 10:11:00+08:00,3.0377,3.0405,3.0373,3.0401,49740,151174.8036
2025-08-19 10:12:00+08:00,3.0401,3.044,3.0401,3.0417,134188,408263.0954
2025-08-19 10:13:00+08:00,3.0417,3.042,3.0405,3.0419,98612,299913.896
2025-08-19 10:14:00+08:00,3.0419,3.0419,3.0395,3.0405,137370,417672.097
2025-08-19 10:15:00+08:00,3.0405,3.0434,3.0397,3.0434,46282,140825.2124
2025-08-19 10:16:00+08:00,3.0434,3.0441,3.0409,3.0411,127480,387832.0834
2025-08-19 10:17:00+08:00,3.0411,3.0411,3.0363,3.0363,105748,321345.863
2025-08-19 10:18:00+08:00,3.0363,3.0371,3.0337,3.0338,279696,848864.6516
2025-08-19 10:19:00+08:00,3.0338,3.0356,3.0328,3.0347,217686,660282.284
2025-08-19 10:20:00+08:00,3.0347,3.0353,3.0342,3.0348,82978,251784.7458
2025-08-19 10:21:00+08:00,3.0348,3.0359,3.0344,3.0348,48940,148536.6278
2025-08-19 10:22:00+08:00,3.0348,3.0396,3.0348,3.0391,31478,95582.416
2025-08-19 10:23:00+08:00,3.0391,3.0421,3.0383,3.042,126712,385343.6058
2025-08-19 10:24:00+08:00,3.042,3.043,3.041,3.041,173068,526356.3232
2025-08-19 10:25:00+08:00,3.041,3.0415,3.0401,3.0401,5086,15466.015
2025-08-19 10:26:00+08:00,3.0401,3.0403,3.0381,3.0403,41848,127166.2906
2025-08-19 10:27:00+08:00,3.0403,3.0458,3.0403,3.0458,50680,154250.5186
2025-08-19 10:28:00+08:00,3.0458,3.0459,3.0428,3.0437,111218,338480.9692
2025-08-19 10:29:00+08:00,3.0437,3.0437,3.0417,3.0428,64352,195804.3338
2025-08-19 10:30:00+08:00,3.0428,3.0461,3.0417,3.0457,145388,442670.5082
2025-08-19 10:31:00+08:00,3.0457,3.0461,3.0434,3.0458,110970,337878.2858
2025-08-19 10:32:00+08:00,3.0458,3.0458,3.0418,3.0418,74250,225951.8128
2025-08-19 10:33:00+08:00,3.0418,3.0427,3.0396,3.0399,93832,285327.7184
2025-08-19 10:34:00+08:00,3.0399,3.0416,3.037,3.0373,42874,130290.457
2025-08-19 10:35:00+08:00,3.0373,3.0384,3.035,3.0382,67184,203983.7922
2025-08-19 10:36:00+08:00,3.0382,3.0416,3.0382,3.0398,47132,143299.3332
2025-08-19 10:37:00+08:00,3.0398,3.0444,3.0398,3.0444,97910,297934.376
2025-08-19 10:38:00+08:00,3.0444,3.0444,3.0408,3.0414,13920,42360.8598
2025-08-19 10:39:00+08:00,3.0414,3.0428,3.0404,3.0423,42762,130051.0238
2025-08-19 10:40:00+08:00,3.0423,3.0435,3.0406,3.0433,10652,32409.508
2025-08-19 10:41:00+08:00,3.0433,3.047,3.0433,3.047,24046,73215.9572
2025-08-19 10:42:00+08:00,3.047,3.047,3.0431,3.0436,27638,84130.7262
2025-08-19 10:43:00+08:00,3.0436,3.0436,3.04,3.04,14462,43984.1356
2025-08-19 10:44:00+08:00,3.04,3.0407,3.0376,3.0383,16398,49827.2184
2025-08-19 10:45:00+08:00,3.0383,3.0392,3.0351,3.0392,12668,38470.4272
2025-08-19 10:46:00+08:00,3.0392,3.0408,3.0384,3.0397,48018,145935.4228
2025-08-19 10:47:00+08:00,3.0397,3.0397,3.0367,3.0376,97950,297536.6246
2025-08-19 10:48:00+08:00,3.0376,3.0396,3.037,3.0393,34826,105841.771
2025-08-19 10:49:00+08:00,3.0393,3.0437,3.0392,3.0437,259916,790225.8914
2025-08-19 10:50:00+08:00,3.0437,3.0437,3.0411,3.0429,25650,78040.12
2025-08-19 10:51:00+08:00,3.0429,3.0467,3.0429,3.0459,54236,165166.4522
2025-08-19 10:52:00+08:00,3.0459,3.0459,3.0443,3.0451,8258,25143.8666
2025-08-19 10:53:00+08:00,3.0451,3.0451,3.0419,3.0425,50796,154581.1202
2025-08-19 10:54:00+08:00,3.0425,3.0434,3.0403,3.0407,29134,88643.5798
2025-08-19 10:55:00+08:00,3.0407,3.0407,3.0381,3.0394,65152,197992.6056
2025-08-19 10:56:00+08:00,3.0394,3.0398,3.037,3.037,104492,317523.3976
2025-08-19 10:57:00+08:00,3.037,3.0371,3.0358,3.0358,55390,168172.6634
2025-08-19 10:58:00+08:00,3.0358,3.0358,3.031,3.0338,259294,786255.5584
2025-08-19 10:59:00+08:00,3.0338,3.0349,3.0322,3.0333,36754,111484.4024
2025-08-19 11:00:00+08:00,3.0333,3.0346,3.0309,3.0313,86896,263507.4774
2025-08-19 11:01:00+08:00,3.0313,3.0348,3.03,3.0314,214440,649878.0322
2025-08-19 11:02:00+08:00,3.0314,3.0322,3.0302,3.0319,124548,377540.2106
2025-08-19 11:03:00+08:00,3.0319,3.033,3.0302,3.0309,39640,120130.836
2025-08-19 11:04:00+08:00,3.0309,3.0309,3.0296,3.0297,67964,205929.1112
2025-08-19 11:05:00+08:00,3.0297,3.0298,3.0251,3.0252,140260,424585.5282
2025-08-19 11:06:00+08:00,3.0252,3.0305,3.0222,3.0264,873730,2643369.0094
2025-08-19 11:07:00+08:00,3.0264,3.0289,3.0264,3.0284,72638,219940.624
2025-08-19 11:08:00+08:00,3.0284,3.0284,3.0245,3.0254,64102,193984.8672
2025-08-19 11:09:00+08:00,3.0254,3.028,3.0248,3.0268,55298,167377.4468
2025-08-19 11:10:00+08:00,3.0268,3.0274,3.0257,3.0267,58598,177329.8964
2025-08-19 11:11:00+08:00,3.0267,3.0305,3.0267,3.0273,153534,464821.253
2025-08-19 11:12:00+08:00,3.0273,3.029,3.0273,3.0283,10184,30839.4694
2025-08-19 11:13:00+08:00,3.0283,3.03,3.0276,3.0282,118120,357702.8174
2025-08-19 11:14:00+08:00,3.0282,3.0309,3.0282,3.0309,31068,94135.6102
2025-08-19 11:15:00+08:00,3.0309,3.0331,3.0302,3.0302,329354,998481.7754
2025-08-19 11:16:00+08:00,3.0302,3.0305,3.0262,3.0262,77058,233369.2628
2025-08-19 11:17:00+08:00,3.0262,3.0295,3.0262,3.0294,10878,32942.0168
2025-08-19 11:18:00+08:00,3.0294,3.0321,3.0294,3.0317,26104,79105.7756
2025-08-19 11:19:00+08:00,3.0317,3.0328,3.0304,3.0328,30664,92961.4708
2025-08-19 11:20:00+08:00,3.0328,3.0339,3.0292,3.0304,130966,396881.2542
2025-08-19 11:21:00+08:00,3.0304,3.031,3.0262,3.0262,185442,561388.0798
2025-08-19 11:22:00+08:00,3.0262,3.029,3.0231,3.0232,201798,610404.1588
2025-08-19 11:23:00+08:00,3.0232,3.0234,3.0175,3.0209,952936,2877245.9626
2025-08-19 11:24:00+08:00,3.0209,3.0227,3.0201,3.0215,93096,281264.8448
2025-08-19 11:25:00+08:00,3.0215,3.0218,3.0197,3.0215,64742,195546.6192
2025-08-19 11:26:00+08:00,3.0215,3.0218,3.019,3.019,60562,182892.108
2025-08-19 11:27:00+08:00,3.019,3.0205,3.019,3.0196,51922,156781.1876
2025-08-19 11:28:00+08:00,3.0196,3.02,3.0178,3.0185,109562,330748.2628
2025-08-19 11:29:00+08:00,3.0185,3.0203,3.0175,3.019,1105096,3335905.6192
2025-08-19 11:30:00+08:00,3.019,3.0192,3.016,3.018,345298,1041760.2516
2025-08-19 11:31:00+08:00,3.018,3.0186,3.0175,3.0185,140816,425008.7368
2025-08-19 11:32:00+08:00,3.0185,3.0185,3.0148,3.0148,331086,998430.6018
2025-08-19 11:33:00+08:00,3.0148,3.0157,3.0139,3.0145,1589320,4791008.2762
2025-08-19 11:34:00+08:00,3.0145,3.0152,3.0142,3.0152,102840,310006.3782
2025-08-19 11:35:00+08:00,3.0152,3.018,3.0149,3.018,113774,343151.7504
2025-08-19 11:36:00+08:00,3.018,3.018,3.0148,3.0148,663550,2001171.9778
2025-08-19 11:37:00+08:00,3.0148,3.0165,3.011,3.013,1241246,3740614.4876
2025-08-19 11:38:00+08:00,3.013,3.0163,3.013,3.0156,996666,3004295.0566
2025-08-19 11:39:00+08:00,3.0156,3.0156,3.0083,3.0083,440760,1326904.5556
2025-08-19 11:40:00+08:00,3.0083,3.0102,3.008,3.0094,647574,1948288.7836
2025-08-19 11:41:00+08:00,3.0094,3.0103,3.0092,3.0101,82736,249034.925
2025-08-19 11:42:00+08:00,3.0101,3.0101,3.005,3.0056,230528,693239.216
2025-08-19 11:43:00+08:00,3.0056,3.0061,2.9906,2.9919,2407512,7217418.3514
2025-08-19 11:44:00+08:00,2.9919,3,2.9878,2.997,962562,2879997.3836
2025-08-19 11:45:00+08:00,2.997,2.9981,2.989,2.989,337406,1010097.0968
2025-08-19 11:46:00+08:00,2.989,2.9912,2.9863,2.9866,747712,2234069.7204
2025-08-19 11:47:00+08:00,2.9866,2.9917,2.9866,2.9895,449216,1342383.4194
2025-08-19 11:48:00+08:00,2.9895,2.9911,2.9863,2.9891,939442,2807766.7734
2025-08-19 11:49:00+08:00,2.9891,2.9915,2.9884,2.9898,240546,719340.4934
2025-08-19 11:50:00+08:00,2.9898,2.993,2.9898,2.9927,380788,1138893.9482
2025-08-19 11:51:00+08:00,2.9927,2.9949,2.9886,2.9886,1227976,3672334.2376
2025-08-19 11:52:00+08:00,2.9886,2.9886,2.9834,2.9835,723104,2158306.2968
2025-08-19 11:53:00+08:00,2.9835,2.9845,2.9825,2.9836,622908,1858032.4516
2025-08-19 11:54:00+08:00,2.9836,2.9873,2.9836,2.9871,128600,384017.1602
2025-08-19 11:55:00+08:00,2.9871,2.9897,2.9868,2.9892,177302,529800.9508
2025-08-19 11:56:00+08:00,2.9892,2.9914,2.9885,2.9906,44772,133856.7406
2025-08-19 11:57:00+08:00,2.9906,2.9919,2.9879,2.9887,235072,702574.7162
2025-08-19 11:58:00+08:00,2.9887,2.9897,2.9878,2.9891,111844,334275.1974
2025-08-19 11:59:00+08:00,2.9891,2.9895,2.9878,2.9891,39090,116838.697
2025-08-19 12:00:00+08:00,2.9891,2.9907,2.9872,2.9907,218392,652575.0754
2025-08-19 12:01:00+08:00,2.9907,2.9918,2.9883,2.9905,449634,1344193.4412
2025-08-19 12:02:00+08:00,2.9905,2.9942,2.9871,2.9922,425038,1271871.972
2025-08-19 12:03:00+08:00,2.9922,2.9925,2.9811,2.9822,797690,2380105.2482
2025-08-19 12:04:00+08:00,2.9822,2.9885,2.9822,2.9859,419986,1254392.9366
2025-08-19 12:05:00+08:00,2.9859,2.9902,2.9859,2.9865,274844,821127.4656
2025-08-19 12:06:00+08:00,2.9865,2.9886,2.9862,2.9865,184298,550550.059
2025-08-19 12:07:00+08:00,2.9865,2.9913,2.985,2.9852,241212,720685.745
2025-08-19 12:08:00+08:00,2.9852,2.9855,2.9756,2.9758,1943894,5792767.1488
2025-08-19 12:09:00+08:00,2.9758,2.9872,2.9713,2.9823,1633140,4861740.299
2025-08-19 12:10:00+08:00,2.9823,2.99,2.9823,2.9864,433000,1293842.1322
2025-08-19 12:11:00+08:00,2.9864,2.9868,2.9814,2.9839,311280,928957.3982
2025-08-19 12:12:00+08:00,2.9839,2.9937,2.9839,2.9928,273094,816421.2382
2025-08-19 12:13:00+08:00,2.9928,2.9954,2.9853,2.9866,289892,866884.4344
2025-08-19 12:14:00+08:00,2.9866,2.9879,2.9839,2.9848,340874,1017668.1828
2025-08-19 12:15:00+08:00,2.9848,2.9856,2.9804,2.9821,448612,1338329.3072
2025-08-19 12:16:00+08:00,2.9821,2.9878,2.981,2.9847,412250,1230776.0626
2025-08-19 12:17:00+08:00,2.9847,2.9896,2.9847,2.9857,334598,999659.2876
2025-08-19 12:18:00+08:00,2.9857,2.9857,2.9806,2.9806,490296,1462675.3042
2025-08-19 12:19:00+08:00,2.9806,2.9893,2.9806,2.9889,140300,418865.5306
2025-08-19 12:20:00+08:00,2.9889,2.9894,2.9852,2.9864,180628,539678.3148
2025-08-19 12:21:00+08:00,2.9864,2.9871,2.9823,2.984,114764,342463.9558
2025-08-19 12:22:00+08:00,2.984,2.9856,2.982,2.9826,239350,714130.6078
2025-08-19 12:23:00+08:00,2.9826,2.9826,2.9768,2.9795,398274,1186397.5162
2025-08-19 12:24:00+08:00,2.9795,2.981,2.9773,2.9787,155470,463199.9212
2025-08-19 12:25:00+08:00,2.9787,2.9797,2.9745,2.9748,282652,841235.36
2025-08-19 12:26:00+08:00,2.9748,2.9797,2.9748,2.978,283522,843879.5264
2025-08-19 12:27:00+08:00,2.978,2.9816,2.978,2.9804,159600,475513.2766
2025-08-19 12:28:00+08:00,2.9804,2.9815,2.9799,2.9806,74556,222218.2224
2025-08-19 12:29:00+08:00,2.9806,2.9815,2.98,2.9809,95054,283334.228
2025-08-19 12:30:00+08:00,2.9809,2.9858,2.9802,2.9843,218788,652733.3744
2025-08-19 12:31:00+08:00,2.9843,2.9873,2.9831,2.9873,217888,650629.638
2025-08-19 12:32:00+08:00,2.9873,2.9879,2.9837,2.9844,246846,736920.9162
2025-08-19 12:33:00+08:00,2.9844,2.9863,2.9834,2.984,150252,448619.2672
2025-08-19 12:34:00+08:00,2.984,2.9883,2.9836,2.9883,59084,176483.7284
2025-08-19 12:35:00+08:00,2.9883,2.9889,2.9852,2.986,84166,251390.711
2025-08-19 12:36:00+08:00,2.986,2.991,2.986,2.991,196036,586064.5008
2025-08-19 12:37:00+08:00,2.991,2.9928,2.9884,2.9887,325908,974567.4858
2025-08-19 12:38:00+08:00,2.9887,2.9911,2.9873,2.9911,109264,326617.8558
2025-08-19 12:39:00+08:00,2.9911,2.9927,2.99,2.9922,89332,267269.2974
2025-08-19 12:40:00+08:00,2.9922,2.9927,2.9907,2.9923,338312,1012234.0914
2025-08-19 12:41:00+08:00,2.9923,2.9935,2.9913,2.9935,55314,165506.1982
2025-08-19 12:42:00+08:00,2.9935,2.9958,2.9927,2.9948,346388,1037300.3016
2025-08-19 12:43:00+08:00,2.9948,2.9955,2.9939,2.9955,101922,305211.2204
2025-08-19 12:44:00+08:00,2.9955,2.9977,2.995,2.9975,158696,475557.509
2025-08-19 12:45:00+08:00,2.9975,2.9975,2.9936,2.994,466818,1398775.2326
2025-08-19 12:46:00+08:00,2.994,2.9965,2.9929,2.9965,95876,287140.8204
2025-08-19 12:47:00+08:00,2.9965,2.9965,2.9926,2.9943,50396,150919.1284
2025-08-19 12:48:00+08:00,2.9943,2.9954,2.9942,2.9954,101926,305264.351
2025-08-19 12:49:00+08:00,2.9954,2.9962,2.9944,2.9946,84688,253645.8454
2025-08-19 12:50:00+08:00,2.9946,2.998,2.9946,2.998,25296,75806.2044
2025-08-19 12:51:00+08:00,2.998,2.9997,2.998,2.9994,166798,500220.2862
2025-08-19 12:52:00+08:00,2.9994,3.001,2.9986,3.001,133896,401703.7822
2025-08-19 12:53:00+08:00,3.001,3.0029,3.001,3.0019,333004,999686.1212
2025-08-19 12:54:00+08:00,3.0019,3.0031,3.0014,3.0023,62436,187454.1836
2025-08-19 12:55:00+08:00,3.0023,3.0023,3,3.0018,84842,254620.8412
2025-08-19 12:56:00+08:00,3.0018,3.0043,3.0018,3.0043,65388,196384.813
2025-08-19 12:57:00+08:00,3.0043,3.0049,3.0037,3.0049,124654,374516.3
2025-08-19 12:58:00+08:00,3.0049,3.0062,3.0045,3.0061,120432,361923.7806
2025-08-19 12:59:00+08:00,3.0061,3.0061,3.0038,3.0052,134278,403463.4828
2025-08-19 13:00:00+08:00,3.0052,3.0088,3.005,3.0088,175278,526992.1152
2025-08-19 13:01:00+08:00,3.0088,3.0119,3.0087,3.0119,131230,395064.6998
2025-08-19 13:02:00+08:00,3.0119,3.0119,3.0087,3.0088,112494,338616.0306
2025-08-19 13:03:00+08:00,3.0088,3.0088,3.0052,3.0052,82794,249003.0846
2025-08-19 13:04:00+08:00,3.0052,3.0067,3.0039,3.0067,160916,483508.6186
2025-08-19 13:05:00+08:00,3.0067,3.0123,3.0067,3.0113,183798,553385.2274
2025-08-19 13:06:00+08:00,3.0113,3.012,3.006,3.006,87132,262207.9742
2025-08-19 13:07:00+08:00,3.006,3.0064,3.0037,3.0059,65668,197373.7808
2025-08-19 13:08:00+08:00,3.0059,3.006,3.0032,3.0032,76260,229102.9168
2025-08-19 13:09:00+08:00,3.0032,3.0038,3.0016,3.0026,173220,520145.9526
2025-08-19 13:10:00+08:00,3.0026,3.0038,3.0016,3.0023,344774,1035370.1004
2025-08-19 13:11:00+08:00,3.0023,3.0035,3.0018,3.002,131852,395957.3226
2025-08-19 13:12:00+08:00,3.002,3.003,3.0017,3.0023,86484,259687.6508
2025-08-19 13:13:00+08:00,3.0023,3.003,3.0001,3.003,218004,654311.944
2025-08-19 13:14:00+08:00,3.003,3.0086,3.003,3.0086,455290,1368070.0556
2025-08-19 13:15:00+08:00,3.0086,3.0123,3.0078,3.0089,475682,1432310.1798
2025-08-19 13:16:00+08:00,3.0089,3.0092,3.0066,3.0074,155506,467675.9122
2025-08-19 13:17:00+08:00,3.0074,3.0108,3.0067,3.0095,17666,53152.1132
2025-08-19 13:18:00+08:00,3.0095,3.0116,3.0086,3.0116,62866,189265.0858
2025-08-19 13:19:00+08:00,3.0116,3.0128,3.0096,3.012,180162,542592.986
2025-08-19 13:20:00+08:00,3.012,3.0166,3.012,3.0152,2470058,7445999.647
2025-08-19 13:21:00+08:00,3.0152,3.0164,3.0146,3.0164,77376,233333.8218
2025-08-19 13:22:00+08:00,3.0164,3.0164,3.0116,3.0122,136852,412526.21
2025-08-19 13:23:00+08:00,3.0122,3.0133,3.0107,3.0128,198408,597573.4794
2025-08-19 13:24:00+08:00,3.0128,3.0157,3.0128,3.0153,97170,292904.033
2025-08-19 13:25:00+08:00,3.0153,3.0205,3.015,3.0203,271314,818668.8682
2025-08-19 13:26:00+08:00,3.0203,3.0203,3.0164,3.0184,170672,515110.2756
2025-08-19 13:27:00+08:00,3.0184,3.0223,3.0184,3.0212,106662,322229.0468
2025-08-19 13:28:00+08:00,3.0212,3.0222,3.0204,3.0219,170566,515349.1028
2025-08-19 13:29:00+08:00,3.0219,3.0219,3.0201,3.0215,269448,813905.382
2025-08-19 13:30:00+08:00,3.0215,3.0223,3.0198,3.0221,90116,272216.8838
2025-08-19 13:31:00+08:00,3.0221,3.0221,3.0208,3.0212,125778,380049.9878
2025-08-19 13:32:00+08:00,3.0212,3.0214,3.017,3.017,149714,451982.2098
2025-08-19 13:33:00+08:00,3.017,3.0204,3.0169,3.0203,98480,297315.3412
2025-08-19 13:34:00+08:00,3.0203,3.0203,3.0168,3.0168,112104,338320.488
2025-08-19 13:35:00+08:00,3.0168,3.0188,3.0149,3.0188,79996,241370.3066
2025-08-19 13:36:00+08:00,3.0188,3.0208,3.0188,3.0204,82842,250172.4248
2025-08-19 13:37:00+08:00,3.0204,3.0206,3.0192,3.0206,45368,137012.9174
2025-08-19 13:38:00+08:00,3.0206,3.0224,3.0195,3.0223,70120,211882.8206
2025-08-19 13:39:00+08:00,3.0223,3.0239,3.0212,3.0231,178412,539342.3622
2025-08-19 13:40:00+08:00,3.0231,3.0266,3.0226,3.0266,144984,438538.1202
2025-08-19 13:41:00+08:00,3.0266,3.0266,3.0248,3.0263,37570,113677.3792
2025-08-19 13:42:00+08:00,3.0263,3.0263,3.0246,3.0253,47312,143127.6504
2025-08-19 13:43:00+08:00,3.0253,3.0255,3.0227,3.0233,91112,275569.6356
2025-08-19 13:44:00+08:00,3.0233,3.0237,3.0207,3.0207,198934,601361.7382
2025-08-19 13:45:00+08:00,3.0207,3.0214,3.0171,3.0179,76474,230897.6234
2025-08-19 13:46:00+08:00,3.0179,3.018,3.0148,3.0153,122372,369027.3258
2025-08-19 13:47:00+08:00,3.0153,3.0173,3.0148,3.0154,244368,737004.3528
2025-08-19 13:48:00+08:00,3.0154,3.0173,3.0152,3.017,219342,661580.44
2025-08-19 13:49:00+08:00,3.017,3.0172,3.016,3.0164,114462,345286.7448
2025-08-19 13:50:00+08:00,3.0164,3.0189,3.0164,3.0183,60132,181482.3456
2025-08-19 13:51:00+08:00,3.0183,3.0183,3.0155,3.0155,79246,239045.4248
2025-08-19 13:52:00+08:00,3.0155,3.0155,3.0127,3.013,532606,1604876.2266
2025-08-19 13:53:00+08:00,3.013,3.013,3.012,3.0129,103778,312607.9984
2025-08-19 13:54:00+08:00,3.0129,3.0155,3.0128,3.014,57290,172679.896
2025-08-19 13:55:00+08:00,3.014,3.0149,3.0137,3.0146,8784,26480.0288
2025-08-19 13:56:00+08:00,3.0146,3.0146,3.0133,3.0139,15258,45982.193
2025-08-19 13:57:00+08:00,3.0139,3.0142,3.0137,3.0142,13772,41509.1952
2025-08-19 13:58:00+08:00,3.0142,3.0147,3.0127,3.0134,132262,398478.9886
2025-08-19 13:59:00+08:00,3.0134,3.0134,3.0123,3.0132,54352,163751.419
2025-08-19 14:00:00+08:00,3.0132,3.0132,3.0093,3.0115,311882,939221.9116
2025-08-19 14:01:00+08:00,3.0115,3.0115,3.0087,3.0113,80590,242604.3302
2025-08-19 14:02:00+08:00,3.0113,3.0125,3.0087,3.0087,166366,500810.4846
2025-08-19 14:03:00+08:00,3.0087,3.0099,3.0081,3.0099,95980,288783.1778
2025-08-19 14:04:00+08:00,3.0099,3.01,3.0022,3.0027,3794898,11405212.258
2025-08-19 14:05:00+08:00,3.0027,3.0045,3.0022,3.0045,507760,1524738.6426
2025-08-19 14:06:00+08:00,3.0045,3.0063,3.0044,3.0062,228954,688105.581
2025-08-19 14:07:00+08:00,3.0062,3.0078,3.0054,3.0056,236192,710084.6834
2025-08-19 14:08:00+08:00,3.0056,3.0063,3.005,3.0063,75410,226634.7024
2025-08-19 14:09:00+08:00,3.0063,3.0103,3.0063,3.0103,134398,404405.5624
2025-08-19 14:10:00+08:00,3.0103,3.011,3.0081,3.011,72726,218883.7516
2025-08-19 14:11:00+08:00,3.011,3.014,3.011,3.014,248068,747342.2024
2025-08-19 14:12:00+08:00,3.014,3.0179,3.014,3.0159,184824,557551.366
2025-08-19 14:13:00+08:00,3.0159,3.0168,3.015,3.0164,183238,552586.2464
2025-08-19 14:14:00+08:00,3.0164,3.0168,3.0142,3.0161,37742,113780.7212
2025-08-19 14:15:00+08:00,3.0161,3.0161,3.0094,3.0128,200400,603661.263
2025-08-19 14:16:00+08:00,3.0128,3.0163,3.0128,3.0154,217554,655898.4564
2025-08-19 14:17:00+08:00,3.0154,3.0155,3.0142,3.0142,28810,86849.5046
2025-08-19 14:18:00+08:00,3.0142,3.0181,3.0139,3.0168,31158,94000.2338
2025-08-19 14:19:00+08:00,3.0168,3.0233,3.0167,3.0228,399964,1208201.1632
2025-08-19 14:20:00+08:00,3.0228,3.0241,3.0192,3.0192,325454,983127.3636
2025-08-19 14:21:00+08:00,3.0192,3.0193,3.016,3.0172,178172,537584.2562
2025-08-19 14:22:00+08:00,3.0172,3.018,3.0141,3.0145,331872,1000931.8704
2025-08-19 14:23:00+08:00,3.0145,3.0173,3.0143,3.0169,95166,287017.2126
2025-08-19 14:24:00+08:00,3.0169,3.0225,3.0159,3.0217,158108,477413.9598
2025-08-19 14:25:00+08:00,3.0217,3.0228,3.0184,3.0228,398706,1204601.3348
2025-08-19 14:26:00+08:00,3.0228,3.0248,3.0216,3.0217,339528,1026891.5358
2025-08-19 14:27:00+08:00,3.0217,3.0242,3.019,3.0206,93592,282784.6918
2025-08-19 14:28:00+08:00,3.0206,3.0208,3.0176,3.0208,49558,149619.5126
2025-08-19 14:29:00+08:00,3.0208,3.0227,3.0193,3.0207,1040478,3143644.517
2025-08-19 14:30:00+08:00,3.0207,3.022,3.0199,3.0209,309080,933731.185
2025-08-19 14:31:00+08:00,3.0209,3.0216,3.0171,3.0178,296378,894898.1606
2025-08-19 14:32:00+08:00,3.0178,3.0217,3.0178,3.0209,282136,852153.8858
2025-08-19 14:33:00+08:00,3.0209,3.0209,3.0184,3.0185,52514,158549.4928
2025-08-19 14:34:00+08:00,3.0185,3.0198,3.0166,3.0175,34726,104819.3732
2025-08-19 14:35:00+08:00,3.0175,3.0219,3.0175,3.0205,178570,539223.478
2025-08-19 14:36:00+08:00,3.0205,3.0248,3.0202,3.0248,252248,762381.1274
2025-08-19 14:37:00+08:00,3.0248,3.0249,3.0213,3.0221,56940,172124.3416
2025-08-19 14:38:00+08:00,3.0221,3.0235,3.0217,3.0221,263412,796162.694
2025-08-19 14:39:00+08:00,3.0221,3.0221,3.0193,3.0195,44554,134592.051
2025-08-19 14:40:00+08:00,3.0195,3.0226,3.0193,3.0226,46152,139391.7888
2025-08-19 14:41:00+08:00,3.0226,3.0241,3.0217,3.0219,83778,253168.6816
2025-08-19 14:42:00+08:00,3.0219,3.0243,3.0218,3.0229,28518,86199.7678
2025-08-19 14:43:00+08:00,3.0229,3.024,3.0209,3.0212,85844,259392.0598
2025-08-19 14:44:00+08:00,3.0212,3.0216,3.0196,3.0199,32194,97232.369
2025-08-19 14:45:00+08:00,3.0199,3.0223,3.0188,3.0205,192570,581597.8596
2025-08-19 14:46:00+08:00,3.0205,3.0224,3.0181,3.0185,59800,180567.5632
2025-08-19 14:47:00+08:00,3.0185,3.0185,3.0141,3.0148,162640,490474.4318
2025-08-19 14:48:00+08:00,3.0148,3.0158,3.0122,3.0122,167018,503364.5978
2025-08-19 14:49:00+08:00,3.0122,3.0157,3.0122,3.0149,92630,279303.6574
2025-08-19 14:50:00+08:00,3.0149,3.0178,3.0149,3.0164,100106,301962.9314
2025-08-19 14:51:00+08:00,3.0164,3.0199,3.0164,3.019,27968,84427.5696
2025-08-19 14:52:00+08:00,3.019,3.0207,3.0189,3.0206,32778,98989.1984
2025-08-19 14:53:00+08:00,3.0206,3.0206,3.0184,3.019,16114,48648.803
2025-08-19 14:54:00+08:00,3.019,3.019,3.014,3.0155,42630,128569.398
2025-08-19 14:55:00+08:00,3.0155,3.0181,3.0153,3.0172,125170,377537.2246
2025-08-19 14:56:00+08:00,3.0172,3.0188,3.0171,3.0188,23806,71831.67
2025-08-19 14:57:00+08:00,3.0188,3.022,3.0188,3.022,52286,157942.4138
2025-08-19 14:58:00+08:00,3.022,3.022,3.0184,3.0187,56238,169835.2018
2025-08-19 14:59:00+08:00,3.0187,3.0207,3.0181,3.0191,37440,113034.3052
2025-08-19 15:00:00+08:00,3.0191,3.0219,3.0177,3.0177,251608,759912.8102
2025-08-19 15:01:00+08:00,3.0177,3.0179,3.0151,3.0151,33080,99765.1784
2025-08-19 15:02:00+08:00,3.0151,3.0161,3.0125,3.0133,69228,208660.0484
2025-08-19 15:03:00+08:00,3.0133,3.0194,3.0128,3.017,245476,740512.5122
2025-08-19 15:04:00+08:00,3.017,3.0183,3.0154,3.0154,39182,118194.0208
2025-08-19 15:05:00+08:00,3.0154,3.0154,3.0117,3.012,132342,398702.6494
2025-08-19 15:06:00+08:00,3.012,3.0124,3.009,3.0109,1556898,4685935.5526
2025-08-19 15:07:00+08:00,3.0109,3.0116,3.0087,3.0087,158430,476926.8634
2025-08-19 15:08:00+08:00,3.0087,3.0088,3.0063,3.0079,157538,473838.4426
2025-08-19 15:09:00+08:00,3.0079,3.0085,3.0064,3.0085,75136,225986.892
2025-08-19 15:10:00+08:00,3.0085,3.0093,3.0066,3.0077,75382,226750.5786
2025-08-19 15:11:00+08:00,3.0077,3.0081,3.0064,3.0071,25794,77571.256
2025-08-19 15:12:00+08:00,3.0071,3.0081,3.0056,3.0066,95280,286473.9834
2025-08-19 15:13:00+08:00,3.0066,3.0067,3.0046,3.0061,329010,988691.962
2025-08-19 15:14:00+08:00,3.0061,3.0099,3.0061,3.0098,109646,329869.9306
2025-08-19 15:15:00+08:00,3.0098,3.0106,3.0063,3.0064,62270,187254.151
2025-08-19 15:16:00+08:00,3.0064,3.0068,3.0028,3.0031,226726,681215.7846
2025-08-19 15:17:00+08:00,3.0031,3.0043,2.998,3.0008,753668,2261204.929
2025-08-19 15:18:00+08:00,3.0008,3.0027,3.0006,3.0007,278666,836376.9194
2025-08-19 15:19:00+08:00,3.0007,3.0024,2.9973,3.0012,682776,2047777.0354
2025-08-19 15:20:00+08:00,3.0012,3.003,3.0006,3.0007,206056,618631.7614
2025-08-19 15:21:00+08:00,3.0007,3.0009,2.9969,2.9995,372422,1116804.3178
2025-08-19 15:22:00+08:00,2.9995,3.0013,2.9991,2.9992,222888,668785.9648
2025-08-19 15:23:00+08:00,2.9992,2.9992,2.9938,2.9956,177178,530783.0998
2025-08-19 15:24:00+08:00,2.9956,3.0005,2.9956,2.9991,183486,550125.4874
2025-08-19 15:25:00+08:00,2.9991,3.0011,2.9991,2.9997,131406,394190.963
2025-08-19 15:26:00+08:00,2.9997,3,2.9983,2.9989,89502,268448.9948
2025-08-19 15:27:00+08:00,2.9989,3.0023,2.9982,3.0012,82220,246668.7126
2025-08-19 15:28:00+08:00,3.0012,3.0035,3.0008,3.0032,154118,462740.5668
2025-08-19 15:29:00+08:00,3.0032,3.0033,2.9988,2.9994,84062,252177.8146
2025-08-19 15:30:00+08:00,2.9994,3,2.996,2.9979,147240,441371.7704
2025-08-19 15:31:00+08:00,2.9979,2.9983,2.9946,2.9948,157796,472662.966
2025-08-19 15:32:00+08:00,2.9948,2.995,2.992,2.9926,320078,957850.5434
2025-08-19 15:33:00+08:00,2.9926,2.9942,2.9923,2.9933,276796,828528.9642
2025-08-19 15:34:00+08:00,2.9933,2.995,2.9932,2.9947,82504,247051.0824
2025-08-19 15:35:00+08:00,2.9947,2.9949,2.9923,2.9926,52924,158420.9202
2025-08-19 15:36:00+08:00,2.9926,2.9926,2.9905,2.9916,322342,964162.345
2025-08-19 15:37:00+08:00,2.9916,2.9936,2.9916,2.9936,115972,347115.8354
2025-08-19 15:38:00+08:00,2.9936,2.9997,2.9936,2.9993,448604,1344609.7676
2025-08-19 15:39:00+08:00,2.9993,3.0021,2.9961,2.9961,1811120,5435210.5888
2025-08-19 15:40:00+08:00,2.9961,2.9981,2.996,2.9969,70796,212176.172
2025-08-19 15:41:00+08:00,2.9969,2.998,2.9949,2.9949,35978,107776.0984
2025-08-19 15:42:00+08:00,2.9949,2.9961,2.9943,2.9945,37978,113741.2512
2025-08-19 15:43:00+08:00,2.9945,2.9969,2.9945,2.9969,51314,153744.2394
2025-08-19 15:44:00+08:00,2.9969,2.9971,2.9961,2.9969,116144,347989.26
2025-08-19 15:45:00+08:00,2.9969,2.9983,2.996,2.9983,123338,369546.0606
2025-08-19 15:46:00+08:00,2.9983,2.9998,2.9981,2.9982,79258,237714.621
2025-08-19 15:47:00+08:00,2.9982,3.0025,2.997,3.0025,118216,354721.2194
2025-08-19 15:48:00+08:00,3.0025,3.0059,3.0024,3.0043,278836,837839.1544
2025-08-19 15:49:00+08:00,3.0043,3.0043,3.001,3.0011,263734,792064.646
2025-08-19 15:50:00+08:00,3.0011,3.0025,3.0001,3.0015,191224,573938.9874
2025-08-19 15:51:00+08:00,3.0015,3.0044,3.0006,3.0041,394158,1183934.1808
2025-08-19 15:52:00+08:00,3.0041,3.0065,3.0029,3.0043,477606,1435391.0526
2025-08-19 15:53:00+08:00,3.0043,3.0049,3.002,3.003,230572,692612.8068
2025-08-19 15:54:00+08:00,3.003,3.0038,3.0017,3.0034,565052,1696994.5328
2025-08-19 15:55:00+08:00,3.0034,3.0034,3.0002,3.0027,147132,441725.3572
2025-08-19 15:56:00+08:00,3.0027,3.004,3.0008,3.0008,512632,1539323.5022
2025-08-19 15:57:00+08:00,3.0008,3.0032,3.0008,3.0032,330774,993085.461
2025-08-19 15:58:00+08:00,3.0032,3.0037,3.0013,3.003,110566,331903.273
2025-08-19 15:59:00+08:00,3.003,3.0032,3.0018,3.0029,85326,256234.2808
2025-08-19 16:00:00+08:00,3.0029,3.008,3.0028,3.0065,3456738,10386889.801
2025-08-19 16:01:00+08:00,3.0065,3.0094,3.0047,3.0066,138252,415674.496
2025-08-19 16:02:00+08:00,3.0066,3.0071,3.0042,3.0062,28208,84787.8114
2025-08-19 16:03:00+08:00,3.0062,3.0065,3.0028,3.0052,438416,1317113.4966
2025-08-19 16:04:00+08:00,3.0052,3.0053,3.0031,3.0037,127690,383567.85
2025-08-19 16:05:00+08:00,3.0037,3.0037,3.0007,3.0007,126120,378669.359
2025-08-19 16:06:00+08:00,3.0007,3.0007,2.9968,2.9976,396076,1187796.428
2025-08-19 16:07:00+08:00,2.9976,2.9981,2.9935,2.995,530670,1589481.1064
2025-08-19 16:08:00+08:00,2.995,2.9951,2.9901,2.9909,488528,1461637.6678
2025-08-19 16:09:00+08:00,2.9909,2.9943,2.9909,2.9943,149894,448425.2776
2025-08-19 16:10:00+08:00,2.9943,2.9958,2.9921,2.9952,231228,692263.8446
2025-08-19 16:11:00+08:00,2.9952,2.9964,2.9918,2.9918,246974,739090.0096
2025-08-19 16:12:00+08:00,2.9918,2.996,2.9918,2.9955,77828,233052.3348
2025-08-19 16:13:00+08:00,2.9955,2.997,2.9938,2.9964,51036,152876.5152
2025-08-19 16:14:00+08:00,2.9964,3.0021,2.9963,3.0015,187740,563243.0942
2025-08-19 16:15:00+08:00,3.0015,3.0061,3.0014,3.004,526028,1580481.3
2025-08-19 16:16:00+08:00,3.004,3.0041,3.0015,3.0015,72674,218211.6788
2025-08-19 16:17:00+08:00,3.0015,3.0024,2.9991,2.9991,122946,368842.8864
2025-08-19 16:18:00+08:00,2.9991,3.0016,2.9981,3.0016,276912,830516.4072
2025-08-19 16:19:00+08:00,3.0016,3.0018,3,3.0001,108044,324312.1026
2025-08-19 16:20:00+08:00,3.0001,3.0001,2.9983,2.9989,144686,434034.3124
2025-08-19 16:21:00+08:00,2.9989,2.9997,2.9986,2.9992,55182,165480.7784
2025-08-19 16:22:00+08:00,2.9992,3.0007,2.9987,3.0007,89236,267697.6552
2025-08-19 16:23:00+08:00,3.0007,3.0007,2.9977,2.998,186102,557969.5908
2025-08-19 16:24:00+08:00,2.998,2.9994,2.9975,2.9994,290578,871188.9966
2025-08-19 16:25:00+08:00,2.9994,3.0015,2.9991,3.0015,158246,474839.8078
2025-08-19 16:26:00+08:00,3.0015,3.0021,2.9984,2.9985,94468,283451.7012
2025-08-19 16:27:00+08:00,2.9985,3.0026,2.9985,3.0026,45608,136857.9064
2025-08-19 16:28:00+08:00,3.0026,3.0031,3.0016,3.0023,73064,219386.0218
2025-08-19 16:29:00+08:00,3.0023,3.0025,3.0002,3.0002,44508,133605.5092
2025-08-19 16:30:00+08:00,3.0002,3.0003,2.9965,2.9971,73494,220320.9528
2025-08-19 16:31:00+08:00,2.9971,2.9982,2.9962,2.9963,181120,542868.772
2025-08-19 16:32:00+08:00,2.9963,2.9967,2.9954,2.9955,60210,180374.4712
2025-08-19 16:33:00+08:00,2.9955,3.0005,2.9955,2.9994,69748,209109.726
2025-08-19 16:34:00+08:00,2.9994,2.9998,2.9978,2.9981,46090,138202.0934
2025-08-19 16:35:00+08:00,2.9981,2.9993,2.9967,2.9967,203094,608811.4234
2025-08-19 16:36:00+08:00,2.9967,2.9981,2.9962,2.9977,92716,277920.468
2025-08-19 16:37:00+08:00,2.9977,2.9979,2.9957,2.9972,30510,91436.45
2025-08-19 16:38:00+08:00,2.9972,2.9973,2.9947,2.9947,147506,441865.7546
2025-08-19 16:39:00+08:00,2.9947,2.9966,2.9947,2.996,32014,95900.0856
2025-08-19 16:40:00+08:00,2.996,2.9997,2.9954,2.998,31018,92991.9148
2025-08-19 16:41:00+08:00,2.998,2.9992,2.9974,2.9974,22512,67493.3422
2025-08-19 16:42:00+08:00,2.9974,3.0002,2.9971,2.9997,29722,89120.6916
2025-08-19 16:43:00+08:00,2.9997,3.0017,2.9991,3.0017,90542,271608.5678
2025-08-19 16:44:00+08:00,3.0017,3.0017,2.9985,2.9986,109288,327787.268
2025-08-19 16:45:00+08:00,2.9986,2.9986,2.9964,2.998,62642,187787.254
2025-08-19 16:46:00+08:00,2.998,3.0002,2.9964,3.0002,36528,109539.2792
2025-08-19 16:47:00+08:00,3.0002,3.0045,3.0002,3.0033,255620,767686.167
2025-08-19 16:48:00+08:00,3.0033,3.0085,3.0025,3.0067,88202,265185.8958
2025-08-19 16:49:00+08:00,3.0067,3.0075,3.0054,3.0075,109828,330244.417
2025-08-19 16:50:00+08:00,3.0075,3.0095,3.0075,3.0088,174260,524293.3994
2025-08-19 16:51:00+08:00,3.0088,3.0127,3.0079,3.0122,733782,2209404.837
2025-08-19 16:52:00+08:00,3.0122,3.0156,3.0107,3.0117,640246,1928928.0112
2025-08-19 16:53:00+08:00,3.0117,3.0118,3.008,3.0086,256198,770941.9402
2025-08-19 16:54:00+08:00,3.0086,3.0135,3.0083,3.0133,114794,345700.7466
2025-08-19 16:55:00+08:00,3.0133,3.0133,3.0105,3.0109,60334,181684.5692
2025-08-19 16:56:00+08:00,3.0109,3.0112,3.0106,3.0107,122332,368318.1572
2025-08-19 16:57:00+08:00,3.0107,3.0107,3.0075,3.0087,107680,323987.5716
2025-08-19 16:58:00+08:00,3.0087,3.0101,3.0076,3.0096,80204,241287.106
2025-08-19 16:59:00+08:00,3.0096,3.0096,3.0072,3.008,74326,223582.4044
2025-08-19 17:00:00+08:00,3.008,3.01,3.0076,3.0089,216098,650135.4478
2025-08-19 17:01:00+08:00,3.0089,3.0089,3.0062,3.007,100458,302084.9046
2025-08-19 17:02:00+08:00,3.007,3.0079,3.0044,3.0049,112650,338535.5018
2025-08-19 17:03:00+08:00,3.0049,3.007,3.0044,3.0063,121850,366260.057
2025-08-19 17:04:00+08:00,3.0063,3.0081,3.0059,3.0068,239416,719946.9386
2025-08-19 17:05:00+08:00,3.0068,3.0118,3.0062,3.0115,274546,826337.1678
2025-08-19 17:06:00+08:00,3.0115,3.0153,3.0112,3.0136,115662,348546.831
2025-08-19 17:07:00+08:00,3.0136,3.0175,3.0113,3.0164,357300,1077445.5198
2025-08-19 17:08:00+08:00,3.0164,3.0164,3.0135,3.0136,415452,1252664.5964
2025-08-19 17:09:00+08:00,3.0136,3.0159,3.0121,3.0121,336190,1013258.8034
2025-08-19 17:10:00+08:00,3.0121,3.0141,3.012,3.012,219178,660240.0914
2025-08-19 17:11:00+08:00,3.012,3.0162,3.012,3.0161,36346,109545.2856
2025-08-19 17:12:00+08:00,3.0161,3.0162,3.0143,3.0147,69164,208538.9342
2025-08-19 17:13:00+08:00,3.0147,3.0157,3.0134,3.0134,121988,367801.7264
2025-08-19 17:14:00+08:00,3.0134,3.0147,3.0121,3.0129,28760,86672.398
2025-08-19 17:15:00+08:00,3.0129,3.0151,3.0116,3.0148,155480,468715.5038
2025-08-19 17:16:00+08:00,3.0148,3.0149,3.0109,3.0109,45860,138186.501
2025-08-19 17:17:00+08:00,3.0109,3.0133,3.0109,3.0129,32612,98221.9456
2025-08-19 17:18:00+08:00,3.0129,3.0155,3.0129,3.0152,99462,299788.8886
2025-08-19 17:19:00+08:00,3.0152,3.0152,3.0129,3.0134,99580,300139.9388
2025-08-19 17:20:00+08:00,3.0134,3.0163,3.0134,3.0163,160904,485138.2366
2025-08-19 17:21:00+08:00,3.0163,3.0163,3.0141,3.0156,54396,163999.7084
2025-08-19 17:22:00+08:00,3.0156,3.0182,3.0156,3.0172,236892,714837.9044
2025-08-19 17:23:00+08:00,3.0172,3.0179,3.0159,3.0163,90700,273662.5238
2025-08-19 17:24:00+08:00,3.0163,3.0184,3.0163,3.0176,112280,338825.6982
2025-08-19 17:25:00+08:00,3.0176,3.0176,3.0151,3.0167,82866,249941.6986
2025-08-19 17:26:00+08:00,3.0167,3.0176,3.0155,3.0176,31044,93651.9876
2025-08-19 17:27:00+08:00,3.0176,3.0176,3.0165,3.0167,36212,109253.2896
2025-08-19 17:28:00+08:00,3.0167,3.0175,3.0151,3.0151,64402,194279.6936
2025-08-19 17:29:00+08:00,3.0151,3.0184,3.0151,3.0171,453146,1366985.7234
2025-08-19 17:30:00+08:00,3.0171,3.0197,3.0158,3.0197,484200,1461520.0544
2025-08-19 17:31:00+08:00,3.0197,3.0208,3.0174,3.0174,258892,781585.8884
2025-08-19 17:32:00+08:00,3.0174,3.0223,3.0162,3.0212,815624,2462391.1134
2025-08-19 17:33:00+08:00,3.0212,3.0212,3.0174,3.0183,268736,811298.0186
2025-08-19 17:34:00+08:00,3.0183,3.0191,3.0177,3.018,110408,333231.0496
2025-08-19 17:35:00+08:00,3.018,3.0192,3.0168,3.0176,74814,225782.3728
2025-08-19 17:36:00+08:00,3.0176,3.0185,3.0167,3.0167,46852,141375.9188
2025-08-19 17:37:00+08:00,3.0167,3.0201,3.016,3.0195,300924,908634.9518
2025-08-19 17:38:00+08:00,3.0195,3.0196,3.0154,3.0154,94240,284320.0716
2025-08-19 17:39:00+08:00,3.0154,3.0159,3.0144,3.0149,116530,351335.0814
2025-08-19 17:40:00+08:00,3.0149,3.0149,3.012,3.012,220748,665239.0606
2025-08-19 17:41:00+08:00,3.012,3.0125,3.011,3.0124,115084,346561.801
2025-08-19 17:42:00+08:00,3.0124,3.0129,3.0087,3.0087,410996,1237081.6698
2025-08-19 17:43:00+08:00,3.0087,3.0114,3.0087,3.0114,167546,504223.8434
2025-08-19 17:44:00+08:00,3.0114,3.0122,3.01,3.0101,94064,283208.7378
2025-08-19 17:45:00+08:00,3.0101,3.013,3.01,3.0119,199966,602185.0572
2025-08-19 17:46:00+08:00,3.0119,3.0119,3.0092,3.0092,208558,627930.5704
2025-08-19 17:47:00+08:00,3.0092,3.0102,3.0084,3.0096,72286,217510.9502
2025-08-19 17:48:00+08:00,3.0096,3.0101,3.0078,3.0079,59790,179890.4098
2025-08-19 17:49:00+08:00,3.0079,3.0087,3.0077,3.0082,135798,408537.7038
2025-08-19 17:50:00+08:00,3.0082,3.0083,3.0077,3.0077,49978,150341.9204
2025-08-19 17:51:00+08:00,3.0077,3.0101,3.0076,3.01,74748,224969.433
2025-08-19 17:52:00+08:00,3.01,3.0123,3.0095,3.0122,36334,109413.8126
2025-08-19 17:53:00+08:00,3.0122,3.0122,3.0107,3.012,14308,43084.4672
2025-08-19 17:54:00+08:00,3.012,3.0139,3.012,3.0138,59260,178543.2074
2025-08-19 17:55:00+08:00,3.0138,3.0139,3.0123,3.0131,40950,123382.012
2025-08-19 17:56:00+08:00,3.0131,3.0143,3.0131,3.0142,28102,84688.833
2025-08-19 17:57:00+08:00,3.0142,3.0155,3.0135,3.0153,14354,43275.7888
2025-08-19 17:58:00+08:00,3.0153,3.0158,3.0142,3.0158,59642,179844.196
2025-08-19 17:59:00+08:00,3.0158,3.0164,3.0149,3.0164,31966,96418.0962
2025-08-19 18:00:00+08:00,3.0164,3.017,3.0153,3.0169,169102,510102.4444
2025-08-19 18:01:00+08:00,3.0169,3.0169,3.0143,3.0143,82908,249977.8798
2025-08-19 18:02:00+08:00,3.0143,3.0156,3.0143,3.0154,40292,121479.6596
2025-08-19 18:03:00+08:00,3.0154,3.0167,3.015,3.0156,24302,73292.391
2025-08-19 18:04:00+08:00,3.0156,3.0156,3.0139,3.014,70212,211658.7136
2025-08-19 18:05:00+08:00,3.014,3.0187,3.014,3.0183,140802,424753.5982
2025-08-19 18:06:00+08:00,3.0183,3.0183,3.0172,3.0175,54212,163613.1002
2025-08-19 18:07:00+08:00,3.0175,3.0183,3.0145,3.0175,1904772,5744149.3284
2025-08-19 18:08:00+08:00,3.0175,3.0175,3.0151,3.0151,36862,111177.6086
2025-08-19 18:09:00+08:00,3.0151,3.0154,3.0139,3.0154,74190,223643.8966
2025-08-19 18:10:00+08:00,3.0154,3.0166,3.0149,3.0151,59030,177993.525
2025-08-19 18:11:00+08:00,3.0151,3.0159,3.0139,3.0139,29124,87812.8184
2025-08-19 18:12:00+08:00,3.0139,3.0139,3.0119,3.0119,32360,97488.8128
2025-08-19 18:13:00+08:00,3.0119,3.0128,3.0099,3.011,267644,805930.098
2025-08-19 18:14:00+08:00,3.011,3.013,3.0105,3.0118,51312,154520.8056
2025-08-19 18:15:00+08:00,3.0118,3.0142,3.0109,3.0142,104974,316175.5798
2025-08-19 18:16:00+08:00,3.0142,3.0153,3.0117,3.0132,14218,42859.167
2025-08-19 18:17:00+08:00,3.0132,3.015,3.0127,3.015,25602,77165.5972
2025-08-19 18:18:00+08:00,3.015,3.016,3.0138,3.0143,10156,30619.31
2025-08-19 18:19:00+08:00,3.0143,3.0143,3.0129,3.014,31856,95996.8954
2025-08-19 18:20:00+08:00,3.014,3.016,3.014,3.0142,21114,63664.334
2025-08-19 18:21:00+08:00,3.0142,3.0155,3.0141,3.0145,38912,117314.2134
2025-08-19 18:22:00+08:00,3.0145,3.0145,3.0136,3.0144,248116,747800.5022
2025-08-19 18:23:00+08:00,3.0144,3.0147,3.0115,3.0119,79154,238520.9734
2025-08-19 18:24:00+08:00,3.0119,3.0131,3.0119,3.0131,36030,108540.2568
2025-08-19 18:25:00+08:00,3.0131,3.0151,3.0124,3.015,65010,195925.1984
2025-08-19 18:26:00+08:00,3.015,3.0158,3.0131,3.0132,76018,229207.059
2025-08-19 18:27:00+08:00,3.0132,3.0158,3.0132,3.0158,49336,148747.4774
2025-08-19 18:28:00+08:00,3.0158,3.0158,3.0131,3.0132,136772,412272.6112
2025-08-19 18:29:00+08:00,3.0132,3.0135,3.0129,3.0131,15668,47207.983
2025-08-19 18:30:00+08:00,3.0131,3.0131,3.0098,3.0098,184860,556581.5554
2025-08-19 18:31:00+08:00,3.0098,3.011,3.0093,3.0102,357060,1074887.814
2025-08-19 18:32:00+08:00,3.0102,3.0117,3.01,3.01,158930,478519.5304
2025-08-19 18:33:00+08:00,3.01,3.0113,3.0095,3.0109,62442,187978.0744
2025-08-19 18:34:00+08:00,3.0109,3.0129,3.0107,3.0118,35982,108359.9996
2025-08-19 18:35:00+08:00,3.0118,3.0122,3.0102,3.0105,71894,216489.849
2025-08-19 18:36:00+08:00,3.0105,3.0131,3.0105,3.0131,72558,218586.3104
2025-08-19 18:37:00+08:00,3.0131,3.015,3.0128,3.015,52056,156930.66
2025-08-19 18:38:00+08:00,3.015,3.0178,3.015,3.0178,161124,486124.574
2025-08-19 18:39:00+08:00,3.0178,3.0229,3.0177,3.0221,766782,2316005.0318
2025-08-19 18:40:00+08:00,3.0221,3.0235,3.0204,3.0211,108778,328750.4212
2025-08-19 18:41:00+08:00,3.0211,3.0235,3.0193,3.0193,180272,544708.8028
2025-08-19 18:42:00+08:00,3.0193,3.0201,3.018,3.018,51024,154065.0796
2025-08-19 18:43:00+08:00,3.018,3.0192,3.0177,3.018,105230,317646.8668
2025-08-19 18:44:00+08:00,3.018,3.018,3.0162,3.018,96598,291448.4194
2025-08-19 18:45:00+08:00,3.018,3.0189,3.0163,3.0164,73942,223126.9764
2025-08-19 18:46:00+08:00,3.0164,3.0168,3.0124,3.0124,202632,610816.526
2025-08-19 18:47:00+08:00,3.0124,3.0147,3.0117,3.0143,327786,987734.1424
2025-08-19 18:48:00+08:00,3.0143,3.0156,3.0133,3.0133,43180,130172.3584
2025-08-19 18:49:00+08:00,3.0133,3.0143,3.0132,3.0142,30850,92977.5858
2025-08-19 18:50:00+08:00,3.0142,3.0143,3.0108,3.0108,53848,162239.8278
2025-08-19 18:51:00+08:00,3.0108,3.0108,3.0086,3.01,253234,762028.9832
2025-08-19 18:52:00+08:00,3.01,3.0118,3.0099,3.0118,143466,431946.719
2025-08-19 18:53:00+08:00,3.0118,3.0123,3.0115,3.0119,74868,225484.819
2025-08-19 18:54:00+08:00,3.0119,3.0123,3.0108,3.0109,26984,81278.1176
2025-08-19 18:55:00+08:00,3.0109,3.0123,3.0103,3.0123,150128,452053.9872
2025-08-19 18:56:00+08:00,3.0123,3.0123,3.0104,3.0109,9382,28252.0472
2025-08-19 18:57:00+08:00,3.0109,3.0117,3.0104,3.0109,36756,110653.9996
2025-08-19 18:58:00+08:00,3.0109,3.0112,3.0108,3.0112,35820,107854.6526
2025-08-19 18:59:00+08:00,3.0112,3.0117,3.0103,3.0112,45652,137451.7152
2025-08-19 19:00:00+08:00,3.0112,3.0132,3.0112,3.0131,40936,123327.4478
2025-08-19 19:01:00+08:00,3.0131,3.0131,3.0106,3.0106,24612,74120.7178
2025-08-19 19:02:00+08:00,3.0106,3.0106,3.0093,3.01,115020,346170.1062
2025-08-19 19:03:00+08:00,3.01,3.0105,3.0093,3.0101,171100,515007.1236
2025-08-19 19:04:00+08:00,3.0101,3.0101,3.008,3.008,101786,306265.5
2025-08-19 19:05:00+08:00,3.008,3.0081,3.0063,3.0073,336740,1012600.3268
2025-08-19 19:06:00+08:00,3.0073,3.0084,3.0068,3.0078,10814,32525.897
2025-08-19 19:07:00+08:00,3.0078,3.0079,3.0068,3.0076,152584,458885.3606
2025-08-19 19:08:00+08:00,3.0076,3.0093,3.0076,3.0079,80120,241072.186
2025-08-19 19:09:00+08:00,3.0079,3.008,3.0072,3.0077,171072,514549.0388
2025-08-19 19:10:00+08:00,3.0077,3.0088,3.0065,3.0066,57260,172188.8536
2025-08-19 19:11:00+08:00,3.0066,3.0091,3.0066,3.0091,100486,302236.1856
2025-08-19 19:12:00+08:00,3.0091,3.0091,3.0074,3.0084,17814,53600.2002
2025-08-19 19:13:00+08:00,3.0084,3.0097,3.0084,3.0097,60248,181299.233
2025-08-19 19:14:00+08:00,3.0097,3.0102,3.0097,3.0101,69428,208982.2764
2025-08-19 19:15:00+08:00,3.0101,3.0112,3.0088,3.0112,207874,625703.5478
2025-08-19 19:16:00+08:00,3.0112,3.0112,3.0091,3.0093,60186,181161.9336
2025-08-19 19:17:00+08:00,3.0093,3.0112,3.0093,3.0112,14820,44612.3622
2025-08-19 19:18:00+08:00,3.0112,3.0115,3.0095,3.0095,98246,295722.9104
2025-08-19 19:19:00+08:00,3.0095,3.0095,3.0082,3.0094,17244,51888.421
2025-08-19 19:20:00+08:00,3.0094,3.0119,3.0094,3.0119,7570,22788.312
2025-08-19 19:21:00+08:00,3.0119,3.0119,3.0102,3.0114,105196,316758.7324
2025-08-19 19:22:00+08:00,3.0114,3.0162,3.0114,3.0162,162734,490387.0352
2025-08-19 19:23:00+08:00,3.0162,3.0181,3.0139,3.0149,162434,489907.4014
2025-08-19 19:24:00+08:00,3.0149,3.0151,3.0145,3.015,55312,166749.078
2025-08-19 19:25:00+08:00,3.015,3.0155,3.0142,3.0155,172590,520400.2556
2025-08-19 19:26:00+08:00,3.0155,3.0165,3.0154,3.0165,13196,39793.688
2025-08-19 19:27:00+08:00,3.0165,3.0177,3.0144,3.0145,522588,1576743.0638
2025-08-19 19:28:00+08:00,3.0145,3.0145,3.0128,3.013,95560,287993.1774
2025-08-19 19:29:00+08:00,3.013,3.0144,3.013,3.0138,71366,215074.5768
2025-08-19 19:30:00+08:00,3.0138,3.0151,3.013,3.0151,28988,87379.4696
2025-08-19 19:31:00+08:00,3.0151,3.0162,3.0132,3.0159,95198,287003.1738
2025-08-19 19:32:00+08:00,3.0159,3.0171,3.0152,3.0166,178650,538963.3048
2025-08-19 19:33:00+08:00,3.0166,3.0166,3.0153,3.0163,76678,231244.1654
2025-08-19 19:34:00+08:00,3.0163,3.0163,3.0133,3.0134,99174,298931.4872
2025-08-19 19:35:00+08:00,3.0134,3.0144,3.0121,3.0128,87566,263924.4604
2025-08-19 19:36:00+08:00,3.0128,3.0137,3.0128,3.0136,8902,26826.3492
2025-08-19 19:37:00+08:00,3.0136,3.0139,3.0126,3.0127,165276,498093.132
2025-08-19 19:38:00+08:00,3.0127,3.0127,3.011,3.011,34126,102776.6548
2025-08-19 19:39:00+08:00,3.011,3.0111,3.0094,3.0094,37210,112011.4984
2025-08-19 19:40:00+08:00,3.0094,3.0096,3.0085,3.0095,319082,960135.8906
2025-08-19 19:41:00+08:00,3.0095,3.0109,3.0088,3.0109,72014,216714.1804
2025-08-19 19:42:00+08:00,3.0109,3.0115,3.0097,3.0104,22750,68489.9848
2025-08-19 19:43:00+08:00,3.0104,3.0104,3.0063,3.0063,180794,543949.0426
2025-08-19 19:44:00+08:00,3.0063,3.0078,3.0063,3.0071,138402,416165.9298
2025-08-19 19:45:00+08:00,3.0071,3.0079,3.0057,3.0064,74192,223052.1018
2025-08-19 19:46:00+08:00,3.0064,3.0097,3.0064,3.0097,68356,205635.4728
2025-08-19 19:47:00+08:00,3.0097,3.0119,3.0097,3.0118,11748,35367.309
2025-08-19 19:48:00+08:00,3.0118,3.0125,3.0107,3.0119,137054,412748.6188
2025-08-19 19:49:00+08:00,3.0119,3.012,3.0108,3.0115,43466,130886.8174
2025-08-19 19:50:00+08:00,3.0115,3.0115,3.009,3.0093,176468,531197.231
2025-08-19 19:51:00+08:00,3.0093,3.0115,3.0093,3.0112,53564,161285.4294
2025-08-19 19:52:00+08:00,3.0112,3.0119,3.0111,3.0112,14116,42507.9666
2025-08-19 19:53:00+08:00,3.0112,3.0137,3.0111,3.0136,35678,107489.3316
2025-08-19 19:54:00+08:00,3.0136,3.0136,3.0114,3.012,59728,179888.9474
2025-08-19 19:55:00+08:00,3.012,3.0122,3.0107,3.0107,27300,82214.0092
2025-08-19 19:56:00+08:00,3.0107,3.0156,3.0107,3.0156,115326,347542.0064
2025-08-19 19:57:00+08:00,3.0156,3.0164,3.0147,3.0148,94866,286086.1866
2025-08-19 19:58:00+08:00,3.0148,3.0165,3.0148,3.0157,233814,705226.5752
2025-08-19 19:59:00+08:00,3.0157,3.0161,3.0142,3.0146,156672,472317.4794
2025-08-19 20:00:00+08:00,3.0146,3.0146,3.0134,3.0134,39276,118368.61
2025-08-19 20:01:00+08:00,3.0134,3.0141,3.0123,3.0139,28868,86991.4618
2025-08-19 20:02:00+08:00,3.0139,3.015,3.0136,3.0143,25842,77894.4816
2025-08-19 20:03:00+08:00,3.0143,3.0149,3.0135,3.0135,22012,66352.6962
2025-08-19 20:04:00+08:00,3.0135,3.0137,3.0114,3.0116,73368,220982.7434
2025-08-19 20:05:00+08:00,3.0116,3.012,3.0109,3.0113,99706,300254.0514
2025-08-19 20:06:00+08:00,3.0113,3.0113,3.01,3.01,26834,80778.2098
2025-08-19 20:07:00+08:00,3.01,3.0111,3.0096,3.0111,11684,35173.0886
2025-08-19 20:08:00+08:00,3.0111,3.012,3.0103,3.0106,116088,349621.4216
2025-08-19 20:09:00+08:00,3.0106,3.012,3.0106,3.0116,59708,179804.1722
2025-08-19 20:10:00+08:00,3.0116,3.0124,3.0109,3.0124,43292,130375.1068
2025-08-19 20:11:00+08:00,3.0124,3.0135,3.0123,3.0134,24346,73359.0914
2025-08-19 20:12:00+08:00,3.0134,3.0135,3.0117,3.013,68392,206016.5456
2025-08-19 20:13:00+08:00,3.013,3.014,3.0127,3.0139,101486,305808.509
2025-08-19 20:14:00+08:00,3.0139,3.0141,3.0115,3.0116,30444,91716.165
2025-08-19 20:15:00+08:00,3.0116,3.0137,3.0116,3.0137,52396,157881.049
2025-08-19 20:16:00+08:00,3.0137,3.0137,3.0107,3.0107,34652,104392.3496
2025-08-19 20:17:00+08:00,3.0107,3.0123,3.0107,3.0123,72540,218481.9164
2025-08-19 20:18:00+08:00,3.0123,3.0128,3.0115,3.0116,197262,594302.1796
2025-08-19 20:19:00+08:00,3.0116,3.0116,3.0101,3.0108,84582,254631.5858
2025-08-19 20:20:00+08:00,3.0108,3.013,3.0108,3.0127,80360,242077.1418
2025-08-19 20:21:00+08:00,3.0127,3.0133,3.0115,3.0127,5448,16409.477
2025-08-19 20:22:00+08:00,3.0127,3.0127,3.0113,3.0113,33414,100631.0756
2025-08-19 20:23:00+08:00,3.0113,3.0136,3.0113,3.0136,71492,215323.2678
2025-08-19 20:24:00+08:00,3.0136,3.015,3.0133,3.0146,64940,195755.198
2025-08-19 20:25:00+08:00,3.0146,3.0147,3.0124,3.0132,151902,457895.359
2025-08-19 20:26:00+08:00,3.0132,3.0153,3.0131,3.0141,16428,49521.3256
2025-08-19 20:27:00+08:00,3.0141,3.0171,3.014,3.0171,188194,567574.1224
2025-08-19 20:28:00+08:00,3.0171,3.0171,3.0147,3.0147,43162,130159.4606
2025-08-19 20:29:00+08:00,3.0147,3.016,3.0147,3.0156,106392,320834.5796
2025-08-19 20:30:00+08:00,3.0156,3.0157,3.0117,3.0118,69116,208382.9428
2025-08-19 20:31:00+08:00,3.0118,3.0121,3.0105,3.0117,207378,624401.9222
2025-08-19 20:32:00+08:00,3.0117,3.0127,3.0107,3.0107,134000,403541.3904
2025-08-19 20:33:00+08:00,3.0107,3.0113,3.0086,3.0098,370088,1113738.5966
2025-08-19 20:34:00+08:00,3.0098,3.0105,3.0087,3.0088,121400,365352.6808
2025-08-19 20:35:00+08:00,3.0088,3.0098,3.0082,3.0098,142600,429016.575
2025-08-19 20:36:00+08:00,3.0098,3.0108,3.0098,3.0104,37944,114222.7764
2025-08-19 20:37:00+08:00,3.0104,3.0109,3.0103,3.0103,29616,89156.1192
2025-08-19 20:38:00+08:00,3.0103,3.0117,3.0096,3.0114,34392,103563.8874
2025-08-19 20:39:00+08:00,3.0114,3.0129,3.0114,3.0125,44348,133589.7626
2025-08-19 20:40:00+08:00,3.0125,3.014,3.0125,3.0132,154058,464249.8586
2025-08-19 20:41:00+08:00,3.0132,3.0146,3.0128,3.0143,67422,203204.3242
2025-08-19 20:42:00+08:00,3.0143,3.0145,3.0132,3.0134,13578,40925.3734
2025-08-19 20:43:00+08:00,3.0134,3.0134,3.0102,3.0102,123972,373318.8948
2025-08-19 20:44:00+08:00,3.0102,3.0117,3.0102,3.0117,12606,37954.2066
2025-08-19 20:45:00+08:00,3.0117,3.0126,3.0086,3.0089,15766,47458.0802
2025-08-19 20:46:00+08:00,3.0089,3.0092,3.0059,3.0066,510390,1534665.67
2025-08-19 20:47:00+08:00,3.0066,3.0076,3.0058,3.0069,142184,427514.3418
2025-08-19 20:48:00+08:00,3.0069,3.0076,3.0059,3.0061,217832,655058.0688
2025-08-19 20:49:00+08:00,3.0061,3.0062,3.0026,3.0036,835642,2510403.4578
2025-08-19 20:50:00+08:00,3.0036,3.0072,3.0036,3.0067,107938,324509.4418
2025-08-19 20:51:00+08:00,3.0067,3.0081,3.0061,3.0061,73026,219593.097
2025-08-19 20:52:00+08:00,3.0061,3.0072,3.0055,3.0064,236420,710807.8632
2025-08-19 20:53:00+08:00,3.0064,3.0065,3.0055,3.0065,103786,311991.0054
2025-08-19 20:54:00+08:00,3.0065,3.0087,3.0065,3.008,78654,236538.7296
2025-08-19 20:55:00+08:00,3.008,3.0118,3.008,3.0111,149060,448827.2108
2025-08-19 20:56:00+08:00,3.0111,3.0138,3.011,3.011,149504,450444.4142
2025-08-19 20:57:00+08:00,3.011,3.0116,3.0091,3.0116,64892,195338.9726
2025-08-19 20:58:00+08:00,3.0116,3.0132,3.0113,3.0122,137632,414598.371
2025-08-19 20:59:00+08:00,3.0122,3.0122,3.0116,3.0121,93306,281012.7792
2025-08-19 21:00:00+08:00,3.0121,3.0122,3.0104,3.0117,29950,90185.7568
2025-08-19 21:01:00+08:00,3.0117,3.0117,3.008,3.0083,52270,157301.1598
2025-08-19 21:02:00+08:00,3.0083,3.0104,3.0082,3.0101,31388,94452.4452
2025-08-19 21:03:00+08:00,3.0101,3.0101,3.0077,3.0093,29564,88943.3836
2025-08-19 21:04:00+08:00,3.0093,3.0093,3.0084,3.0086,71198,214220.9684
2025-08-19 21:05:00+08:00,3.0086,3.0086,3.0072,3.0079,51578,155142.0088
2025-08-19 21:06:00+08:00,3.0079,3.0083,3.006,3.006,119970,360790.8442
2025-08-19 21:07:00+08:00,3.006,3.0079,3.0059,3.0079,92334,277653.9004
2025-08-19 21:08:00+08:00,3.0079,3.0085,3.0075,3.0083,27224,81892.1388
2025-08-19 21:09:00+08:00,3.0083,3.0085,3.007,3.007,42888,128970.4988
2025-08-19 21:10:00+08:00,3.007,3.0084,3.0054,3.0061,41630,125180.3078
2025-08-19 21:11:00+08:00,3.0061,3.0062,3.0048,3.0049,21102,63417.9312
2025-08-19 21:12:00+08:00,3.0049,3.0061,3.0046,3.006,119920,360355.5464
2025-08-19 21:13:00+08:00,3.006,3.0064,3.0049,3.005,24066,72341.277
2025-08-19 21:14:00+08:00,3.005,3.0053,3.0042,3.0042,31452,94509.045
2025-08-19 21:15:00+08:00,3.0042,3.005,3.0034,3.0041,147678,443632.3922
2025-08-19 21:16:00+08:00,3.0041,3.0058,3.0039,3.0039,43638,131127.3362
2025-08-19 21:17:00+08:00,3.0039,3.006,3.0039,3.006,43048,129356.5458
2025-08-19 21:18:00+08:00,3.006,3.0107,3.0056,3.0074,82778,249091.9446
2025-08-19 21:19:00+08:00,3.0074,3.011,3.0074,3.009,88176,265402.9864
2025-08-19 21:20:00+08:00,3.009,3.0133,3.009,3.0128,109812,330699.4454
2025-08-19 21:21:00+08:00,3.0128,3.0128,3.0102,3.0106,182092,548350.0976
2025-08-19 21:22:00+08:00,3.0106,3.0106,3.0086,3.0104,57708,173705.427
2025-08-19 21:23:00+08:00,3.0104,3.0131,3.0104,3.0131,48794,146986.515
2025-08-19 21:24:00+08:00,3.0131,3.0154,3.0129,3.0153,147398,444228.1758
2025-08-19 21:25:00+08:00,3.0153,3.0246,3.0143,3.0244,646004,1950602.9708
2025-08-19 21:26:00+08:00,3.0244,3.0252,3.0222,3.0246,820742,2481637.2224
2025-08-19 21:27:00+08:00,3.0246,3.0285,3.0245,3.0257,482324,1459742.1708
2025-08-19 21:28:00+08:00,3.0257,3.0257,3.0229,3.0234,225090,680700.7818
2025-08-19 21:29:00+08:00,3.0234,3.0255,3.0222,3.0229,130328,394102.2176
2025-08-19 21:30:00+08:00,3.0229,3.037,3.0207,3.035,1289452,3909289.0516
2025-08-19 21:31:00+08:00,3.035,3.035,3.0223,3.025,1303980,3947104.8802
2025-08-19 21:32:00+08:00,3.025,3.025,3.011,3.0123,2333966,7040783.0996
2025-08-19 21:33:00+08:00,3.0123,3.0155,3.0067,3.0068,940890,2832991.0324
2025-08-19 21:34:00+08:00,3.0068,3.01,3.0015,3.01,828650,2491007.3306
2025-08-19 21:35:00+08:00,3.01,3.0119,3.0022,3.0028,356000,1070785.8564
2025-08-19 21:36:00+08:00,3.0028,3.0123,3.0026,3.011,413870,1244768.3306
2025-08-19 21:37:00+08:00,3.011,3.0142,3.009,3.0138,105120,316492.1354
2025-08-19 21:38:00+08:00,3.0138,3.0151,3.0094,3.0114,235056,708118.43
2025-08-19 21:39:00+08:00,3.0114,3.0116,3.0048,3.005,306264,921145.719
2025-08-19 21:40:00+08:00,3.005,3.0096,3.0048,3.0048,169044,508358.5912
2025-08-19 21:41:00+08:00,3.0048,3.0069,3.0037,3.0037,249070,748482.1536
2025-08-19 21:42:00+08:00,3.0037,3.0066,3.0024,3.0024,303996,913210.9592
2025-08-19 21:43:00+08:00,3.0024,3.0025,2.9924,2.9928,1984344,5945932.3918
2025-08-19 21:44:00+08:00,2.9928,2.9934,2.9886,2.9897,1101790,3294862.1118
2025-08-19 21:45:00+08:00,2.9897,2.9941,2.9892,2.9892,614756,1839046.7146
2025-08-19 21:46:00+08:00,2.9892,2.9911,2.985,2.9859,1078346,3221633.6896
2025-08-19 21:47:00+08:00,2.9859,2.9917,2.9834,2.989,2282344,6812910.4868
2025-08-19 21:48:00+08:00,2.989,2.9939,2.9871,2.9923,425146,1271417.2006
2025-08-19 21:49:00+08:00,2.9923,2.9947,2.9915,2.9936,362676,1085658.324
2025-08-19 21:50:00+08:00,2.9936,2.9964,2.9897,2.9907,649470,1944424.744
2025-08-19 21:51:00+08:00,2.9907,2.9983,2.9903,2.9981,474482,1421501.53
2025-08-19 21:52:00+08:00,2.9981,2.999,2.9917,2.9946,402740,1206210.3786
2025-08-19 21:53:00+08:00,2.9946,3.0049,2.9946,3.0044,1117888,3354134.6406
2025-08-19 21:54:00+08:00,3.0044,3.0079,3.0032,3.0038,1311920,3942447.8358
2025-08-19 21:55:00+08:00,3.0038,3.0078,3.0007,3.0014,453438,1362645.8168
2025-08-19 21:56:00+08:00,3.0014,3.0072,3.0004,3.0041,81702,245416.2042
2025-08-19 21:57:00+08:00,3.0041,3.0043,3.0014,3.0028,132460,397737.558
2025-08-19 21:58:00+08:00,3.0028,3.0029,2.999,3.0006,300420,901402.564
2025-08-19 21:59:00+08:00,3.0006,3.0016,2.9971,2.9983,216968,650755.6846
2025-08-19 22:00:00+08:00,2.9983,3.0019,2.9983,3.001,294220,882673.1274
2025-08-19 22:01:00+08:00,3.001,3.0065,3.001,3.0048,259838,780724.1468
2025-08-19 22:02:00+08:00,3.0048,3.0052,3.0029,3.003,222026,666884.214
2025-08-19 22:03:00+08:00,3.003,3.0034,3.0003,3.0023,230836,692993.9264
2025-08-19 22:04:00+08:00,3.0023,3.006,3.0023,3.0051,194362,583846.3862
2025-08-19 22:05:00+08:00,3.0051,3.0051,3.0016,3.0019,129072,387609.7884
2025-08-19 22:06:00+08:00,3.0019,3.0033,2.997,2.997,264266,792624.3448
2025-08-19 22:07:00+08:00,2.997,3.001,2.9963,2.9993,115902,347554.554
2025-08-19 22:08:00+08:00,2.9993,2.9993,2.9935,2.9941,125924,377331.8052
2025-08-19 22:09:00+08:00,2.9941,2.9976,2.9939,2.9969,152876,458118.256
2025-08-19 22:10:00+08:00,2.9969,2.9979,2.9922,2.9922,57334,171667.061
2025-08-19 22:11:00+08:00,2.9922,2.9932,2.99,2.99,549918,1644780.5696
2025-08-19 22:12:00+08:00,2.99,2.9948,2.99,2.9903,143610,429787.7092
2025-08-19 22:13:00+08:00,2.9903,2.9942,2.9901,2.991,165216,494235.8502
2025-08-19 22:14:00+08:00,2.991,2.991,2.9866,2.9882,564780,1687871.679
2025-08-19 22:15:00+08:00,2.9882,2.9895,2.9859,2.986,157144,469512.7464
2025-08-19 22:16:00+08:00,2.986,2.9868,2.98,2.9809,876956,2615674.1354
2025-08-19 22:17:00+08:00,2.9809,2.9841,2.98,2.9801,566030,1688092.733
2025-08-19 22:18:00+08:00,2.9801,2.9833,2.9801,2.9812,223976,667776.6044
2025-08-19 22:19:00+08:00,2.9812,2.9829,2.9788,2.9799,310044,923899.5268
2025-08-19 22:20:00+08:00,2.9799,2.9829,2.9788,2.9807,216088,643933.4484
2025-08-19 22:21:00+08:00,2.9807,2.9835,2.977,2.9786,403610,1202122.6184
2025-08-19 22:22:00+08:00,2.9786,2.9786,2.9755,2.9756,332052,988396.0654
2025-08-19 22:23:00+08:00,2.9756,2.978,2.975,2.9752,437582,1302378.8184
2025-08-19 22:24:00+08:00,2.9752,2.9767,2.9752,2.9759,203828,606554.4532
2025-08-19 22:25:00+08:00,2.9759,2.9783,2.9724,2.9727,510884,1520153.5892
2025-08-19 22:26:00+08:00,2.9727,2.9748,2.9706,2.9706,448060,1331970.3432
2025-08-19 22:27:00+08:00,2.9706,2.9706,2.9567,2.9567,2766034,8200745.5292
2025-08-19 22:28:00+08:00,2.9567,2.9586,2.9534,2.9542,1280596,3784514.1706
2025-08-19 22:29:00+08:00,2.9542,2.9543,2.9477,2.9477,1223624,3610510.0382
2025-08-19 22:30:00+08:00,2.9477,2.956,2.9477,2.9505,1884714,5566265.514
2025-08-19 22:31:00+08:00,2.9505,2.9512,2.9412,2.9469,2144686,6316323.517
2025-08-19 22:32:00+08:00,2.9469,2.9605,2.9469,2.9587,2024424,5983193.6746
2025-08-19 22:33:00+08:00,2.9587,2.9606,2.955,2.9599,827618,2448545.5416
2025-08-19 22:34:00+08:00,2.9599,2.9603,2.9562,2.9582,747966,2212558.1014
2025-08-19 22:35:00+08:00,2.9582,2.9594,2.9531,2.9558,488390,1443626.0906
2025-08-19 22:36:00+08:00,2.9558,2.9573,2.9503,2.9514,390382,1152525.8932
2025-08-19 22:37:00+08:00,2.9514,2.9544,2.9514,2.9526,562628,1661546.9642
2025-08-19 22:38:00+08:00,2.9526,2.954,2.949,2.9492,504528,1488921.7248
2025-08-19 22:39:00+08:00,2.9492,2.9528,2.9482,2.9506,129484,382011.8256
2025-08-19 22:40:00+08:00,2.9506,2.9517,2.9453,2.9458,339734,1001292.5326
2025-08-19 22:41:00+08:00,2.9458,2.9469,2.9352,2.9355,1705956,5016548.9464
2025-08-19 22:42:00+08:00,2.9355,2.9425,2.9329,2.9358,2019540,5931982.966
2025-08-19 22:43:00+08:00,2.9358,2.9421,2.9357,2.9374,482186,1417247.2602
2025-08-19 22:44:00+08:00,2.9374,2.9457,2.9359,2.9443,612926,1803228.7996
2025-08-19 22:45:00+08:00,2.9443,2.9443,2.9383,2.9385,386986,1138498.8704
2025-08-19 22:46:00+08:00,2.9385,2.9444,2.9373,2.9416,773796,2275857.1084
2025-08-19 22:47:00+08:00,2.9416,2.9433,2.937,2.9378,321838,946342.779
2025-08-19 22:48:00+08:00,2.9378,2.938,2.9302,2.9306,2484110,7282890.915
2025-08-19 22:49:00+08:00,2.9306,2.9407,2.9306,2.9383,518596,1521888.704
2025-08-19 22:50:00+08:00,2.9383,2.9437,2.938,2.9392,434098,1276693.1726
2025-08-19 22:51:00+08:00,2.9392,2.9476,2.9392,2.9459,1035844,3050386.5022
2025-08-19 22:52:00+08:00,2.9459,2.9488,2.9457,2.9484,635928,1874670.9916
2025-08-19 22:53:00+08:00,2.9484,2.9491,2.9459,2.9472,1187282,3500149.051
2025-08-19 22:54:00+08:00,2.9472,2.948,2.9455,2.9476,596838,1758805.9334
2025-08-19 22:55:00+08:00,2.9476,2.9476,2.9445,2.9451,1126658,3319246.9408
2025-08-19 22:56:00+08:00,2.9451,2.947,2.9424,2.9464,383772,1130240.2444
2025-08-19 22:57:00+08:00,2.9464,2.9482,2.9437,2.9437,133938,394504.4142
2025-08-19 22:58:00+08:00,2.9437,2.9455,2.9417,2.942,275768,811535.9756
2025-08-19 22:59:00+08:00,2.942,2.9437,2.9413,2.9415,198514,584030.575
2025-08-19 23:00:00+08:00,2.9415,2.9472,2.9415,2.9441,334782,986056.2522
2025-08-19 23:01:00+08:00,2.9441,2.9487,2.9422,2.9453,203178,598415.594
2025-08-19 23:02:00+08:00,2.9453,2.9493,2.9444,2.9447,434142,1279250.3594
2025-08-19 23:03:00+08:00,2.9447,2.9479,2.9438,2.9479,237178,698762.5632
2025-08-19 23:04:00+08:00,2.9479,2.948,2.9441,2.9441,133668,393793.0234
2025-08-19 23:05:00+08:00,2.9441,2.9449,2.9404,2.9405,392676,1155263.247
2025-08-19 23:06:00+08:00,2.9405,2.9445,2.9405,2.9414,132622,390253.9242
2025-08-19 23:07:00+08:00,2.9414,2.9442,2.9322,2.9374,2590952,7604803.15
2025-08-19 23:08:00+08:00,2.9374,2.9479,2.9374,2.9441,734154,2162225.8528
2025-08-19 23:09:00+08:00,2.9441,2.9459,2.9427,2.9442,590416,1738127.1094
2025-08-19 23:10:00+08:00,2.9442,2.9458,2.9406,2.9455,1141576,3359921.599
2025-08-19 23:11:00+08:00,2.9455,2.946,2.9403,2.941,596494,1756186.7194
2025-08-19 23:12:00+08:00,2.941,2.9446,2.9407,2.9429,283184,833223.2894
2025-08-19 23:13:00+08:00,2.9429,2.9476,2.942,2.9465,381366,1123749.9926
2025-08-19 23:14:00+08:00,2.9465,2.9474,2.9451,2.9453,264478,779259.8
2025-08-19 23:15:00+08:00,2.9453,2.949,2.9453,2.9462,290962,857854.498
2025-08-19 23:16:00+08:00,2.9462,2.949,2.9448,2.949,81230,239325.0132
2025-08-19 23:17:00+08:00,2.949,2.9536,2.949,2.949,1938570,5721440.024
2025-08-19 23:18:00+08:00,2.949,2.9499,2.947,2.9497,943978,2782441.8392
2025-08-19 23:19:00+08:00,2.9497,2.9497,2.9471,2.9488,240796,709931.4242
2025-08-19 23:20:00+08:00,2.9488,2.9529,2.9483,2.9529,306378,903987.5838
2025-08-19 23:21:00+08:00,2.9529,2.9546,2.9517,2.9546,352778,1041828.6968
2025-08-19 23:22:00+08:00,2.9546,2.956,2.951,2.9516,378642,1118375.6372
2025-08-19 23:23:00+08:00,2.9516,2.957,2.9503,2.9568,195832,578869.659
2025-08-19 23:24:00+08:00,2.9568,2.961,2.9566,2.9602,354774,1049967.6866
2025-08-19 23:25:00+08:00,2.9602,2.9604,2.9565,2.958,236800,700572.3602
2025-08-19 23:26:00+08:00,2.958,2.9623,2.958,2.9611,213302,631556.6316
2025-08-19 23:27:00+08:00,2.9611,2.966,2.9603,2.966,361864,1072739.6638
2025-08-19 23:28:00+08:00,2.966,2.966,2.9629,2.9632,207016,613694.1738
2025-08-19 23:29:00+08:00,2.9632,2.9641,2.9612,2.9636,433174,1283497.7168
2025-08-19 23:30:00+08:00,2.9636,2.9645,2.9609,2.9624,651258,1929882.048
2025-08-19 23:31:00+08:00,2.9624,2.9624,2.9578,2.9598,266490,788725.3496
2025-08-19 23:32:00+08:00,2.9598,2.9615,2.9585,2.9585,65552,194040.0948
2025-08-19 23:33:00+08:00,2.9585,2.9598,2.9584,2.9593,43772,129531.3274
2025-08-19 23:34:00+08:00,2.9593,2.9615,2.9587,2.9597,268076,793517.025
2025-08-19 23:35:00+08:00,2.9597,2.9627,2.9595,2.9608,42150,124817.3762
2025-08-19 23:36:00+08:00,2.9608,2.9608,2.9558,2.9571,261518,773322.863
2025-08-19 23:37:00+08:00,2.9571,2.9616,2.9569,2.9608,171616,507936.116
2025-08-19 23:38:00+08:00,2.9608,2.9608,2.9575,2.9575,77364,228963.3396
2025-08-19 23:39:00+08:00,2.9575,2.9592,2.9566,2.9567,54572,161422.5288
2025-08-19 23:40:00+08:00,2.9567,2.9567,2.9523,2.9546,298100,880826.3372
2025-08-19 23:41:00+08:00,2.9546,2.9546,2.9454,2.9476,763662,2251869.562
2025-08-19 23:42:00+08:00,2.9476,2.9488,2.9464,2.9483,344286,1014923.6548
2025-08-19 23:43:00+08:00,2.9483,2.9539,2.9483,2.9529,347694,1026373.3712
2025-08-19 23:44:00+08:00,2.9529,2.954,2.9511,2.9511,96952,286300.2718
2025-08-19 23:45:00+08:00,2.9511,2.9513,2.9469,2.9469,255830,754407.841
2025-08-19 23:46:00+08:00,2.9469,2.9485,2.9441,2.9448,239998,707038.2066
2025-08-19 23:47:00+08:00,2.9448,2.9448,2.9347,2.9358,724884,2131349.47
2025-08-19 23:48:00+08:00,2.9358,2.9429,2.9358,2.939,521056,1532521.7894
2025-08-19 23:49:00+08:00,2.939,2.939,2.9318,2.9352,883166,2591819.4768
2025-08-19 23:50:00+08:00,2.9352,2.9373,2.9312,2.9338,1041752,3056015.29
2025-08-19 23:51:00+08:00,2.9338,2.9348,2.9283,2.9294,1472750,4315829.0792
2025-08-19 23:52:00+08:00,2.9294,2.933,2.9287,2.9323,363680,1065652.4482
2025-08-19 23:53:00+08:00,2.9323,2.934,2.9302,2.9306,475414,1393991.1676
2025-08-19 23:54:00+08:00,2.9306,2.9352,2.9306,2.9333,372636,1093264.4072
2025-08-19 23:55:00+08:00,2.9333,2.9356,2.9316,2.9324,332744,975977.3396
2025-08-19 23:56:00+08:00,2.9324,2.9357,2.9324,2.9329,63076,185048.0092
2025-08-19 23:57:00+08:00,2.9329,2.9331,2.93,2.93,173408,508400.3542
2025-08-19 23:58:00+08:00,2.93,2.9323,2.9279,2.9279,333844,977720.6274
2025-08-19 23:59:00+08:00,2.9279,2.9281,2.9253,2.928,1014424,2968656.4622
2025-08-20 00:00:00+08:00,2.928,2.9297,2.9234,2.928,997198,2917581.7992
2025-08-20 00:01:00+08:00,2.928,2.9295,2.9235,2.9251,996218,2915304.0218
2025-08-20 00:02:00+08:00,2.9251,2.9275,2.9244,2.9247,406222,1188800.564
2025-08-20 00:03:00+08:00,2.9247,2.9286,2.9212,2.9278,709784,2075125.0026
2025-08-20 00:04:00+08:00,2.9278,2.9331,2.9268,2.927,781818,2290714.6774
2025-08-20 00:05:00+08:00,2.927,2.9275,2.9214,2.922,273976,801215.6206
2025-08-20 00:06:00+08:00,2.922,2.9273,2.9216,2.9253,287820,841890.5372
2025-08-20 00:07:00+08:00,2.9253,2.9281,2.9253,2.9255,141342,413677.476
2025-08-20 00:08:00+08:00,2.9255,2.9284,2.9253,2.9274,146210,428055.2902
2025-08-20 00:09:00+08:00,2.9274,2.9289,2.9251,2.9275,360738,1055799.691
2025-08-20 00:10:00+08:00,2.9275,2.9328,2.9275,2.9295,345780,1013517.1338
2025-08-20 00:11:00+08:00,2.9295,2.9306,2.9273,2.9273,243752,714083.5566
2025-08-20 00:12:00+08:00,2.9273,2.9287,2.9257,2.9275,51080,149542.6232
2025-08-20 00:13:00+08:00,2.9275,2.9285,2.9249,2.9249,149728,438221.0924
2025-08-20 00:14:00+08:00,2.9249,2.9266,2.9216,2.9217,368462,1077287.3598
2025-08-20 00:15:00+08:00,2.9217,2.9266,2.9185,2.9235,1857732,5426654.541
2025-08-20 00:16:00+08:00,2.9235,2.9306,2.923,2.929,364672,1067822.6174
2025-08-20 00:17:00+08:00,2.929,2.9296,2.923,2.9243,204872,599215.8118
2025-08-20 00:18:00+08:00,2.9243,2.925,2.9203,2.925,273634,799767.4782
2025-08-20 00:19:00+08:00,2.925,2.9279,2.925,2.9266,80436,235386.7452
2025-08-20 00:20:00+08:00,2.9266,2.9288,2.9243,2.9284,107756,315439.7266
2025-08-20 00:21:00+08:00,2.9284,2.9313,2.9278,2.9283,537200,1574103.1128
2025-08-20 00:22:00+08:00,2.9283,2.9316,2.9282,2.9316,146900,430359.2784
2025-08-20 00:23:00+08:00,2.9316,2.934,2.9306,2.934,254150,745400.6532
2025-08-20 00:24:00+08:00,2.934,2.934,2.9308,2.9328,93666,274632.6796
2025-08-20 00:25:00+08:00,2.9328,2.9341,2.929,2.929,211394,619668.1084
2025-08-20 00:26:00+08:00,2.929,2.9298,2.9268,2.9273,135182,395812.5738
2025-08-20 00:27:00+08:00,2.9273,2.9295,2.9249,2.9249,159500,466591.128
2025-08-20 00:28:00+08:00,2.9249,2.9258,2.9243,2.9258,115628,338208.2022
2025-08-20 00:29:00+08:00,2.9258,2.9258,2.92,2.9208,165436,483417.6826
2025-08-20 00:30:00+08:00,2.9208,2.924,2.9202,2.9229,250848,733237.3796
2025-08-20 00:31:00+08:00,2.9229,2.9272,2.9207,2.9207,252728,738602.5774
2025-08-20 00:32:00+08:00,2.9207,2.9259,2.92,2.9259,84980,248369.2032
2025-08-20 00:33:00+08:00,2.9259,2.9287,2.9255,2.9271,214266,627292.5604
2025-08-20 00:34:00+08:00,2.9271,2.9271,2.9227,2.9231,79814,233436.4546
2025-08-20 00:35:00+08:00,2.9231,2.9246,2.9225,2.9234,118316,345902.255
2025-08-20 00:36:00+08:00,2.9234,2.9236,2.9187,2.9187,235372,687312.9714
2025-08-20 00:37:00+08:00,2.9187,2.9303,2.9121,2.9249,2573132,7514083.055
2025-08-20 00:38:00+08:00,2.9249,2.9249,2.9184,2.9198,292048,852977.2026
2025-08-20 00:39:00+08:00,2.9198,2.9208,2.9127,2.9134,667508,1946055.7088
2025-08-20 00:40:00+08:00,2.9134,2.9154,2.9099,2.9119,1148668,3344859.6502
2025-08-20 00:41:00+08:00,2.9119,2.9174,2.9119,2.9164,239800,699048.6856
2025-08-20 00:42:00+08:00,2.9164,2.9217,2.9164,2.9201,200944,586799.743
2025-08-20 00:43:00+08:00,2.9201,2.9223,2.9176,2.9178,187776,548421.9834
2025-08-20 00:44:00+08:00,2.9178,2.9211,2.9178,2.9209,294706,860341.6462
2025-08-20 00:45:00+08:00,2.9209,2.9218,2.9163,2.9166,101994,297808.1558
2025-08-20 00:46:00+08:00,2.9166,2.9188,2.9145,2.9182,111174,324261.9376
2025-08-20 00:47:00+08:00,2.9182,2.9216,2.9166,2.9175,145374,424259.3788
2025-08-20 00:48:00+08:00,2.9175,2.9182,2.9154,2.9156,610082,1779116.5458
2025-08-20 00:49:00+08:00,2.9156,2.9156,2.9132,2.9137,206334,601361.6768
2025-08-20 00:50:00+08:00,2.9137,2.9159,2.9095,2.9104,461808,1344576.2948
2025-08-20 00:51:00+08:00,2.9104,2.9163,2.91,2.9131,554774,1616880.2174
2025-08-20 00:52:00+08:00,2.9131,2.9149,2.911,2.9123,159280,463984.2284
2025-08-20 00:53:00+08:00,2.9123,2.9178,2.9123,2.9157,383272,1117778.2226
2025-08-20 00:54:00+08:00,2.9157,2.916,2.9101,2.9106,815150,2374412.1758
2025-08-20 00:55:00+08:00,2.9106,2.9117,2.9083,2.9085,438050,1274793.6354
2025-08-20 00:56:00+08:00,2.9085,2.9132,2.9085,2.913,155722,453322.242
2025-08-20 00:57:00+08:00,2.913,2.913,2.907,2.9084,619692,1802569.0672
2025-08-20 00:58:00+08:00,2.9084,2.9114,2.9084,2.9097,406260,1182180.127
2025-08-20 00:59:00+08:00,2.9097,2.9106,2.9061,2.9099,345480,1004839.4662
2025-08-20 01:00:00+08:00,2.9099,2.9121,2.9089,2.9121,200364,582951.8902
2025-08-20 01:01:00+08:00,2.9121,2.9154,2.9075,2.9122,486838,1417995.6152
2025-08-20 01:02:00+08:00,2.9122,2.9138,2.9114,2.9137,295112,859482.2592
2025-08-20 01:03:00+08:00,2.9137,2.9151,2.9111,2.9111,172900,503677.888
2025-08-20 01:04:00+08:00,2.9111,2.9114,2.906,2.9066,241310,701730.8356
2025-08-20 01:05:00+08:00,2.9066,2.9078,2.897,2.8978,2477668,7187445.5432
2025-08-20 01:06:00+08:00,2.8978,2.9086,2.8941,2.9012,2225094,6453449.0986
2025-08-20 01:07:00+08:00,2.9012,2.9039,2.9006,2.9024,351582,1020426.2906
2025-08-20 01:08:00+08:00,2.9024,2.9045,2.9009,2.9037,187772,545088.6912
2025-08-20 01:09:00+08:00,2.9037,2.909,2.9037,2.9048,341284,991835.589
2025-08-20 01:10:00+08:00,2.9048,2.9099,2.9038,2.9097,246244,715780.8628
2025-08-20 01:11:00+08:00,2.9097,2.9154,2.9086,2.9147,368832,1074346.4528
2025-08-20 01:12:00+08:00,2.9147,2.9173,2.9139,2.9151,279760,815932.3112
2025-08-20 01:13:00+08:00,2.9151,2.9155,2.9126,2.9149,139690,407111.7884
2025-08-20 01:14:00+08:00,2.9149,2.9213,2.9149,2.9213,250560,731543.3026
2025-08-20 01:15:00+08:00,2.9213,2.924,2.9189,2.9205,332246,970969.3404
2025-08-20 01:16:00+08:00,2.9205,2.9235,2.9196,2.9201,441088,1288812.5066
2025-08-20 01:17:00+08:00,2.9201,2.9258,2.9201,2.9252,253138,740267.4186
2025-08-20 01:18:00+08:00,2.9252,2.9252,2.9204,2.921,145166,424159.1052
2025-08-20 01:19:00+08:00,2.921,2.924,2.921,2.9232,44944,131342.7168
2025-08-20 01:20:00+08:00,2.9232,2.926,2.9229,2.9246,270444,790859.864
2025-08-20 01:21:00+08:00,2.9246,2.9254,2.922,2.9247,125580,367149.9236
2025-08-20 01:22:00+08:00,2.9247,2.9255,2.9213,2.9237,158898,464488.918
2025-08-20 01:23:00+08:00,2.9237,2.926,2.9232,2.9245,209380,612456.903
2025-08-20 01:24:00+08:00,2.9245,2.928,2.9244,2.9277,62556,183050.9498
2025-08-20 01:25:00+08:00,2.9277,2.9282,2.926,2.926,246086,720324.9262
2025-08-20 01:26:00+08:00,2.926,2.9266,2.9242,2.9261,37578,109912.0944
2025-08-20 01:27:00+08:00,2.9261,2.9264,2.9246,2.9258,49894,145947.5238
2025-08-20 01:28:00+08:00,2.9258,2.9284,2.9252,2.9262,74666,218608.5302
2025-08-20 01:29:00+08:00,2.9262,2.9268,2.9247,2.9265,23292,68151.563
2025-08-20 01:30:00+08:00,2.9265,2.9288,2.9247,2.9281,209838,614099.9326
2025-08-20 01:31:00+08:00,2.9281,2.9304,2.9281,2.9299,323798,948618.3426
2025-08-20 01:32:00+08:00,2.9299,2.9306,2.9267,2.9267,195138,571694.6252
2025-08-20 01:33:00+08:00,2.9267,2.9275,2.9237,2.925,228124,667182.115
2025-08-20 01:34:00+08:00,2.925,2.9263,2.9229,2.9235,162508,475303.2762
2025-08-20 01:35:00+08:00,2.9235,2.9241,2.9198,2.9202,378126,1104451.8994
2025-08-20 01:36:00+08:00,2.9202,2.9228,2.9201,2.9217,57296,167393.6936
2025-08-20 01:37:00+08:00,2.9217,2.9241,2.9217,2.9231,203476,594773.453
2025-08-20 01:38:00+08:00,2.9231,2.9239,2.9207,2.9229,96998,283449.749
2025-08-20 01:39:00+08:00,2.9229,2.9231,2.9206,2.9206,42882,125280.1886
2025-08-20 01:40:00+08:00,2.9206,2.925,2.9201,2.9249,17054,49813.0258
2025-08-20 01:41:00+08:00,2.9249,2.925,2.9216,2.9216,33564,98093.636
2025-08-20 01:42:00+08:00,2.9216,2.9221,2.9209,2.9209,141354,412938.8592
2025-08-20 01:43:00+08:00,2.9209,2.9257,2.9209,2.9242,54080,158179.6396
2025-08-20 01:44:00+08:00,2.9242,2.9257,2.9238,2.9239,15214,44502.8154
2025-08-20 01:45:00+08:00,2.9239,2.9244,2.9221,2.9221,59346,173469.662
2025-08-20 01:46:00+08:00,2.9221,2.9227,2.9172,2.9179,122402,357179.9502
2025-08-20 01:47:00+08:00,2.9179,2.9214,2.9179,2.9214,45668,133346.2086
2025-08-20 01:48:00+08:00,2.9214,2.9247,2.921,2.9247,267622,782484.562
2025-08-20 01:49:00+08:00,2.9247,2.9255,2.9223,2.9232,139582,408159.9996
2025-08-20 01:50:00+08:00,2.9232,2.9248,2.922,2.9228,52694,154010.0312
2025-08-20 01:51:00+08:00,2.9228,2.9252,2.9221,2.9236,76494,223736.8904
2025-08-20 01:52:00+08:00,2.9236,2.9243,2.9201,2.9201,92376,269887.5394
2025-08-20 01:53:00+08:00,2.9201,2.9223,2.9201,2.9214,109104,318706.1294
2025-08-20 01:54:00+08:00,2.9214,2.9226,2.9208,2.922,1364,3984.8726
2025-08-20 01:55:00+08:00,2.922,2.9254,2.922,2.9248,46356,135559.9024
2025-08-20 01:56:00+08:00,2.9248,2.9265,2.9248,2.9261,29174,85350.673
2025-08-20 01:57:00+08:00,2.9261,2.9279,2.9261,2.9278,60640,177475.2024
2025-08-20 01:58:00+08:00,2.9278,2.9306,2.9268,2.9291,42398,124202.5276
2025-08-20 01:59:00+08:00,2.9291,2.9291,2.9273,2.928,70220,205595.5516
2025-08-20 02:00:00+08:00,2.928,2.929,2.9258,2.929,74606,218403.419
2025-08-20 02:01:00+08:00,2.929,2.9291,2.9254,2.9258,52238,152876.6002
2025-08-20 02:02:00+08:00,2.9258,2.9279,2.9255,2.9279,29490,86297.345
2025-08-20 02:03:00+08:00,2.9279,2.9287,2.9252,2.926,62786,183771.2648
2025-08-20 02:04:00+08:00,2.926,2.9285,2.926,2.9285,103312,302367.0244
2025-08-20 02:05:00+08:00,2.9285,2.9285,2.9261,2.9265,33458,97927.1698
2025-08-20 02:06:00+08:00,2.9265,2.9281,2.9257,2.9277,50466,147673.0186
2025-08-20 02:07:00+08:00,2.9277,2.9316,2.9276,2.9302,150138,439997.8422
2025-08-20 02:08:00+08:00,2.9302,2.9315,2.9285,2.9313,127106,372533.1586
2025-08-20 02:09:00+08:00,2.9313,2.9321,2.931,2.9314,70310,206125.573
2025-08-20 02:10:00+08:00,2.9314,2.932,2.9298,2.9309,48938,143442.3422
2025-08-20 02:11:00+08:00,2.9309,2.9315,2.9305,2.9305,37558,110078.7138
2025-08-20 02:12:00+08:00,2.9305,2.9309,2.9291,2.9295,22742,66630.9906
2025-08-20 02:13:00+08:00,2.9295,2.9304,2.9268,2.9272,198704,581741.129
2025-08-20 02:14:00+08:00,2.9272,2.9284,2.9239,2.9239,54932,160765.5266
2025-08-20 02:15:00+08:00,2.9239,2.9267,2.9236,2.9257,73520,215057.4818
2025-08-20 02:16:00+08:00,2.9257,2.9276,2.9257,2.9268,27488,80466.4542
2025-08-20 02:17:00+08:00,2.9268,2.9285,2.9241,2.9241,35264,103223.6554
2025-08-20 02:18:00+08:00,2.9241,2.9277,2.9241,2.9271,130032,380427.9298
2025-08-20 02:19:00+08:00,2.9271,2.9275,2.9232,2.9239,60024,175535.7336
2025-08-20 02:20:00+08:00,2.9239,2.9255,2.9219,2.9219,33122,96852.1228
2025-08-20 02:21:00+08:00,2.9219,2.923,2.9206,2.9228,146408,427773.9104
2025-08-20 02:22:00+08:00,2.9228,2.9263,2.9226,2.924,231904,678144.605
2025-08-20 02:23:00+08:00,2.924,2.9241,2.9227,2.9241,96464,281976.3806
2025-08-20 02:24:00+08:00,2.9241,2.9267,2.9241,2.9264,60604,177269.8254
2025-08-20 02:25:00+08:00,2.9264,2.9294,2.9263,2.9288,34586,101303.896
2025-08-20 02:26:00+08:00,2.9288,2.9288,2.9253,2.9253,59270,173447.5016
2025-08-20 02:27:00+08:00,2.9253,2.9253,2.9195,2.9211,313854,916938.3322
2025-08-20 02:28:00+08:00,2.9211,2.9217,2.9203,2.9208,779456,2276778.8732
2025-08-20 02:29:00+08:00,2.9208,2.9215,2.9168,2.9168,156782,457538.5432
2025-08-20 02:30:00+08:00,2.9168,2.92,2.9168,2.9189,144382,421415.5262
2025-08-20 02:31:00+08:00,2.9189,2.9216,2.9189,2.9208,182380,532672.4352
2025-08-20 02:32:00+08:00,2.9208,2.9235,2.9208,2.9227,80346,234758.7576
2025-08-20 02:33:00+08:00,2.9227,2.9227,2.919,2.9204,61634,179962.1904
2025-08-20 02:34:00+08:00,2.9204,2.9235,2.9204,2.9227,27776,81175.2848
2025-08-20 02:35:00+08:00,2.9227,2.9233,2.9213,2.9227,95936,280424.5574
2025-08-20 02:36:00+08:00,2.9227,2.9244,2.9204,2.9208,92584,270614.0392
2025-08-20 02:37:00+08:00,2.9208,2.9208,2.9157,2.9171,372048,1085584.2916
2025-08-20 02:38:00+08:00,2.9171,2.9192,2.9167,2.9182,451740,1318068.7016
2025-08-20 02:39:00+08:00,2.9182,2.9211,2.9182,2.9189,106132,309916.1216
2025-08-20 02:40:00+08:00,2.9189,2.9199,2.9176,2.9176,65002,189725.735
2025-08-20 02:41:00+08:00,2.9176,2.9181,2.9112,2.9112,274272,799242.654
2025-08-20 02:42:00+08:00,2.9112,2.912,2.9081,2.9088,694460,2020783.9106
2025-08-20 02:43:00+08:00,2.9088,2.9096,2.9051,2.9053,472628,1374516.956
2025-08-20 02:44:00+08:00,2.9053,2.9086,2.9051,2.9083,213128,619628.2202
2025-08-20 02:45:00+08:00,2.9083,2.9095,2.9073,2.9086,99518,289418.5414
2025-08-20 02:46:00+08:00,2.9086,2.9112,2.9086,2.9103,143614,418004.7504
2025-08-20 02:47:00+08:00,2.9103,2.9119,2.9078,2.9078,110604,321729.2992
2025-08-20 02:48:00+08:00,2.9078,2.9095,2.9025,2.9025,399508,1160065.813
2025-08-20 02:49:00+08:00,2.9025,2.9029,2.8986,2.8987,793896,2302639.5528
2025-08-20 02:50:00+08:00,2.8987,2.9014,2.8974,2.8978,236216,684826.9018
2025-08-20 02:51:00+08:00,2.8978,2.9,2.8913,2.8941,3656406,10583325.4808
2025-08-20 02:52:00+08:00,2.8941,2.8976,2.8937,2.8973,442808,1281851.7608
2025-08-20 02:53:00+08:00,2.8973,2.904,2.8973,2.9037,526490,1528137.8078
2025-08-20 02:54:00+08:00,2.9037,2.908,2.9032,2.908,411518,1196073.612
2025-08-20 02:55:00+08:00,2.908,2.911,2.908,2.9084,346482,1008165.008
2025-08-20 02:56:00+08:00,2.9084,2.9093,2.907,2.908,235410,684559.6446
2025-08-20 02:57:00+08:00,2.908,2.9081,2.9047,2.9051,102688,298374.1488
2025-08-20 02:58:00+08:00,2.9051,2.9061,2.9033,2.9035,181244,526441.4958
2025-08-20 02:59:00+08:00,2.9035,2.9042,2.9014,2.9015,354214,1028428.4602
2025-08-20 03:00:00+08:00,2.9015,2.9015,2.8953,2.8958,577224,1673141.0886
2025-08-20 03:01:00+08:00,2.8958,2.8967,2.8896,2.8899,1071348,3097715.3946
2025-08-20 03:02:00+08:00,2.8899,2.8924,2.8871,2.89,1313718,3795889.7876
2025-08-20 03:03:00+08:00,2.89,2.8941,2.8896,2.8902,563280,1628742.2092
2025-08-20 03:04:00+08:00,2.8902,2.8929,2.8875,2.8901,224528,649029.6768
2025-08-20 03:05:00+08:00,2.8901,2.8968,2.89,2.8901,315154,911982.8216
2025-08-20 03:06:00+08:00,2.8901,2.8909,2.8847,2.8849,792636,2287908.8096
2025-08-20 03:07:00+08:00,2.8849,2.8876,2.8849,2.8867,312610,902412.0974
2025-08-20 03:08:00+08:00,2.8867,2.8883,2.8855,2.8857,146734,423565.1386
2025-08-20 03:09:00+08:00,2.8857,2.8875,2.882,2.8856,856194,2468932.4034
2025-08-20 03:10:00+08:00,2.8856,2.8857,2.8807,2.8819,859780,2478074.5036
2025-08-20 03:11:00+08:00,2.8819,2.8821,2.8791,2.8821,982608,2830015.3062
2025-08-20 03:12:00+08:00,2.8821,2.885,2.8807,2.8842,467576,1348378.7134
2025-08-20 03:13:00+08:00,2.8842,2.8867,2.8837,2.8843,251028,724145.3698
2025-08-20 03:14:00+08:00,2.8843,2.8872,2.8839,2.8862,65604,189301.4404
2025-08-20 03:15:00+08:00,2.8862,2.8864,2.8814,2.8827,183610,529515.2874
2025-08-20 03:16:00+08:00,2.8827,2.8844,2.8804,2.8821,182702,526536.0202
2025-08-20 03:17:00+08:00,2.8821,2.8826,2.8807,2.8818,88546,255137.639
2025-08-20 03:18:00+08:00,2.8818,2.8879,2.8812,2.8852,406092,1172056.6828
2025-08-20 03:19:00+08:00,2.8852,2.8933,2.8852,2.8932,358938,1037252.352
2025-08-20 03:20:00+08:00,2.8932,2.8961,2.8927,2.8961,343170,993182.5136
2025-08-20 03:21:00+08:00,2.8961,2.9045,2.8961,2.9032,770416,2235766.8508
2025-08-20 03:22:00+08:00,2.9032,2.9036,2.9003,2.9027,263570,764914.0196
2025-08-20 03:23:00+08:00,2.9027,2.9054,2.9013,2.9054,137142,398255.3372
2025-08-20 03:24:00+08:00,2.9054,2.9096,2.9051,2.9096,212786,618454.6756
2025-08-20 03:25:00+08:00,2.9096,2.9146,2.9096,2.911,503142,1465205.163
2025-08-20 03:26:00+08:00,2.911,2.9149,2.9094,2.9145,283318,824717.6964
2025-08-20 03:27:00+08:00,2.9145,2.9172,2.9134,2.9134,452484,1319119.6152
2025-08-20 03:28:00+08:00,2.9134,2.9151,2.9131,2.9151,142458,415107.8802
2025-08-20 03:29:00+08:00,2.9151,2.9156,2.9124,2.9146,129502,377294.9484
2025-08-20 03:30:00+08:00,2.9146,2.9172,2.914,2.9147,149812,436975.3434
2025-08-20 03:31:00+08:00,2.9147,2.9149,2.908,2.9085,539920,1570887.2968
2025-08-20 03:32:00+08:00,2.9085,2.9096,2.907,2.9082,154572,449519.8664
2025-08-20 03:33:00+08:00,2.9082,2.9096,2.9069,2.9074,301736,877346.2358
2025-08-20 03:34:00+08:00,2.9074,2.9113,2.907,2.9113,133978,389733.0082
2025-08-20 03:35:00+08:00,2.9113,2.9128,2.9109,2.9114,63646,185314.4882
2025-08-20 03:36:00+08:00,2.9114,2.917,2.9108,2.9164,249874,728396.2104
2025-08-20 03:37:00+08:00,2.9164,2.917,2.9158,2.9168,191172,557577.1462
2025-08-20 03:38:00+08:00,2.9168,2.9171,2.9135,2.9136,165284,481857.6976
2025-08-20 03:39:00+08:00,2.9136,2.9148,2.9128,2.9128,49856,145297.5034
2025-08-20 03:40:00+08:00,2.9128,2.9149,2.9122,2.9148,27606,80408.5192
2025-08-20 03:41:00+08:00,2.9148,2.9148,2.9125,2.9138,136394,397474.6904
2025-08-20 03:42:00+08:00,2.9138,2.9155,2.9121,2.9121,24808,72298.541
2025-08-20 03:43:00+08:00,2.9121,2.9121,2.9089,2.911,407024,1184094.5412
2025-08-20 03:44:00+08:00,2.911,2.911,2.9092,2.9101,39572,115165.8832
2025-08-20 03:45:00+08:00,2.9101,2.9119,2.9098,2.9119,108770,316608.7382
2025-08-20 03:46:00+08:00,2.9119,2.9119,2.908,2.9091,13644,39689.3618
2025-08-20 03:47:00+08:00,2.9091,2.9097,2.8996,2.8996,591778,1717767.1076
2025-08-20 03:48:00+08:00,2.8996,2.9022,2.8995,2.9022,144330,418644.0932
2025-08-20 03:49:00+08:00,2.9022,2.9032,2.9005,2.9005,68978,200141.6526
2025-08-20 03:50:00+08:00,2.9005,2.9009,2.8945,2.8978,693060,2008054.661
2025-08-20 03:51:00+08:00,2.8978,2.899,2.8935,2.8935,246220,712668.6592
2025-08-20 03:52:00+08:00,2.8935,2.8948,2.8929,2.8939,241900,699959.9346
2025-08-20 03:53:00+08:00,2.8939,2.894,2.8889,2.8907,274720,794412.9516
2025-08-20 03:54:00+08:00,2.8907,2.8921,2.889,2.8895,144374,417308.2836
2025-08-20 03:55:00+08:00,2.8895,2.8981,2.8895,2.8907,568844,1646745.9758
2025-08-20 03:56:00+08:00,2.8907,2.8907,2.8816,2.8821,603282,1740311.9508
2025-08-20 03:57:00+08:00,2.8821,2.885,2.8742,2.8743,1158458,3334912.427
2025-08-20 03:58:00+08:00,2.8743,2.8796,2.873,2.8764,774852,2227869.5326
2025-08-20 03:59:00+08:00,2.8764,2.8783,2.8692,2.8752,2171440,6238288.8758
2025-08-20 04:00:00+08:00,2.8752,2.8777,2.8719,2.877,496608,1427688.5534
2025-08-20 04:01:00+08:00,2.877,2.8825,2.8765,2.8818,801244,2307475.5838
2025-08-20 04:02:00+08:00,2.8818,2.884,2.8798,2.8833,402594,1160609.6792
2025-08-20 04:03:00+08:00,2.8833,2.8837,2.8797,2.8798,137070,394957.572
2025-08-20 04:04:00+08:00,2.8798,2.8817,2.8751,2.8813,583968,1680960.1178
2025-08-20 04:05:00+08:00,2.8813,2.8842,2.8767,2.8774,487106,1402445.0914
2025-08-20 04:06:00+08:00,2.8774,2.8778,2.8724,2.8737,601598,1729246.7162
2025-08-20 04:07:00+08:00,2.8737,2.8775,2.8722,2.8772,180698,519247.5424
2025-08-20 04:08:00+08:00,2.8772,2.8795,2.8757,2.8785,144894,416996.7938
2025-08-20 04:09:00+08:00,2.8785,2.8788,2.8732,2.8732,132476,380880.2536
2025-08-20 04:10:00+08:00,2.8732,2.8775,2.871,2.8712,210556,604903.54
2025-08-20 04:11:00+08:00,2.8712,2.8742,2.8698,2.8736,414062,1188659.7836
2025-08-20 04:12:00+08:00,2.8736,2.8749,2.8715,2.8715,148114,425657.665
2025-08-20 04:13:00+08:00,2.8715,2.8775,2.8712,2.8752,201732,579686.6182
2025-08-20 04:14:00+08:00,2.8752,2.8765,2.874,2.8753,278020,799410.6862
2025-08-20 04:15:00+08:00,2.8753,2.8762,2.8737,2.8739,228308,656300.0686
2025-08-20 04:16:00+08:00,2.8739,2.8805,2.8738,2.8784,167914,483295.8302
2025-08-20 04:17:00+08:00,2.8784,2.8815,2.8778,2.8805,184788,532126.5242
2025-08-20 04:18:00+08:00,2.8805,2.8826,2.8785,2.8794,206518,594871.9714
2025-08-20 04:19:00+08:00,2.8794,2.8818,2.8787,2.8818,60756,174958.8848
2025-08-20 04:20:00+08:00,2.8818,2.8877,2.8818,2.8869,203166,586317.7844
2025-08-20 04:21:00+08:00,2.8869,2.8897,2.8854,2.8882,168948,487936.169
2025-08-20 04:22:00+08:00,2.8882,2.8884,2.8859,2.8872,148714,429406.3522
2025-08-20 04:23:00+08:00,2.8872,2.8872,2.8809,2.8834,241810,697159.6836
2025-08-20 04:24:00+08:00,2.8834,2.8861,2.8834,2.8854,177888,513322.5408
2025-08-20 04:25:00+08:00,2.8854,2.8884,2.8854,2.8862,75796,218767.7568
2025-08-20 04:26:00+08:00,2.8862,2.8919,2.8859,2.8919,193304,558813.027
2025-08-20 04:27:00+08:00,2.8919,2.8929,2.8907,2.8925,182794,528608.93
2025-08-20 04:28:00+08:00,2.8925,2.893,2.8877,2.8885,91308,263932.7778
2025-08-20 04:29:00+08:00,2.8885,2.8899,2.8872,2.8899,91676,264804.5542
2025-08-20 04:30:00+08:00,2.8899,2.8945,2.8899,2.8944,55654,160963.7354
2025-08-20 04:31:00+08:00,2.8944,2.8974,2.893,2.8936,574948,1664891.2684
2025-08-20 04:32:00+08:00,2.8936,2.8952,2.8932,2.8936,57768,167204.4348
2025-08-20 04:33:00+08:00,2.8936,2.896,2.8936,2.8956,160428,464374.22
2025-08-20 04:34:00+08:00,2.8956,2.898,2.8943,2.8961,117398,340092.7404
2025-08-20 04:35:00+08:00,2.8961,2.8965,2.8945,2.8956,44620,129190.8142
2025-08-20 04:36:00+08:00,2.8956,2.8973,2.8953,2.897,46432,134508.0842
2025-08-20 04:37:00+08:00,2.897,2.8972,2.8945,2.8947,101744,294630.8376
2025-08-20 04:38:00+08:00,2.8947,2.8974,2.8947,2.8969,156318,452695.147
2025-08-20 04:39:00+08:00,2.8969,2.8969,2.895,2.8958,45804,132645.084
2025-08-20 04:40:00+08:00,2.8958,2.8981,2.8956,2.8981,26332,76275.274
2025-08-20 04:41:00+08:00,2.8981,2.8989,2.897,2.8989,98900,286522.909
2025-08-20 04:42:00+08:00,2.8989,2.9013,2.8989,2.9012,353336,1024686.4598
2025-08-20 04:43:00+08:00,2.9012,2.9014,2.8988,2.899,352700,1022773.5106
2025-08-20 04:44:00+08:00,2.899,2.9003,2.8977,2.9003,77182,223710.5822
2025-08-20 04:45:00+08:00,2.9003,2.9015,2.9,2.9006,47634,138182.873
2025-08-20 04:46:00+08:00,2.9006,2.9015,2.8993,2.9012,102300,296725.7746
2025-08-20 04:47:00+08:00,2.9012,2.9031,2.9012,2.903,217920,632351.3236
2025-08-20 04:48:00+08:00,2.903,2.9038,2.9029,2.9037,172660,501301.7012
2025-08-20 04:49:00+08:00,2.9037,2.905,2.9029,2.903,60262,174990.6916
2025-08-20 04:50:00+08:00,2.903,2.903,2.8991,2.8999,238566,691852.369
2025-08-20 04:51:00+08:00,2.8999,2.9,2.8974,2.8992,91056,263923.7866
2025-08-20 04:52:00+08:00,2.8992,2.9006,2.8978,2.9,169482,491441.088
2025-08-20 04:53:00+08:00,2.9,2.901,2.8995,2.9001,204042,591748.743
2025-08-20 04:54:00+08:00,2.9001,2.9027,2.9001,2.901,84610,245502.6764
2025-08-20 04:55:00+08:00,2.901,2.9019,2.8991,2.9019,57018,165415.8042
2025-08-20 04:56:00+08:00,2.9019,2.9026,2.9005,2.9007,33704,97807.8434
2025-08-20 04:57:00+08:00,2.9007,2.902,2.8999,2.9001,216344,627651.7612
2025-08-20 04:58:00+08:00,2.9001,2.9041,2.9001,2.9034,324406,941392.6496
2025-08-20 04:59:00+08:00,2.9034,2.9037,2.9013,2.9014,93006,270004.5118
2025-08-20 05:00:00+08:00,2.9014,2.9021,2.9009,2.9011,42512,123363.567
2025-08-20 05:01:00+08:00,2.9011,2.9023,2.8997,2.8998,85334,247530.719
2025-08-20 05:02:00+08:00,2.8998,2.9022,2.8997,2.9022,133532,387441.6504
2025-08-20 05:03:00+08:00,2.9022,2.9024,2.8986,2.9,53262,154467.207
2025-08-20 05:04:00+08:00,2.9,2.9022,2.8997,2.9021,228120,661702.918
2025-08-20 05:05:00+08:00,2.9021,2.9024,2.9008,2.9008,103618,300578.277
2025-08-20 05:06:00+08:00,2.9008,2.9036,2.9001,2.903,243052,705544.9976
2025-08-20 05:07:00+08:00,2.903,2.903,2.8965,2.8965,346372,1003667.1498
2025-08-20 05:08:00+08:00,2.8965,2.8981,2.8954,2.8954,53960,156264.224
2025-08-20 05:09:00+08:00,2.8954,2.8961,2.8913,2.8913,405422,1173250.4046
2025-08-20 05:10:00+08:00,2.8913,2.8935,2.8906,2.8917,869920,2515694.0832
2025-08-20 05:11:00+08:00,2.8917,2.8942,2.891,2.8924,619000,1790461.704
2025-08-20 05:12:00+08:00,2.8924,2.8933,2.8905,2.8914,53706,155265.8544
2025-08-20 05:13:00+08:00,2.8914,2.8914,2.8872,2.8881,475202,1372776.988
2025-08-20 05:14:00+08:00,2.8881,2.8928,2.8881,2.8913,410668,1187026.8976
2025-08-20 05:15:00+08:00,2.8913,2.8926,2.8881,2.89,398368,1151248.7058
2025-08-20 05:16:00+08:00,2.89,2.8959,2.8896,2.8942,605864,1752541.1204
2025-08-20 05:17:00+08:00,2.8942,2.8976,2.8893,2.8898,382676,1107512.5918
2025-08-20 05:18:00+08:00,2.8898,2.8898,2.8864,2.8885,440822,1273059.6278
2025-08-20 05:19:00+08:00,2.8885,2.8897,2.8837,2.8837,397110,1145911.5478
2025-08-20 05:20:00+08:00,2.8837,2.8862,2.8782,2.8783,498754,1436693.619
2025-08-20 05:21:00+08:00,2.8783,2.8813,2.8783,2.8813,776588,2235908.9382
2025-08-20 05:22:00+08:00,2.8813,2.8825,2.8765,2.8768,214288,616866.0124
2025-08-20 05:23:00+08:00,2.8768,2.879,2.8766,2.8782,379644,1092572.025
2025-08-20 05:24:00+08:00,2.8782,2.8814,2.8765,2.8787,760894,2189646.5328
2025-08-20 05:25:00+08:00,2.8787,2.8787,2.8742,2.8747,196514,565103.252
2025-08-20 05:26:00+08:00,2.8747,2.8768,2.8733,2.8757,731460,2102409.2022
2025-08-20 05:27:00+08:00,2.8757,2.8822,2.8746,2.8814,218312,628283.5634
2025-08-20 05:28:00+08:00,2.8814,2.8877,2.8814,2.8875,368952,1064756.5828
2025-08-20 05:29:00+08:00,2.8875,2.8904,2.8875,2.8903,592836,1713037.7112
2025-08-20 05:30:00+08:00,2.8903,2.8912,2.886,2.8875,114404,330528.3154
2025-08-20 05:31:00+08:00,2.8875,2.8896,2.886,2.8896,132596,382926.7364
2025-08-20 05:32:00+08:00,2.8896,2.8898,2.8868,2.887,146376,422782.6664
2025-08-20 05:33:00+08:00,2.887,2.8889,2.8869,2.8889,61472,177563.4686
2025-08-20 05:34:00+08:00,2.8889,2.8891,2.8874,2.8875,117124,338347.375
2025-08-20 05:35:00+08:00,2.8875,2.8898,2.8875,2.8898,80202,231708.263
2025-08-20 05:36:00+08:00,2.8898,2.8901,2.8875,2.8881,231822,669572.0022
2025-08-20 05:37:00+08:00,2.8881,2.8904,2.888,2.8894,85532,247092.8196
2025-08-20 05:38:00+08:00,2.8894,2.8906,2.8894,2.8897,83294,240695.0184
2025-08-20 05:39:00+08:00,2.8897,2.8898,2.8889,2.8889,82668,238834.368
2025-08-20 05:40:00+08:00,2.8889,2.889,2.8879,2.8887,21010,60683.5048
2025-08-20 05:41:00+08:00,2.8887,2.8915,2.8887,2.8915,80688,233276.9518
2025-08-20 05:42:00+08:00,2.8915,2.8947,2.8915,2.8947,193546,559985.1946
2025-08-20 05:43:00+08:00,2.8947,2.8947,2.8888,2.8905,1317240,3808119.1192
2025-08-20 05:44:00+08:00,2.8905,2.8953,2.8905,2.8944,460660,1332777.9812
2025-08-20 05:45:00+08:00,2.8944,2.8992,2.8944,2.8979,653856,1895178.9702
2025-08-20 05:46:00+08:00,2.8979,2.898,2.8965,2.8965,402818,1167233.2826
2025-08-20 05:47:00+08:00,2.8965,2.8966,2.896,2.8961,10386,30080.6744
2025-08-20 05:48:00+08:00,2.8961,2.8961,2.8941,2.8941,91924,266088.1054
2025-08-20 05:49:00+08:00,2.8941,2.8941,2.8922,2.8936,123734,357958.7252
2025-08-20 05:50:00+08:00,2.8936,2.8951,2.8935,2.8951,40148,116198.8006
2025-08-20 05:51:00+08:00,2.8951,2.8957,2.8951,2.8957,160764,465495.1004
2025-08-20 05:52:00+08:00,2.8957,2.8957,2.8956,2.8956,3312,9590.5524
2025-08-20 05:53:00+08:00,2.8956,2.896,2.8956,2.896,9402,27227.1876
2025-08-20 05:54:00+08:00,2.896,2.897,2.8956,2.8956,61182,177223.5012
2025-08-20 05:55:00+08:00,2.8956,2.8956,2.8944,2.8956,32428,93866.2832
2025-08-20 05:56:00+08:00,2.8956,2.8964,2.8956,2.8963,21968,63618.7628
2025-08-20 05:57:00+08:00,2.8963,2.8964,2.8911,2.8923,116632,337367.8902
2025-08-20 05:58:00+08:00,2.8923,2.8952,2.8922,2.8951,14456,41826.0944
2025-08-20 05:59:00+08:00,2.8951,2.8958,2.8946,2.8952,335986,972673.6964
2025-08-20 06:00:00+08:00,2.8952,2.8953,2.8908,2.8909,201840,584026.947
2025-08-20 06:01:00+08:00,2.8909,2.892,2.89,2.8918,70058,202548.6716
2025-08-20 06:02:00+08:00,2.8918,2.8928,2.8814,2.8849,691472,1994837.2832
2025-08-20 06:03:00+08:00,2.8849,2.8875,2.8837,2.8856,413774,1193887.7388
2025-08-20 06:04:00+08:00,2.8856,2.8884,2.8842,2.887,88372,255061.6762
2025-08-20 06:05:00+08:00,2.887,2.8881,2.8842,2.8849,311502,898753.3286
2025-08-20 06:06:00+08:00,2.8849,2.8871,2.8834,2.8865,86142,248532.0952
2025-08-20 06:07:00+08:00,2.8865,2.8878,2.8835,2.886,223828,645736.3776
2025-08-20 06:08:00+08:00,2.886,2.8881,2.8858,2.886,217260,627283.8428
2025-08-20 06:09:00+08:00,2.886,2.8892,2.886,2.8889,138000,398422.6434
2025-08-20 06:10:00+08:00,2.8889,2.89,2.8872,2.8879,72196,208515.9332
2025-08-20 06:11:00+08:00,2.8879,2.8881,2.8815,2.8824,104046,300053.0764
2025-08-20 06:12:00+08:00,2.8824,2.8868,2.8824,2.8864,364970,1052522.4714
2025-08-20 06:13:00+08:00,2.8864,2.8884,2.8859,2.8878,8182,23616.2406
2025-08-20 06:14:00+08:00,2.8878,2.8885,2.8864,2.8865,82972,239601.464
2025-08-20 06:15:00+08:00,2.8865,2.8895,2.8865,2.8895,63368,183029.779
2025-08-20 06:16:00+08:00,2.8895,2.8895,2.8859,2.8879,27120,78315.0288
2025-08-20 06:17:00+08:00,2.8879,2.8895,2.8879,2.8884,45362,131043.6186
2025-08-20 06:18:00+08:00,2.8884,2.8896,2.8833,2.8844,70902,204693.8384
2025-08-20 06:19:00+08:00,2.8844,2.8869,2.8844,2.8854,68572,197902.4362
2025-08-20 06:20:00+08:00,2.8854,2.8888,2.885,2.8858,70726,204140.076
2025-08-20 06:21:00+08:00,2.8858,2.8866,2.8833,2.8859,33784,97483.8322
2025-08-20 06:22:00+08:00,2.8859,2.8927,2.8859,2.8921,29404,85031.8788
2025-08-20 06:23:00+08:00,2.8921,2.893,2.891,2.8926,71592,207039.1922
2025-08-20 06:24:00+08:00,2.8926,2.8938,2.8919,2.8933,95996,277771.954
2025-08-20 06:25:00+08:00,2.8933,2.8938,2.8903,2.8904,44446,128569.1868
2025-08-20 06:26:00+08:00,2.8904,2.8925,2.8899,2.8899,192152,555565.4734
2025-08-20 06:27:00+08:00,2.8899,2.8928,2.8899,2.8925,26988,78052.6906
2025-08-20 06:28:00+08:00,2.8925,2.8934,2.891,2.8911,30126,87140.9584
2025-08-20 06:29:00+08:00,2.8911,2.8924,2.8909,2.8915,18228,52706.2516
2025-08-20 06:30:00+08:00,2.8915,2.8916,2.8896,2.8904,352400,1018532.3082
2025-08-20 06:31:00+08:00,2.8904,2.8939,2.8904,2.8936,47500,137372.1446
2025-08-20 06:32:00+08:00,2.8936,2.8954,2.8932,2.8954,112538,325753.8088
2025-08-20 06:33:00+08:00,2.8954,2.8954,2.8934,2.8944,94206,272630.648
2025-08-20 06:34:00+08:00,2.8944,2.8974,2.8944,2.897,61816,179061.1296
2025-08-20 06:35:00+08:00,2.897,2.897,2.8948,2.8948,35712,103427.1468
2025-08-20 06:36:00+08:00,2.8948,2.8969,2.8948,2.8959,78980,228766.341
2025-08-20 06:37:00+08:00,2.8959,2.8964,2.8917,2.8917,108078,312851.5986
2025-08-20 06:38:00+08:00,2.8917,2.8931,2.8909,2.8927,48252,139534.7042
2025-08-20 06:39:00+08:00,2.8927,2.8953,2.8927,2.8953,77948,225615.5104
2025-08-20 06:40:00+08:00,2.8953,2.8964,2.8931,2.8963,32382,93731.7858
2025-08-20 06:41:00+08:00,2.8963,2.8983,2.8963,2.8983,63758,184767.433
2025-08-20 06:42:00+08:00,2.8983,2.8992,2.8983,2.899,149060,432041.4618
2025-08-20 06:43:00+08:00,2.899,2.9,2.899,2.8996,161948,469631.814
2025-08-20 06:44:00+08:00,2.8996,2.8996,2.8952,2.8964,90604,262520.4444
2025-08-20 06:45:00+08:00,2.8964,2.8971,2.8933,2.8949,56392,163281.7822
2025-08-20 06:46:00+08:00,2.8949,2.8953,2.8935,2.8936,105044,304037.7834
2025-08-20 06:47:00+08:00,2.8936,2.8944,2.8915,2.8919,28728,83112.6378
2025-08-20 06:48:00+08:00,2.8919,2.8919,2.888,2.8897,311676,900274.8972
2025-08-20 06:49:00+08:00,2.8897,2.8909,2.8884,2.8898,294116,849981.4798
2025-08-20 06:50:00+08:00,2.8898,2.8913,2.8891,2.891,41570,120155.8474
2025-08-20 06:51:00+08:00,2.891,2.8925,2.8908,2.8915,130388,377060.8226
2025-08-20 06:52:00+08:00,2.8915,2.8933,2.8908,2.8931,16574,47941.7366
2025-08-20 06:53:00+08:00,2.8931,2.8937,2.892,2.8935,14818,42868.0858
2025-08-20 06:54:00+08:00,2.8935,2.8939,2.892,2.8928,46492,134494.8138
2025-08-20 06:55:00+08:00,2.8928,2.896,2.8928,2.8943,8266,23932.9906
2025-08-20 06:56:00+08:00,2.8943,2.8956,2.8943,2.8956,35100,101610.7918
2025-08-20 06:57:00+08:00,2.8956,2.8957,2.8913,2.8923,83064,240429.0426
2025-08-20 06:58:00+08:00,2.8923,2.8923,2.8913,2.8918,11606,33564.8078
2025-08-20 06:59:00+08:00,2.8918,2.8918,2.89,2.8913,18658,53937.6458
2025-08-20 07:00:00+08:00,2.8913,2.8929,2.8909,2.8928,36034,104189.2686
2025-08-20 07:01:00+08:00,2.8928,2.8928,2.888,2.8884,94926,274218.8134
2025-08-20 07:02:00+08:00,2.8884,2.8904,2.8866,2.8898,102570,296186.6376
2025-08-20 07:03:00+08:00,2.8898,2.8898,2.8869,2.8873,261088,753931.0308
2025-08-20 07:04:00+08:00,2.8873,2.8879,2.8866,2.8866,48450,139892.6554
2025-08-20 07:05:00+08:00,2.8866,2.8881,2.8865,2.8873,68232,197036.1218
2025-08-20 07:06:00+08:00,2.8873,2.8888,2.8873,2.8888,27676,79932.4534
2025-08-20 07:07:00+08:00,2.8888,2.8892,2.887,2.8892,61014,176183.99
2025-08-20 07:08:00+08:00,2.8892,2.8904,2.8872,2.8873,44356,128164.228
2025-08-20 07:09:00+08:00,2.8873,2.8877,2.8861,2.8868,858312,2477732.9964
2025-08-20 07:10:00+08:00,2.8868,2.8873,2.8858,2.8863,337900,975507.5526
2025-08-20 07:11:00+08:00,2.8863,2.8863,2.8813,2.8822,130214,375384.5444
2025-08-20 07:12:00+08:00,2.8822,2.8845,2.8813,2.8845,79832,230106.6484
2025-08-20 07:13:00+08:00,2.8845,2.8861,2.8836,2.8853,476736,1375221.7706
2025-08-20 07:14:00+08:00,2.8853,2.8862,2.8833,2.8862,23988,69212.486
2025-08-20 07:15:00+08:00,2.8862,2.8865,2.8813,2.882,43232,124594.1246
2025-08-20 07:16:00+08:00,2.882,2.8869,2.882,2.8828,92608,267068.1816
2025-08-20 07:17:00+08:00,2.8828,2.8844,2.8786,2.8837,568628,1637973.2318
2025-08-20 07:18:00+08:00,2.8837,2.8839,2.877,2.8774,115084,331311.8096
2025-08-20 07:19:00+08:00,2.8774,2.8786,2.8759,2.8759,241882,695972.3042
2025-08-20 07:20:00+08:00,2.8759,2.8776,2.8745,2.8766,299726,861993.49
2025-08-20 07:21:00+08:00,2.8766,2.8798,2.8764,2.8777,123502,355340.4742
2025-08-20 07:22:00+08:00,2.8777,2.881,2.8777,2.8791,65968,189986.0726
2025-08-20 07:23:00+08:00,2.8791,2.88,2.8754,2.8754,76246,219345.5364
2025-08-20 07:24:00+08:00,2.8754,2.8763,2.8641,2.8672,2103776,6033754.846
2025-08-20 07:25:00+08:00,2.8672,2.8725,2.867,2.8708,359578,1031672.0474
2025-08-20 07:26:00+08:00,2.8708,2.8708,2.8673,2.8674,491768,1410376.0634
2025-08-20 07:27:00+08:00,2.8674,2.8683,2.8608,2.8614,1011478,2895996.3032
2025-08-20 07:28:00+08:00,2.8614,2.8656,2.8614,2.8646,292372,837102.8746
2025-08-20 07:29:00+08:00,2.8646,2.8659,2.8619,2.8644,232124,664864.729
2025-08-20 07:30:00+08:00,2.8644,2.868,2.8641,2.865,221436,634666.0098
2025-08-20 07:31:00+08:00,2.865,2.8663,2.8615,2.8623,465600,1333204.625
2025-08-20 07:32:00+08:00,2.8623,2.8658,2.862,2.8627,361416,1035269.5322
2025-08-20 07:33:00+08:00,2.8627,2.8709,2.8627,2.8701,434640,1246268.6224
2025-08-20 07:34:00+08:00,2.8701,2.8744,2.8684,2.8735,148814,427218.4428
2025-08-20 07:35:00+08:00,2.8735,2.8764,2.8724,2.8746,673250,1935825.7748
2025-08-20 07:36:00+08:00,2.8746,2.8756,2.8714,2.8721,632828,1818880.6318
2025-08-20 07:37:00+08:00,2.8721,2.8729,2.87,2.8713,118294,339620.9348
2025-08-20 07:38:00+08:00,2.8713,2.8733,2.8611,2.8621,543068,1555594.6172
2025-08-20 07:39:00+08:00,2.8621,2.8658,2.8611,2.8639,167222,478831.0672
2025-08-20 07:40:00+08:00,2.8639,2.8656,2.8609,2.8633,280110,801953.9544
2025-08-20 07:41:00+08:00,2.8633,2.8672,2.8618,2.8619,273516,783449.8174
2025-08-20 07:42:00+08:00,2.8619,2.8658,2.8616,2.864,319490,914594.9434
2025-08-20 07:43:00+08:00,2.864,2.8667,2.863,2.866,120682,345774.4614
2025-08-20 07:44:00+08:00,2.866,2.8681,2.8645,2.8681,128840,369299.8942
2025-08-20 07:45:00+08:00,2.8681,2.8697,2.865,2.8651,213918,613513.2056
2025-08-20 07:46:00+08:00,2.8651,2.8677,2.8628,2.8632,279802,801512.8362
2025-08-20 07:47:00+08:00,2.8632,2.8646,2.8592,2.8595,719170,2056892.1444
2025-08-20 07:48:00+08:00,2.8595,2.8629,2.8595,2.8623,259640,743012.2148
2025-08-20 07:49:00+08:00,2.8623,2.8645,2.8604,2.8617,445484,1275097.2358
2025-08-20 07:50:00+08:00,2.8617,2.8639,2.8602,2.8626,117854,337258.3382
2025-08-20 07:51:00+08:00,2.8626,2.8636,2.8616,2.8616,116382,333170.4216
2025-08-20 07:52:00+08:00,2.8616,2.8622,2.86,2.86,173024,495038.0274
2025-08-20 07:53:00+08:00,2.86,2.8607,2.8505,2.8519,2158912,6162867.1528
2025-08-20 07:54:00+08:00,2.8519,2.859,2.8512,2.8555,656126,1873953.3268
2025-08-20 07:55:00+08:00,2.8555,2.8555,2.8516,2.8528,299076,853451.7224
2025-08-20 07:56:00+08:00,2.8528,2.8535,2.8471,2.8477,2150462,6127418.8156
2025-08-20 07:57:00+08:00,2.8477,2.8533,2.8475,2.8533,876678,2498974.3398
2025-08-20 07:58:00+08:00,2.8533,2.8545,2.8496,2.8539,809384,2308404.331
2025-08-20 07:59:00+08:00,2.8539,2.8594,2.8539,2.8593,955488,2730765.7162
2025-08-20 08:00:00+08:00,2.8593,2.864,2.8584,2.8633,445468,1274578.7654
2025-08-20 08:01:00+08:00,2.8633,2.8667,2.8628,2.8652,387206,1109217.2324
2025-08-20 08:02:00+08:00,2.8652,2.8672,2.8636,2.8669,129696,371705.7582
2025-08-20 08:03:00+08:00,2.8669,2.8722,2.8669,2.8722,584324,1676822.493
2025-08-20 08:04:00+08:00,2.8722,2.8772,2.872,2.8766,433478,1246340.8424
2025-08-20 08:05:00+08:00,2.8766,2.8798,2.8752,2.8798,270082,777176.5544
2025-08-20 08:06:00+08:00,2.8798,2.883,2.879,2.8824,220852,636392.2292
2025-08-20 08:07:00+08:00,2.8824,2.8827,2.8791,2.8794,520612,1499875.5172
2025-08-20 08:08:00+08:00,2.8794,2.88,2.8781,2.8791,417514,1202250.627
2025-08-20 08:09:00+08:00,2.8791,2.8793,2.8731,2.8735,587734,1691152.3126
2025-08-20 08:10:00+08:00,2.8735,2.8774,2.8732,2.8762,347526,999024.397
2025-08-20 08:11:00+08:00,2.8762,2.8799,2.8757,2.8799,188902,543656.7884
2025-08-20 08:12:00+08:00,2.8799,2.8807,2.8773,2.8787,91634,263797.8212
2025-08-20 08:13:00+08:00,2.8787,2.8793,2.8765,2.8775,41338,118994.2814
2025-08-20 08:14:00+08:00,2.8775,2.878,2.8753,2.8769,202038,581136.306
2025-08-20 08:15:00+08:00,2.8769,2.8808,2.8762,2.8808,290606,836462.1124
2025-08-20 08:16:00+08:00,2.8808,2.8843,2.8806,2.8843,213088,614265.3362
2025-08-20 08:17:00+08:00,2.8843,2.8861,2.8836,2.8852,232196,669867.4056
2025-08-20 08:18:00+08:00,2.8852,2.8862,2.8814,2.8828,187116,539642.2812
2025-08-20 08:19:00+08:00,2.8828,2.8831,2.878,2.8791,203222,585471.9912
2025-08-20 08:20:00+08:00,2.8791,2.8821,2.8791,2.8811,102386,294943.9178
2025-08-20 08:21:00+08:00,2.8811,2.8835,2.8806,2.8809,107630,310156.7022
2025-08-20 08:22:00+08:00,2.8809,2.8829,2.8789,2.8789,230154,663276.9908
2025-08-20 08:23:00+08:00,2.8789,2.8793,2.8737,2.8737,662020,1903314.4272
2025-08-20 08:24:00+08:00,2.8737,2.8766,2.873,2.873,115516,331977.3002
2025-08-20 08:25:00+08:00,2.873,2.8734,2.8663,2.8687,447154,1282358.8976
2025-08-20 08:26:00+08:00,2.8687,2.8709,2.8686,2.869,65026,186608.4142
2025-08-20 08:27:00+08:00,2.869,2.8706,2.8679,2.8696,90406,259413.2126
2025-08-20 08:28:00+08:00,2.8696,2.8724,2.8695,2.8706,50664,145451.597
2025-08-20 08:29:00+08:00,2.8706,2.8724,2.8698,2.8722,83134,238715.3052
2025-08-20 08:30:00+08:00,2.8722,2.8758,2.8722,2.8756,176924,508422.7152
2025-08-20 08:31:00+08:00,2.8756,2.8778,2.8741,2.8743,265870,764684.2546
2025-08-20 08:32:00+08:00,2.8743,2.8743,2.8706,2.8712,385186,1106238.4792
2025-08-20 08:33:00+08:00,2.8712,2.8721,2.8702,2.8715,318700,915008.7402
2025-08-20 08:34:00+08:00,2.8715,2.874,2.8703,2.8739,57606,165452.8982
2025-08-20 08:35:00+08:00,2.8739,2.8824,2.8733,2.8813,192188,553409.0334
2025-08-20 08:36:00+08:00,2.8813,2.8818,2.8788,2.8797,71366,205586.2516
2025-08-20 08:37:00+08:00,2.8797,2.8813,2.8766,2.8781,47704,137345.9202
2025-08-20 08:38:00+08:00,2.8781,2.8816,2.8781,2.8812,35114,101149.4542
2025-08-20 08:39:00+08:00,2.8812,2.8842,2.8807,2.8834,71466,206010.2486
2025-08-20 08:40:00+08:00,2.8834,2.8857,2.8834,2.8847,89392,257894.4604
2025-08-20 08:41:00+08:00,2.8847,2.8847,2.8801,2.8813,95210,274495.333
2025-08-20 08:42:00+08:00,2.8813,2.8833,2.8804,2.8833,46176,133104.5448
2025-08-20 08:43:00+08:00,2.8833,2.8845,2.883,2.8838,100404,289561.5738
2025-08-20 08:44:00+08:00,2.8838,2.8843,2.883,2.8836,65746,189594.5116
2025-08-20 08:45:00+08:00,2.8836,2.8848,2.882,2.8848,86960,250822.9516
2025-08-20 08:46:00+08:00,2.8848,2.8868,2.8839,2.8868,102328,295274.5432
2025-08-20 08:47:00+08:00,2.8868,2.8876,2.8851,2.8853,42644,123109.6014
2025-08-20 08:48:00+08:00,2.8853,2.886,2.8812,2.8812,156670,451584.7822
2025-08-20 08:49:00+08:00,2.8812,2.8831,2.8812,2.883,66966,193024.0486
2025-08-20 08:50:00+08:00,2.883,2.8843,2.8814,2.8822,71500,206126.193
2025-08-20 08:51:00+08:00,2.8822,2.8823,2.8806,2.882,11526,33216.8604
2025-08-20 08:52:00+08:00,2.882,2.8829,2.8806,2.8809,21942,63223.351
2025-08-20 08:53:00+08:00,2.8809,2.8817,2.8802,2.8809,166394,479368.4546
2025-08-20 08:54:00+08:00,2.8809,2.8809,2.8777,2.8778,49344,142068.588
2025-08-20 08:55:00+08:00,2.8778,2.8816,2.8777,2.8802,238424,686662.5262
2025-08-20 08:56:00+08:00,2.8802,2.8809,2.8795,2.8807,28566,82292.8358
2025-08-20 08:57:00+08:00,2.8807,2.8813,2.8796,2.8807,103846,299118.377
2025-08-20 08:58:00+08:00,2.8807,2.8814,2.8784,2.8784,50610,145778.7038
2025-08-20 08:59:00+08:00,2.8784,2.8786,2.8766,2.8775,133634,384485.5288
2025-08-20 09:00:00+08:00,2.8775,2.88,2.8771,2.8797,35468,102095.8964
2025-08-20 09:01:00+08:00,2.8797,2.885,2.8793,2.885,50340,145134.5012
2025-08-20 09:02:00+08:00,2.885,2.8868,2.8846,2.8854,217660,628147.4378
2025-08-20 09:03:00+08:00,2.8854,2.8871,2.8854,2.8863,287718,830549.3878
2025-08-20 09:04:00+08:00,2.8863,2.887,2.8862,2.8869,47032,135762.88
2025-08-20 09:05:00+08:00,2.8869,2.8889,2.8864,2.8888,111950,323267.1452
2025-08-20 09:06:00+08:00,2.8888,2.8897,2.8887,2.8897,197270,569927.4586
2025-08-20 09:07:00+08:00,2.8897,2.8898,2.8864,2.8865,166238,479976.846
2025-08-20 09:08:00+08:00,2.8865,2.8865,2.8846,2.8856,122062,352243.947
2025-08-20 09:09:00+08:00,2.8856,2.8863,2.878,2.8784,289232,833813.8152
2025-08-20 09:10:00+08:00,2.8784,2.8789,2.8739,2.876,346550,996484.734
2025-08-20 09:11:00+08:00,2.876,2.8773,2.8748,2.8754,79978,230058.5306
2025-08-20 09:12:00+08:00,2.8754,2.8783,2.8754,2.8774,49440,142240.112
2025-08-20 09:13:00+08:00,2.8774,2.8782,2.8756,2.8758,28048,80683.8404
2025-08-20 09:14:00+08:00,2.8758,2.8769,2.8747,2.8769,11458,32951.4804
2025-08-20 09:15:00+08:00,2.8769,2.8774,2.8756,2.876,48380,139149.672
2025-08-20 09:16:00+08:00,2.876,2.876,2.8737,2.8741,25560,73475.2168
2025-08-20 09:17:00+08:00,2.8741,2.8741,2.8718,2.8721,228992,657870.5602
2025-08-20 09:18:00+08:00,2.8721,2.8742,2.8708,2.874,98150,281901.6286
2025-08-20 09:19:00+08:00,2.874,2.8768,2.8727,2.8762,124342,357359.191
2025-08-20 09:20:00+08:00,2.8762,2.8774,2.8746,2.8762,72368,208188.6236
2025-08-20 09:21:00+08:00,2.8762,2.886,2.876,2.8857,88092,254051.6798
2025-08-20 09:22:00+08:00,2.8857,2.8874,2.8833,2.8838,166732,481259.532
2025-08-20 09:23:00+08:00,2.8838,2.8838,2.88,2.8803,89818,258758.788
2025-08-20 09:24:00+08:00,2.8803,2.8809,2.8764,2.8768,98612,283800.5806
2025-08-20 09:25:00+08:00,2.8768,2.8781,2.8727,2.8771,99118,284927.9304
2025-08-20 09:26:00+08:00,2.8771,2.8771,2.8722,2.8726,58996,169485.353
2025-08-20 09:27:00+08:00,2.8726,2.8739,2.8705,2.8715,66702,191576.6126
2025-08-20 09:28:00+08:00,2.8715,2.8741,2.8704,2.8731,63886,183517.2324
2025-08-20 09:29:00+08:00,2.8731,2.8734,2.87,2.871,103404,296919.9974
2025-08-20 09:30:00+08:00,2.871,2.8721,2.8683,2.8687,585230,1679685.839
2025-08-20 09:31:00+08:00,2.8687,2.8698,2.863,2.8651,441290,1264222.302
2025-08-20 09:32:00+08:00,2.8651,2.8657,2.8612,2.8647,369444,1057814.423
2025-08-20 09:33:00+08:00,2.8647,2.8672,2.8637,2.866,231702,663863.109
2025-08-20 09:34:00+08:00,2.866,2.8681,2.8628,2.8653,623398,1786294.5066
2025-08-20 09:35:00+08:00,2.8653,2.8676,2.8615,2.8629,140618,402586.6546
2025-08-20 09:36:00+08:00,2.8629,2.8629,2.859,2.859,302920,866667.0014
2025-08-20 09:37:00+08:00,2.859,2.86,2.8573,2.8573,367922,1051679.9642
2025-08-20 09:38:00+08:00,2.8573,2.8586,2.8495,2.8499,769302,2195446.1508
2025-08-20 09:39:00+08:00,2.8499,2.8551,2.8476,2.8527,739202,2107984.5668
2025-08-20 09:40:00+08:00,2.8527,2.8569,2.8527,2.856,98216,280417.1204
2025-08-20 09:41:00+08:00,2.856,2.8564,2.8505,2.8509,191364,545995.0838
2025-08-20 09:42:00+08:00,2.8509,2.8526,2.85,2.8514,294142,838606.9232
2025-08-20 09:43:00+08:00,2.8514,2.8547,2.8514,2.854,401552,1145702.1752
2025-08-20 09:44:00+08:00,2.854,2.8559,2.8526,2.8548,51546,147100.485
2025-08-20 09:45:00+08:00,2.8548,2.8589,2.8548,2.8558,219854,628068.9944
2025-08-20 09:46:00+08:00,2.8558,2.8604,2.8553,2.8564,108848,311244.4662
2025-08-20 09:47:00+08:00,2.8564,2.8603,2.8564,2.859,176948,505824.825
2025-08-20 09:48:00+08:00,2.859,2.865,2.8554,2.8649,298334,853255.6294
2025-08-20 09:49:00+08:00,2.8649,2.8716,2.8642,2.8712,256364,735185.1786
2025-08-20 09:50:00+08:00,2.8712,2.8798,2.8706,2.8784,268410,771963.41
2025-08-20 09:51:00+08:00,2.8784,2.8807,2.8755,2.8807,215810,621230.4692
2025-08-20 09:52:00+08:00,2.8807,2.8829,2.8788,2.882,180358,519614.521
2025-08-20 09:53:00+08:00,2.882,2.8848,2.8801,2.8803,170522,491600.7826
2025-08-20 09:54:00+08:00,2.8803,2.8828,2.8788,2.8815,190688,549400.2566
2025-08-20 09:55:00+08:00,2.8815,2.8858,2.8798,2.8858,173978,501644.4852
2025-08-20 09:56:00+08:00,2.8858,2.8858,2.8831,2.8838,237860,686132.425
2025-08-20 09:57:00+08:00,2.8838,2.8848,2.8822,2.8822,184614,532352.5414
2025-08-20 09:58:00+08:00,2.8822,2.8826,2.8791,2.881,131626,379234.876
2025-08-20 09:59:00+08:00,2.881,2.8839,2.8807,2.8839,51794,149285.081
2025-08-20 10:00:00+08:00,2.8839,2.8849,2.8809,2.8815,968416,2791371.964
2025-08-20 10:01:00+08:00,2.8815,2.8858,2.8807,2.8844,670714,1934038.1868
2025-08-20 10:02:00+08:00,2.8844,2.8856,2.8798,2.8827,375728,1082440.2576
2025-08-20 10:03:00+08:00,2.8827,2.884,2.8804,2.881,160606,462938.2018
2025-08-20 10:04:00+08:00,2.881,2.8823,2.8769,2.8781,380838,1096202.8744
2025-08-20 10:05:00+08:00,2.8781,2.884,2.8781,2.8838,212742,613226.8978
2025-08-20 10:06:00+08:00,2.8838,2.8891,2.8833,2.8891,280410,809500.1522
2025-08-20 10:07:00+08:00,2.8891,2.8921,2.887,2.89,630754,1823225.5036
2025-08-20 10:08:00+08:00,2.89,2.89,2.8864,2.8884,158076,456513.2274
2025-08-20 10:09:00+08:00,2.8884,2.8884,2.8818,2.8849,244948,706520.4558
2025-08-20 10:10:00+08:00,2.8849,2.887,2.8845,2.887,27014,77965.3134
2025-08-20 10:11:00+08:00,2.887,2.8878,2.8865,2.8875,69164,199698.7686
2025-08-20 10:12:00+08:00,2.8875,2.889,2.8865,2.889,90668,261887.5042
2025-08-20 10:13:00+08:00,2.889,2.8915,2.889,2.8911,26750,77310.2382
2025-08-20 10:14:00+08:00,2.8911,2.892,2.8891,2.8906,609890,1762813.2552
2025-08-20 10:15:00+08:00,2.8906,2.8924,2.889,2.8921,194700,562806.0224
2025-08-20 10:16:00+08:00,2.8921,2.8921,2.8894,2.8906,183630,530812.9792
2025-08-20 10:17:00+08:00,2.8906,2.8908,2.8888,2.8908,97840,282718.5916
2025-08-20 10:18:00+08:00,2.8908,2.8924,2.889,2.889,118820,343584.9676
2025-08-20 10:19:00+08:00,2.889,2.8907,2.8881,2.8906,62680,181104.5788
2025-08-20 10:20:00+08:00,2.8906,2.8917,2.8902,2.8909,117390,339336.0248
2025-08-20 10:21:00+08:00,2.8909,2.8913,2.8886,2.8887,29802,86138.9646
2025-08-20 10:22:00+08:00,2.8887,2.8915,2.8881,2.8901,31116,89925.3132
2025-08-20 10:23:00+08:00,2.8901,2.8918,2.8901,2.8914,42878,123966.4798
2025-08-20 10:24:00+08:00,2.8914,2.8926,2.8912,2.8913,40132,116056.6802
2025-08-20 10:25:00+08:00,2.8913,2.8918,2.8907,2.8918,67760,195933.5172
2025-08-20 10:26:00+08:00,2.8918,2.8926,2.891,2.8912,149216,431457.3978
2025-08-20 10:27:00+08:00,2.8912,2.8912,2.8892,2.8892,101732,294012.3534
2025-08-20 10:28:00+08:00,2.8892,2.8901,2.8888,2.89,121020,349663.6952
2025-08-20 10:29:00+08:00,2.89,2.8904,2.8894,2.8904,33094,95644.4364
2025-08-20 10:30:00+08:00,2.8904,2.8904,2.8879,2.89,100022,288909.036
2025-08-20 10:31:00+08:00,2.89,2.8905,2.8878,2.8884,449660,1298949.5378
2025-08-20 10:32:00+08:00,2.8884,2.8908,2.8884,2.8902,39240,113414.4434
2025-08-20 10:33:00+08:00,2.8902,2.8915,2.8873,2.8873,69726,201443.9528
2025-08-20 10:34:00+08:00,2.8873,2.8873,2.8855,2.8857,44360,128024.0032
2025-08-20 10:35:00+08:00,2.8857,2.8898,2.8857,2.8898,46700,134808.9408
2025-08-20 10:36:00+08:00,2.8898,2.8907,2.8879,2.8879,39884,115260.4712
2025-08-20 10:37:00+08:00,2.8879,2.8901,2.8874,2.8888,48144,139082.55
2025-08-20 10:38:00+08:00,2.8888,2.8899,2.8883,2.8887,42864,123845.4852
2025-08-20 10:39:00+08:00,2.8887,2.8906,2.8887,2.8894,45958,132800.225
2025-08-20 10:40:00+08:00,2.8894,2.8894,2.8861,2.8865,197892,571375.0138
2025-08-20 10:41:00+08:00,2.8865,2.8894,2.8865,2.8884,76808,221880.3492
2025-08-20 10:42:00+08:00,2.8884,2.8907,2.8883,2.8901,127328,367820.8392
2025-08-20 10:43:00+08:00,2.8901,2.891,2.8894,2.891,50014,144575.8212
2025-08-20 10:44:00+08:00,2.891,2.8917,2.8904,2.8914,34054,98458.7896
2025-08-20 10:45:00+08:00,2.8914,2.8925,2.8909,2.8918,183652,531074.1278
2025-08-20 10:46:00+08:00,2.8918,2.8925,2.8907,2.892,63328,183113.8742
2025-08-20 10:47:00+08:00,2.892,2.892,2.8882,2.8898,54028,156101.6428
2025-08-20 10:48:00+08:00,2.8898,2.8919,2.8897,2.89,118030,341213.3338
2025-08-20 10:49:00+08:00,2.89,2.8907,2.8898,2.8906,6232,18011.279
2025-08-20 10:50:00+08:00,2.8906,2.8906,2.8878,2.8885,217032,626779.7026
2025-08-20 10:51:00+08:00,2.8885,2.8885,2.8868,2.8882,45376,131034.7944
2025-08-20 10:52:00+08:00,2.8882,2.8896,2.8879,2.8894,145282,419682.4202
2025-08-20 10:53:00+08:00,2.8894,2.8899,2.8868,2.8869,7158,20677.4024
2025-08-20 10:54:00+08:00,2.8869,2.8873,2.8866,2.8866,6252,18048.8872
2025-08-20 10:55:00+08:00,2.8866,2.8873,2.8844,2.8861,106634,307716.3802
2025-08-20 10:56:00+08:00,2.8861,2.8869,2.8857,2.8864,51622,149003.5622
2025-08-20 10:57:00+08:00,2.8864,2.8866,2.8849,2.8856,66550,192007.7506
2025-08-20 10:58:00+08:00,2.8856,2.8867,2.8844,2.8856,74334,214487.8046
2025-08-20 10:59:00+08:00,2.8856,2.8856,2.8831,2.8837,69492,200488.2542
2025-08-20 11:00:00+08:00,2.8837,2.8851,2.8828,2.8843,279290,805426.7988
2025-08-20 11:01:00+08:00,2.8843,2.8868,2.8843,2.8863,97544,281522.7666
2025-08-20 11:02:00+08:00,2.8863,2.889,2.8863,2.8883,187856,542488.7638
2025-08-20 11:03:00+08:00,2.8883,2.8918,2.8879,2.8903,542016,1565969.4322
2025-08-20 11:04:00+08:00,2.8903,2.8907,2.889,2.8897,26668,77058.1748
2025-08-20 11:05:00+08:00,2.8897,2.8903,2.8881,2.8881,162390,469256.3382
2025-08-20 11:06:00+08:00,2.8881,2.8885,2.8855,2.8856,93394,269525.6472
2025-08-20 11:07:00+08:00,2.8856,2.8907,2.8845,2.8889,182520,527204.0656
2025-08-20 11:08:00+08:00,2.8889,2.8921,2.8889,2.8921,68054,196749.0984
2025-08-20 11:09:00+08:00,2.8921,2.8921,2.8894,2.8894,92774,268170.4778
2025-08-20 11:10:00+08:00,2.8894,2.8894,2.8841,2.8847,86980,251049.1518
2025-08-20 11:11:00+08:00,2.8847,2.8858,2.8832,2.8838,106312,306721.9232
2025-08-20 11:12:00+08:00,2.8838,2.8861,2.8838,2.8851,126670,365440.522
2025-08-20 11:13:00+08:00,2.8851,2.8852,2.8841,2.8846,37868,109228.4848
2025-08-20 11:14:00+08:00,2.8846,2.8846,2.8817,2.8825,374560,1079757.1626
2025-08-20 11:15:00+08:00,2.8825,2.8835,2.8817,2.8825,76688,221075.145
2025-08-20 11:16:00+08:00,2.8825,2.8829,2.8802,2.8823,59666,171930.6392
2025-08-20 11:17:00+08:00,2.8823,2.8839,2.8808,2.8817,34584,99694.0952
2025-08-20 11:18:00+08:00,2.8817,2.8843,2.8815,2.8843,78520,226426.4174
2025-08-20 11:19:00+08:00,2.8843,2.8867,2.8843,2.8867,13404,38685.217
2025-08-20 11:20:00+08:00,2.8867,2.8901,2.8867,2.89,173586,501439.344
2025-08-20 11:21:00+08:00,2.89,2.8902,2.8875,2.8875,78842,227806.3532
2025-08-20 11:22:00+08:00,2.8875,2.8879,2.8848,2.886,49282,142215.4842
2025-08-20 11:23:00+08:00,2.886,2.8879,2.8859,2.8879,13230,38195.0848
2025-08-20 11:24:00+08:00,2.8879,2.8889,2.8879,2.8889,7990,23080.217
2025-08-20 11:25:00+08:00,2.8889,2.8897,2.8874,2.8874,75268,217436.6092
2025-08-20 11:26:00+08:00,2.8874,2.8899,2.8874,2.8899,129600,374381.5904
2025-08-20 11:27:00+08:00,2.8899,2.8919,2.8889,2.8918,94756,273948.185
2025-08-20 11:28:00+08:00,2.8918,2.8922,2.8903,2.8916,116564,337060.4592
2025-08-20 11:29:00+08:00,2.8916,2.8929,2.8906,2.8929,54238,156836.6044
2025-08-20 11:30:00+08:00,2.8929,2.8947,2.8919,2.8941,265896,769357.1624
2025-08-20 11:31:00+08:00,2.8941,2.8954,2.8941,2.895,170896,494752.9544
2025-08-20 11:32:00+08:00,2.895,2.8963,2.8946,2.8962,108446,313987.4396
2025-08-20 11:33:00+08:00,2.8962,2.8991,2.8962,2.899,188284,545580.5154
2025-08-20 11:34:00+08:00,2.899,2.899,2.897,2.898,610042,1768038.1254
2025-08-20 11:35:00+08:00,2.898,2.898,2.8944,2.895,255236,739014.578
2025-08-20 11:36:00+08:00,2.895,2.895,2.8925,2.8933,405184,1172463.0872
2025-08-20 11:37:00+08:00,2.8933,2.8933,2.8907,2.891,142740,412748.9678
2025-08-20 11:38:00+08:00,2.891,2.8929,2.8904,2.8905,58082,167936.9412
2025-08-20 11:39:00+08:00,2.8905,2.8913,2.8886,2.8905,129282,373596.5732
2025-08-20 11:40:00+08:00,2.8905,2.8912,2.8884,2.8889,37692,108894.7348
2025-08-20 11:41:00+08:00,2.8889,2.889,2.8843,2.8844,109324,315540.102
2025-08-20 11:42:00+08:00,2.8844,2.8844,2.8828,2.8833,238264,687097.9074
2025-08-20 11:43:00+08:00,2.8833,2.8844,2.8831,2.8836,103400,298138.9358
2025-08-20 11:44:00+08:00,2.8836,2.8849,2.8834,2.8849,35388,102058.8284
2025-08-20 11:45:00+08:00,2.8849,2.8849,2.8833,2.8844,53942,155571.1988
2025-08-20 11:46:00+08:00,2.8844,2.8853,2.8828,2.8836,413068,1190892.7038
2025-08-20 11:47:00+08:00,2.8836,2.8845,2.8827,2.8827,245060,706787.9934
2025-08-20 11:48:00+08:00,2.8827,2.8842,2.882,2.8838,69558,200536.8684
2025-08-20 11:49:00+08:00,2.8838,2.8851,2.8827,2.8851,27520,79369.6136
2025-08-20 11:50:00+08:00,2.8851,2.8867,2.8851,2.8858,21740,62745.6012
2025-08-20 11:51:00+08:00,2.8858,2.8864,2.8851,2.8859,24218,69895.845
2025-08-20 11:52:00+08:00,2.8859,2.8873,2.8854,2.8865,45804,132198.9462
2025-08-20 11:53:00+08:00,2.8865,2.8871,2.8853,2.8863,200892,579822.793
2025-08-20 11:54:00+08:00,2.8863,2.8876,2.8862,2.8876,6446,18608.4764
2025-08-20 11:55:00+08:00,2.8876,2.8886,2.887,2.887,50698,146394.358
2025-08-20 11:56:00+08:00,2.887,2.888,2.8862,2.8873,22938,66228.4412
2025-08-20 11:57:00+08:00,2.8873,2.8881,2.8872,2.8876,16612,47970.834
2025-08-20 11:58:00+08:00,2.8876,2.8876,2.8862,2.8863,27606,79703.0892
2025-08-20 11:59:00+08:00,2.8863,2.8863,2.8854,2.886,14340,41381.2338
2025-08-20 12:00:00+08:00,2.886,2.8875,2.8855,2.8872,97994,282846.7076
2025-08-20 12:01:00+08:00,2.8872,2.8895,2.8872,2.8895,35378,102192.2204
2025-08-20 12:02:00+08:00,2.8895,2.8929,2.8895,2.8929,33404,96589.3332
2025-08-20 12:03:00+08:00,2.8929,2.8933,2.8911,2.8923,124498,360118.358
2025-08-20 12:04:00+08:00,2.8923,2.8923,2.8893,2.8896,176558,510230.6182
2025-08-20 12:05:00+08:00,2.8896,2.8905,2.8884,2.8905,52398,151397.1232
2025-08-20 12:06:00+08:00,2.8905,2.8915,2.8899,2.8915,42288,122227.8532
2025-08-20 12:07:00+08:00,2.8915,2.8927,2.8915,2.8927,160482,464199.2922
2025-08-20 12:08:00+08:00,2.8927,2.8949,2.8921,2.8949,479146,1386593.3654
2025-08-20 12:09:00+08:00,2.8949,2.895,2.8931,2.8939,31042,89838.395
2025-08-20 12:10:00+08:00,2.8939,2.894,2.8918,2.893,44824,129658.55
2025-08-20 12:11:00+08:00,2.893,2.893,2.8918,2.8919,14184,41028.7418
2025-08-20 12:12:00+08:00,2.8919,2.8919,2.8905,2.8905,9844,28462.1642
2025-08-20 12:13:00+08:00,2.8905,2.8911,2.8895,2.8902,30494,88131.678
2025-08-20 12:14:00+08:00,2.8902,2.8918,2.89,2.8918,30144,87138.9508
2025-08-20 12:15:00+08:00,2.8918,2.8918,2.89,2.8909,42600,123151.0232
2025-08-20 12:16:00+08:00,2.8909,2.8919,2.8909,2.8916,17470,50512.6878
2025-08-20 12:17:00+08:00,2.8916,2.8947,2.8916,2.8946,94690,273964.464
2025-08-20 12:18:00+08:00,2.8946,2.8963,2.893,2.8963,202380,585788.0582
2025-08-20 12:19:00+08:00,2.8963,2.8964,2.8941,2.8953,114328,330953.1764
2025-08-20 12:20:00+08:00,2.8953,2.8953,2.8933,2.8933,24494,70888.6392
2025-08-20 12:21:00+08:00,2.8933,2.8938,2.8921,2.8921,56436,163260.0462
2025-08-20 12:22:00+08:00,2.8921,2.8924,2.8914,2.892,42082,121689.1376
2025-08-20 12:23:00+08:00,2.892,2.8936,2.8916,2.8929,62866,181859.7338
2025-08-20 12:24:00+08:00,2.8929,2.8929,2.8916,2.8917,13406,38774.174
2025-08-20 12:25:00+08:00,2.8917,2.8923,2.8911,2.8918,85790,248104.2224
2025-08-20 12:26:00+08:00,2.8918,2.8943,2.8918,2.8943,25850,74789.1348
2025-08-20 12:27:00+08:00,2.8943,2.8953,2.8937,2.8952,1215978,3519167.819
2025-08-20 12:28:00+08:00,2.8952,2.896,2.8952,2.8953,38928,112708.7336
2025-08-20 12:29:00+08:00,2.8953,2.8953,2.8944,2.8953,125372,362909.1924
2025-08-20 12:30:00+08:00,2.8953,2.8961,2.8951,2.8961,31960,92546.2238
2025-08-20 12:31:00+08:00,2.8961,2.8969,2.8957,2.8969,72830,210926.0124
2025-08-20 12:32:00+08:00,2.8969,2.8979,2.8969,2.8977,45384,131499.718
2025-08-20 12:33:00+08:00,2.8977,2.9,2.8977,2.8999,192590,558343.4476
2025-08-20 12:34:00+08:00,2.8999,2.9,2.8977,2.8987,301888,875362.0308
2025-08-20 12:35:00+08:00,2.8987,2.8992,2.8978,2.8979,657056,1904408.7226
2025-08-20 12:36:00+08:00,2.8979,2.8979,2.893,2.8962,333812,966136.8332
2025-08-20 12:37:00+08:00,2.8962,2.8974,2.8936,2.8936,337100,976157.6688
2025-08-20 12:38:00+08:00,2.8936,2.8937,2.89,2.8907,141562,409320.6028
2025-08-20 12:39:00+08:00,2.8907,2.8907,2.8894,2.8902,28620,82706.815
2025-08-20 12:40:00+08:00,2.8902,2.891,2.8883,2.8883,99878,288598.457
2025-08-20 12:41:00+08:00,2.8883,2.8894,2.8883,2.8886,15510,44802.3512
2025-08-20 12:42:00+08:00,2.8886,2.892,2.8886,2.8912,50412,145737.6432
2025-08-20 12:43:00+08:00,2.8912,2.8927,2.8909,2.8922,26264,75956.034
2025-08-20 12:44:00+08:00,2.8922,2.8922,2.8908,2.8908,33086,95657.808
2025-08-20 12:45:00+08:00,2.8908,2.8921,2.8907,2.8912,61182,176908.7634
2025-08-20 12:46:00+08:00,2.8912,2.8912,2.8904,2.8909,23352,67500.984
2025-08-20 12:47:00+08:00,2.8909,2.8917,2.8906,2.8906,21152,61146.2918
2025-08-20 12:48:00+08:00,2.8906,2.8923,2.8906,2.891,24316,70302.7812
2025-08-20 12:49:00+08:00,2.891,2.8929,2.8907,2.8929,53268,154011.8458
2025-08-20 12:50:00+08:00,2.8929,2.8963,2.8929,2.8961,134080,388093.7828
2025-08-20 12:51:00+08:00,2.8961,2.8967,2.8953,2.8967,12990,37620.9068
2025-08-20 12:52:00+08:00,2.8967,2.8985,2.8962,2.8985,112590,326268.2272
2025-08-20 12:53:00+08:00,2.8985,2.8988,2.8971,2.8971,50388,146025.5472
2025-08-20 12:54:00+08:00,2.8971,2.8975,2.8969,2.8974,9608,27837.844
2025-08-20 12:55:00+08:00,2.8974,2.8979,2.8969,2.8971,177894,515426.1444
2025-08-20 12:56:00+08:00,2.8971,2.8986,2.8971,2.8986,77630,224991.6582
2025-08-20 12:57:00+08:00,2.8986,2.8986,2.8978,2.8984,22654,65657.148
2025-08-20 12:58:00+08:00,2.8984,2.8987,2.8979,2.8979,37760,109437.857
2025-08-20 12:59:00+08:00,2.8979,2.8982,2.8966,2.8977,43574,126251.7558
2025-08-20 13:00:00+08:00,2.8977,2.8987,2.8976,2.8976,162144,469837.5522
2025-08-20 13:01:00+08:00,2.8976,2.8976,2.8963,2.8965,179414,519719.5988
2025-08-20 13:02:00+08:00,2.8965,2.898,2.8961,2.8973,34722,100590.2628
2025-08-20 13:03:00+08:00,2.8973,2.898,2.8964,2.898,76562,221813.1754
2025-08-20 13:04:00+08:00,2.898,2.8989,2.8973,2.8973,63272,183402.2228
2025-08-20 13:05:00+08:00,2.8973,2.8977,2.8961,2.8961,36134,104694.504
2025-08-20 13:06:00+08:00,2.8961,2.8961,2.8946,2.8952,100036,289611.0904
2025-08-20 13:07:00+08:00,2.8952,2.8953,2.8932,2.8932,44158,127824.9652
2025-08-20 13:08:00+08:00,2.8932,2.8943,2.8927,2.894,29642,85769.449
2025-08-20 13:09:00+08:00,2.894,2.894,2.8929,2.8932,6950,20109.7358
2025-08-20 13:10:00+08:00,2.8932,2.8938,2.8918,2.8924,49600,143441.8622
2025-08-20 13:11:00+08:00,2.8924,2.8924,2.8922,2.8923,23146,66945.8172
2025-08-20 13:12:00+08:00,2.8923,2.8931,2.8923,2.893,104974,303636.212
2025-08-20 13:13:00+08:00,2.893,2.893,2.8921,2.8925,36082,104372.4104
2025-08-20 13:14:00+08:00,2.8925,2.8929,2.8925,2.8926,260724,754187.7532
2025-08-20 13:15:00+08:00,2.8926,2.8948,2.8926,2.8945,23466,67910.5498
2025-08-20 13:16:00+08:00,2.8945,2.8945,2.892,2.892,21404,61921.5616
2025-08-20 13:17:00+08:00,2.892,2.8923,2.8909,2.8909,93430,270160.5194
2025-08-20 13:18:00+08:00,2.8909,2.8909,2.889,2.889,78160,225878.9592
2025-08-20 13:19:00+08:00,2.889,2.8891,2.8873,2.8875,216360,624967.2858
2025-08-20 13:20:00+08:00,2.8875,2.8878,2.8865,2.8866,51372,148308.241
2025-08-20 13:21:00+08:00,2.8866,2.8888,2.8866,2.8879,144020,415754.7484
2025-08-20 13:22:00+08:00,2.8879,2.891,2.8879,2.8902,26830,77533.6818
2025-08-20 13:23:00+08:00,2.8902,2.8922,2.8902,2.8921,73922,213701.0036
2025-08-20 13:24:00+08:00,2.8921,2.8922,2.8906,2.8918,1215420,3514827.6494
2025-08-20 13:25:00+08:00,2.8918,2.8931,2.8918,2.8923,149428,432196.6044
2025-08-20 13:26:00+08:00,2.8923,2.8923,2.8907,2.8907,41566,120198.6938
2025-08-20 13:27:00+08:00,2.8907,2.8929,2.8907,2.8928,125452,362830.823
2025-08-20 13:28:00+08:00,2.8928,2.8932,2.8922,2.8929,25682,74286.547
2025-08-20 13:29:00+08:00,2.8929,2.8934,2.8929,2.8934,19762,57177.33
2025-08-20 13:30:00+08:00,2.8934,2.8942,2.8911,2.8913,251902,728578.5606
2025-08-20 13:31:00+08:00,2.8913,2.8928,2.8913,2.8923,20208,58438.515
2025-08-20 13:32:00+08:00,2.8923,2.8931,2.8913,2.8926,48716,140899.192
2025-08-20 13:33:00+08:00,2.8926,2.8928,2.8914,2.8923,8512,24613.8618
2025-08-20 13:34:00+08:00,2.8923,2.8956,2.8923,2.8956,26164,75729.557
2025-08-20 13:35:00+08:00,2.8956,2.8956,2.8933,2.8933,58164,168356.6156
2025-08-20 13:36:00+08:00,2.8933,2.895,2.893,2.8949,67686,195931.3818
2025-08-20 13:37:00+08:00,2.8949,2.8955,2.8946,2.8954,100988,292395.3452
2025-08-20 13:38:00+08:00,2.8954,2.8973,2.8954,2.8968,91652,265457.6316
2025-08-20 13:39:00+08:00,2.8968,2.8968,2.8948,2.8955,82562,239053.851
2025-08-20 13:40:00+08:00,2.8955,2.8969,2.8952,2.8964,87348,252989.9598
2025-08-20 13:41:00+08:00,2.8964,2.8968,2.8962,2.8962,24634,71350.8044
2025-08-20 13:42:00+08:00,2.8962,2.8962,2.8953,2.8957,20060,58091.2604
2025-08-20 13:43:00+08:00,2.8957,2.8957,2.894,2.8949,117164,339163.1916
2025-08-20 13:44:00+08:00,2.8949,2.8955,2.8948,2.8953,21646,62664.3824
2025-08-20 13:45:00+08:00,2.8953,2.8961,2.8942,2.8943,34856,100918.8346
2025-08-20 13:46:00+08:00,2.8943,2.8963,2.8943,2.8946,50044,144901.2344
2025-08-20 13:47:00+08:00,2.8946,2.8955,2.8946,2.8953,3268,9461.2572
2025-08-20 13:48:00+08:00,2.8953,2.8966,2.8953,2.8965,12586,36455.0918
2025-08-20 13:49:00+08:00,2.8965,2.8966,2.896,2.8963,28716,83176.2814
2025-08-20 13:50:00+08:00,2.8963,2.8968,2.8963,2.8967,8728,25282.2954
2025-08-20 13:51:00+08:00,2.8967,2.897,2.8961,2.8961,39346,113970.399
2025-08-20 13:52:00+08:00,2.8961,2.8971,2.8958,2.8971,97992,283862.4538
2025-08-20 13:53:00+08:00,2.8971,2.8981,2.897,2.8981,66002,191241.1162
2025-08-20 13:54:00+08:00,2.8981,2.8982,2.8975,2.8978,61908,179395.2494
2025-08-20 13:55:00+08:00,2.8978,2.8984,2.8969,2.8982,75800,219658.2622
2025-08-20 13:56:00+08:00,2.8982,2.8987,2.8981,2.8986,86640,251121.7706
2025-08-20 13:57:00+08:00,2.8986,2.8992,2.8979,2.8986,123380,357643.5762
2025-08-20 13:58:00+08:00,2.8986,2.8989,2.8976,2.8978,93872,272083.7362
2025-08-20 13:59:00+08:00,2.8978,2.8991,2.8975,2.8989,35094,101727.6308
2025-08-20 14:00:00+08:00,2.8989,2.8989,2.8929,2.8943,1761836,5103836.207
2025-08-20 14:01:00+08:00,2.8943,2.8943,2.8919,2.8933,187290,541744.9686
2025-08-20 14:02:00+08:00,2.8933,2.8943,2.8933,2.8938,19060,55149.863
2025-08-20 14:03:00+08:00,2.8938,2.8938,2.8919,2.8919,34314,99270.074
2025-08-20 14:04:00+08:00,2.8919,2.8919,2.889,2.8892,196770,568550.1994
2025-08-20 14:05:00+08:00,2.8892,2.8898,2.889,2.8893,217852,629513.6984
2025-08-20 14:06:00+08:00,2.8893,2.8895,2.8884,2.8895,207846,600411.8834
2025-08-20 14:07:00+08:00,2.8895,2.8896,2.8878,2.888,106580,307828.9024
2025-08-20 14:08:00+08:00,2.888,2.8887,2.8875,2.8877,96020,277293.435
2025-08-20 14:09:00+08:00,2.8877,2.8884,2.8877,2.8879,168168,485661.9048
2025-08-20 14:10:00+08:00,2.8879,2.8879,2.8869,2.8869,28044,80973.5348
2025-08-20 14:11:00+08:00,2.8869,2.8871,2.8843,2.8844,388278,1120580.6322
2025-08-20 14:12:00+08:00,2.8844,2.8844,2.8828,2.8828,124056,357704.4998
2025-08-20 14:13:00+08:00,2.8828,2.8837,2.8823,2.8825,276714,797668.7906
2025-08-20 14:14:00+08:00,2.8825,2.8828,2.8823,2.8827,13472,38833.4064
2025-08-20 14:15:00+08:00,2.8827,2.8838,2.8815,2.8816,235404,678411.2464
2025-08-20 14:16:00+08:00,2.8816,2.8822,2.8809,2.8822,135576,390643.9624
2025-08-20 14:17:00+08:00,2.8822,2.8822,2.8753,2.8769,984838,2833868.2564
2025-08-20 14:18:00+08:00,2.8769,2.8808,2.8769,2.8808,418546,1204912.2046
2025-08-20 14:19:00+08:00,2.8808,2.883,2.8801,2.883,545052,1570468.6484
2025-08-20 14:20:00+08:00,2.883,2.8833,2.8816,2.8824,177954,513000.7
2025-08-20 14:21:00+08:00,2.8824,2.8832,2.8816,2.8829,71272,205427.7762
2025-08-20 14:22:00+08:00,2.8829,2.8863,2.8824,2.8844,384660,1109589.4484
2025-08-20 14:23:00+08:00,2.8844,2.8845,2.8826,2.8826,124482,358944.6664
2025-08-20 14:24:00+08:00,2.8826,2.8845,2.8822,2.8833,157128,453081.1534
2025-08-20 14:25:00+08:00,2.8833,2.8833,2.8814,2.8819,135802,391389.9686
2025-08-20 14:26:00+08:00,2.8819,2.8824,2.8804,2.8824,91650,264057.722
2025-08-20 14:27:00+08:00,2.8824,2.8832,2.8809,2.881,112934,325470.2544
2025-08-20 14:28:00+08:00,2.881,2.8815,2.8805,2.8812,48444,139566.3746
2025-08-20 14:29:00+08:00,2.8812,2.8845,2.8811,2.8842,93306,269057.6206
2025-08-20 14:30:00+08:00,2.8842,2.8875,2.8836,2.8869,234102,675633.9148
2025-08-20 14:31:00+08:00,2.8869,2.8871,2.8837,2.8843,284004,819497.0832
2025-08-20 14:32:00+08:00,2.8843,2.8843,2.8829,2.8834,83276,240101.846
2025-08-20 14:33:00+08:00,2.8834,2.8849,2.8821,2.8849,83788,241555.8148
2025-08-20 14:34:00+08:00,2.8849,2.8866,2.8843,2.8864,128928,372094.4172
2025-08-20 14:35:00+08:00,2.8864,2.8864,2.8842,2.8856,555822,1603699.7672
2025-08-20 14:36:00+08:00,2.8856,2.888,2.8839,2.888,226030,652581.906
2025-08-20 14:37:00+08:00,2.888,2.8891,2.8873,2.889,124110,358472.9602
2025-08-20 14:38:00+08:00,2.889,2.8895,2.8885,2.8885,101302,292678.8332
2025-08-20 14:39:00+08:00,2.8885,2.8896,2.888,2.8896,87496,252795.2446
2025-08-20 14:40:00+08:00,2.8896,2.8917,2.8895,2.8916,76270,220498.613
2025-08-20 14:41:00+08:00,2.8916,2.8919,2.8903,2.8912,64782,187305.0824
2025-08-20 14:42:00+08:00,2.8912,2.8912,2.8897,2.8908,240906,696215.2304
2025-08-20 14:43:00+08:00,2.8908,2.8908,2.89,2.8907,48542,140299.9904
2025-08-20 14:44:00+08:00,2.8907,2.8909,2.8897,2.8901,98754,285453.1368
2025-08-20 14:45:00+08:00,2.8901,2.8902,2.8885,2.8885,77606,224218.7892
2025-08-20 14:46:00+08:00,2.8885,2.8886,2.8862,2.8862,71562,206615.7724
2025-08-20 14:47:00+08:00,2.8862,2.8862,2.8842,2.8842,162806,469688.7688
2025-08-20 14:48:00+08:00,2.8842,2.8851,2.8824,2.8837,137814,397416.916
2025-08-20 14:49:00+08:00,2.8837,2.8842,2.8829,2.8834,14460,41692.1014
2025-08-20 14:50:00+08:00,2.8834,2.8861,2.8834,2.8852,155798,449463.9198
2025-08-20 14:51:00+08:00,2.8852,2.8852,2.8838,2.8838,244692,705783.0936
2025-08-20 14:52:00+08:00,2.8838,2.8841,2.8831,2.8841,87650,252733.183
2025-08-20 14:53:00+08:00,2.8841,2.886,2.8838,2.8859,119424,344590.2538
2025-08-20 14:54:00+08:00,2.8859,2.886,2.8848,2.8851,198860,573830.7556
2025-08-20 14:55:00+08:00,2.8851,2.8852,2.8845,2.8846,24740,71365.5832
2025-08-20 14:56:00+08:00,2.8846,2.8867,2.8839,2.8859,102222,294932.8036
2025-08-20 14:57:00+08:00,2.8859,2.8866,2.8842,2.885,100298,289365.5152
2025-08-20 14:58:00+08:00,2.885,2.8853,2.8842,2.8842,45310,130713.4184
2025-08-20 14:59:00+08:00,2.8842,2.8844,2.8827,2.8841,274418,791128.3232
2025-08-20 15:00:00+08:00,2.8841,2.8866,2.8836,2.8865,262824,758114.0964
2025-08-20 15:01:00+08:00,2.8865,2.8865,2.8818,2.8839,293756,847035.2728
2025-08-20 15:02:00+08:00,2.8839,2.8888,2.8836,2.8888,266170,768598.3256
2025-08-20 15:03:00+08:00,2.8888,2.8902,2.8864,2.8864,404132,1166847.3802
2025-08-20 15:04:00+08:00,2.8864,2.8868,2.8859,2.8861,104654,302056.8462
2025-08-20 15:05:00+08:00,2.8861,2.8885,2.8818,2.8823,191380,552207.2292
2025-08-20 15:06:00+08:00,2.8823,2.884,2.8818,2.884,275700,794751.7956
2025-08-20 15:07:00+08:00,2.884,2.8872,2.884,2.8872,30126,86941.5386
2025-08-20 15:08:00+08:00,2.8872,2.888,2.8864,2.8864,139140,401794.6748
2025-08-20 15:09:00+08:00,2.8864,2.8888,2.886,2.8884,52062,150347.3582
2025-08-20 15:10:00+08:00,2.8884,2.8915,2.8876,2.8911,292666,845795.4274
2025-08-20 15:11:00+08:00,2.8911,2.8911,2.8874,2.8885,213890,618223.7372
2025-08-20 15:12:00+08:00,2.8885,2.8903,2.8872,2.8899,110922,320387.6396
2025-08-20 15:13:00+08:00,2.8899,2.8903,2.8882,2.8898,60316,174283.188
2025-08-20 15:14:00+08:00,2.8898,2.8919,2.8898,2.8913,140452,406128.5894
2025-08-20 15:15:00+08:00,2.8913,2.8942,2.8912,2.8935,210962,610233.9918
2025-08-20 15:16:00+08:00,2.8935,2.8949,2.893,2.8949,386340,1117969.6864
2025-08-20 15:17:00+08:00,2.8949,2.8953,2.8915,2.8915,522326,1511666.34
2025-08-20 15:18:00+08:00,2.8915,2.8919,2.89,2.8919,96446,278802.2066
2025-08-20 15:19:00+08:00,2.8919,2.8925,2.8906,2.892,120876,349582.5974
2025-08-20 15:20:00+08:00,2.892,2.8928,2.892,2.8924,344092,995359.8612
2025-08-20 15:21:00+08:00,2.8924,2.8924,2.8902,2.8908,96016,277557.4646
2025-08-20 15:22:00+08:00,2.8908,2.8916,2.8896,2.8896,542256,1567489.8832
2025-08-20 15:23:00+08:00,2.8896,2.8908,2.8894,2.8902,10066,29088.841
2025-08-20 15:24:00+08:00,2.8902,2.8907,2.8901,2.8901,37122,107289.0992
2025-08-20 15:25:00+08:00,2.8901,2.8903,2.8868,2.8882,361018,1042742.1298
2025-08-20 15:26:00+08:00,2.8882,2.8916,2.8882,2.8916,98416,284401.8434
2025-08-20 15:27:00+08:00,2.8916,2.8916,2.8904,2.8906,71860,207754.9636
2025-08-20 15:28:00+08:00,2.8906,2.8926,2.8903,2.8915,163924,474070.5282
2025-08-20 15:29:00+08:00,2.8915,2.8924,2.8909,2.8921,341466,987482.6016
2025-08-20 15:30:00+08:00,2.8921,2.8924,2.8875,2.8876,50374,145627.9272
2025-08-20 15:31:00+08:00,2.8876,2.8876,2.8853,2.8853,394738,1139271.631
2025-08-20 15:32:00+08:00,2.8853,2.8882,2.8853,2.8871,147858,426728.3172
2025-08-20 15:33:00+08:00,2.8871,2.8885,2.8855,2.8856,256078,739278.7164
2025-08-20 15:34:00+08:00,2.8856,2.8862,2.8844,2.8855,102546,295856.8942
2025-08-20 15:35:00+08:00,2.8855,2.8858,2.8825,2.8827,175490,505961.8362
2025-08-20 15:36:00+08:00,2.8827,2.884,2.8812,2.8817,206910,596323.0168
2025-08-20 15:37:00+08:00,2.8817,2.8839,2.8817,2.8839,134672,388265.4004
2025-08-20 15:38:00+08:00,2.8839,2.884,2.8824,2.8831,34458,99347.2816
2025-08-20 15:39:00+08:00,2.8831,2.8832,2.8816,2.8826,37492,108056.769
2025-08-20 15:40:00+08:00,2.8826,2.8833,2.882,2.8823,304174,876796.1318
2025-08-20 15:41:00+08:00,2.8823,2.8826,2.8809,2.8809,157414,453638.92
2025-08-20 15:42:00+08:00,2.8809,2.8811,2.8791,2.8798,355928,1025059.2626
2025-08-20 15:43:00+08:00,2.8798,2.88,2.8773,2.8774,318590,917181.9688
2025-08-20 15:44:00+08:00,2.8774,2.8774,2.8742,2.8761,533414,1533698.5378
2025-08-20 15:45:00+08:00,2.8761,2.8761,2.873,2.8731,342454,984331.4324
2025-08-20 15:46:00+08:00,2.8731,2.8773,2.8731,2.8766,81010,232928.1434
2025-08-20 15:47:00+08:00,2.8766,2.8771,2.876,2.8769,130362,374960.333
2025-08-20 15:48:00+08:00,2.8769,2.8787,2.8762,2.8768,235050,676321.5236
2025-08-20 15:49:00+08:00,2.8768,2.8768,2.8736,2.874,531396,1527744.506
2025-08-20 15:50:00+08:00,2.874,2.874,2.8705,2.8734,677306,1945165.2362
2025-08-20 15:51:00+08:00,2.8734,2.8746,2.8715,2.8717,225104,646744.5532
2025-08-20 15:52:00+08:00,2.8717,2.8723,2.8717,2.8722,53906,154815.1698
2025-08-20 15:53:00+08:00,2.8722,2.8722,2.8688,2.8688,682074,1957250.959
2025-08-20 15:54:00+08:00,2.8688,2.872,2.8687,2.8712,390268,1120433.4348
2025-08-20 15:55:00+08:00,2.8712,2.872,2.8696,2.871,223888,642661.1934
2025-08-20 15:56:00+08:00,2.871,2.871,2.8675,2.8676,573374,1644816.284
2025-08-20 15:57:00+08:00,2.8676,2.8679,2.8637,2.8648,1007980,2888065.2566
2025-08-20 15:58:00+08:00,2.8648,2.8651,2.8643,2.8651,128888,369244.8332
2025-08-20 15:59:00+08:00,2.8651,2.8662,2.864,2.8662,278044,796546.829
2025-08-20 16:00:00+08:00,2.8662,2.8666,2.8625,2.8641,511724,1465778.558
2025-08-20 16:01:00+08:00,2.8641,2.8655,2.8633,2.8646,299396,857507.4694
2025-08-20 16:02:00+08:00,2.8646,2.8668,2.8646,2.8658,242442,694883.33
2025-08-20 16:03:00+08:00,2.8658,2.8698,2.8657,2.8676,403562,1157574.473
2025-08-20 16:04:00+08:00,2.8676,2.8718,2.8669,2.8711,1943874,5576090.197
2025-08-20 16:05:00+08:00,2.8711,2.8731,2.8703,2.8709,362916,1042184.031
2025-08-20 16:06:00+08:00,2.8709,2.8711,2.8676,2.8677,197304,566168.4764
2025-08-20 16:07:00+08:00,2.8677,2.8687,2.866,2.8686,75134,215452.9632
2025-08-20 16:08:00+08:00,2.8686,2.8708,2.8682,2.8707,52288,150068.7222
2025-08-20 16:09:00+08:00,2.8707,2.8728,2.8707,2.8718,136492,392054.0836
2025-08-20 16:10:00+08:00,2.8718,2.8738,2.8718,2.8738,131718,378413.9478
2025-08-20 16:11:00+08:00,2.8738,2.8748,2.8735,2.8735,73254,210537.3338
2025-08-20 16:12:00+08:00,2.8735,2.8777,2.8734,2.876,393116,1130868.044
2025-08-20 16:13:00+08:00,2.876,2.8765,2.8741,2.8753,66320,190704.6862
2025-08-20 16:14:00+08:00,2.8753,2.879,2.8753,2.878,287074,826306.8862
2025-08-20 16:15:00+08:00,2.878,2.8795,2.8779,2.8794,359624,1035394.986
2025-08-20 16:16:00+08:00,2.8794,2.8836,2.878,2.883,443564,1277314.2894
2025-08-20 16:17:00+08:00,2.883,2.8836,2.8817,2.8836,164900,475305.575
2025-08-20 16:18:00+08:00,2.8836,2.8836,2.8818,2.8824,152816,440454.3456
2025-08-20 16:19:00+08:00,2.8824,2.886,2.8824,2.8857,95602,275796.2036
2025-08-20 16:20:00+08:00,2.8857,2.8879,2.8853,2.8876,337396,973961.5508
2025-08-20 16:21:00+08:00,2.8876,2.8884,2.8844,2.8845,132842,383378.1306
2025-08-20 16:22:00+08:00,2.8845,2.8868,2.8841,2.8862,112878,325638.0506
2025-08-20 16:23:00+08:00,2.8862,2.8879,2.8854,2.8864,110180,318021.6486
2025-08-20 16:24:00+08:00,2.8864,2.8871,2.8852,2.8852,35656,102913.1864
2025-08-20 16:25:00+08:00,2.8852,2.8858,2.8841,2.8848,153548,442976.078
2025-08-20 16:26:00+08:00,2.8848,2.8873,2.8841,2.8873,310974,897091.5
2025-08-20 16:27:00+08:00,2.8873,2.8897,2.8861,2.8894,35192,101622.5942
2025-08-20 16:28:00+08:00,2.8894,2.8901,2.8885,2.8901,119666,345783.1814
2025-08-20 16:29:00+08:00,2.8901,2.891,2.8897,2.89,57096,165030.437
2025-08-20 16:30:00+08:00,2.89,2.8945,2.89,2.8937,311930,902276.0104
2025-08-20 16:31:00+08:00,2.8937,2.8947,2.893,2.8947,103198,298654.2794
2025-08-20 16:32:00+08:00,2.8947,2.8983,2.8946,2.8982,464536,1345508.3476
2025-08-20 16:33:00+08:00,2.8982,2.9012,2.8975,2.9012,590210,1711496.3352
2025-08-20 16:34:00+08:00,2.9012,2.9012,2.8968,2.9007,469050,1360146.0042
2025-08-20 16:35:00+08:00,2.9007,2.9008,2.8962,2.8969,298702,865454.639
2025-08-20 16:36:00+08:00,2.8969,2.8997,2.8967,2.8988,148922,431655.8562
2025-08-20 16:37:00+08:00,2.8988,2.8989,2.8956,2.8956,212044,614204.9088
2025-08-20 16:38:00+08:00,2.8956,2.8963,2.8941,2.8963,443440,1283775.254
2025-08-20 16:39:00+08:00,2.8963,2.8972,2.8956,2.8967,326778,946428.2926
2025-08-20 16:40:00+08:00,2.8967,2.8978,2.8961,2.8978,102950,298258.595
2025-08-20 16:41:00+08:00,2.8978,2.9016,2.8977,2.9016,250934,727577.593
2025-08-20 16:42:00+08:00,2.9016,2.9066,2.9014,2.9066,879056,2552810.7608
2025-08-20 16:43:00+08:00,2.9066,2.9077,2.9045,2.9067,759646,2207432.0798
2025-08-20 16:44:00+08:00,2.9067,2.9068,2.9057,2.9058,40476,117630.6268
2025-08-20 16:45:00+08:00,2.9058,2.9058,2.9032,2.9038,165994,482066.4034
2025-08-20 16:46:00+08:00,2.9038,2.9059,2.9035,2.9049,1029082,2989643.194
2025-08-20 16:47:00+08:00,2.9049,2.9051,2.9044,2.9051,238842,693778.3656
2025-08-20 16:48:00+08:00,2.9051,2.9052,2.9043,2.9043,79984,232337.8928
2025-08-20 16:49:00+08:00,2.9043,2.9044,2.9024,2.9024,222162,645144.2054
2025-08-20 16:50:00+08:00,2.9024,2.906,2.9024,2.9046,262172,761242.9804
2025-08-20 16:51:00+08:00,2.9046,2.9046,2.903,2.904,61680,179112.6718
2025-08-20 16:52:00+08:00,2.904,2.9055,2.9035,2.9046,105694,306931.5414
2025-08-20 16:53:00+08:00,2.9046,2.9056,2.9036,2.9056,58934,171176.0242
2025-08-20 16:54:00+08:00,2.9056,2.9056,2.9044,2.9045,108414,314909.1086
2025-08-20 16:55:00+08:00,2.9045,2.9053,2.903,2.9031,126164,366346.3134
2025-08-20 16:56:00+08:00,2.9031,2.9057,2.9022,2.9045,827064,2402608.8012
2025-08-20 16:57:00+08:00,2.9045,2.9062,2.9007,2.9047,3928588,11407743.392
2025-08-20 16:58:00+08:00,2.9047,2.9099,2.9047,2.9089,4128794,12007299.2928
2025-08-20 16:59:00+08:00,2.9089,2.9127,2.9089,2.9123,911658,2654385.1606
2025-08-20 17:00:00+08:00,2.9123,2.9123,2.905,2.9051,2619020,7619162.2892
2025-08-20 17:01:00+08:00,2.9051,2.9089,2.9002,2.9002,4983076,14472201.3484
2025-08-20 17:02:00+08:00,2.9002,2.901,2.8995,2.9003,1208720,3505239.1454
2025-08-20 17:03:00+08:00,2.9003,2.9025,2.9002,2.9007,1749040,5075084.4678
2025-08-20 17:04:00+08:00,2.9007,2.9036,2.9005,2.9036,1057270,3067897.5058
2025-08-20 17:05:00+08:00,2.9036,2.9036,2.8974,2.8994,1881520,5455565.7944
2025-08-20 17:06:00+08:00,2.8994,2.9048,2.8994,2.9047,1848808,5367645.748
2025-08-20 17:07:00+08:00,2.9047,2.9054,2.9039,2.9044,1466652,4260211.3716
2025-08-20 17:08:00+08:00,2.9044,2.9054,2.9007,2.9053,3184414,9246101.4774
2025-08-20 17:09:00+08:00,2.9053,2.9076,2.9032,2.9033,869818,2527364.8554
2025-08-20 17:10:00+08:00,2.9033,2.9046,2.9012,2.9043,1482446,4302522.109
2025-08-20 17:11:00+08:00,2.9043,2.9062,2.9025,2.9034,2285486,6637228.646
2025-08-20 17:12:00+08:00,2.9034,2.9034,2.9007,2.9033,1870742,5428159.3546
2025-08-20 17:13:00+08:00,2.9033,2.9077,2.903,2.9074,2130988,6191036.7452
2025-08-20 17:14:00+08:00,2.9074,2.9098,2.899,2.904,7984340,23197029.9122
2025-08-20 17:15:00+08:00,2.904,2.9061,2.9026,2.9042,2752616,7995214.256
2025-08-20 17:16:00+08:00,2.9042,2.9042,2.9011,2.9012,878330,2549513.685
2025-08-20 17:17:00+08:00,2.9012,2.9016,2.8993,2.8993,127052,368429.6868
2025-08-20 17:18:00+08:00,2.8993,2.8994,2.898,2.898,118836,344483.0182
2025-08-20 17:19:00+08:00,2.898,2.9002,2.8976,2.8987,213008,617430.6518
2025-08-20 17:20:00+08:00,2.8987,2.9011,2.8987,2.9002,165942,481137.3968
2025-08-20 17:21:00+08:00,2.9002,2.9014,2.8997,2.9001,56428,163657.573
2025-08-20 17:22:00+08:00,2.9001,2.9022,2.8993,2.9021,123010,356841.254
2025-08-20 17:23:00+08:00,2.9021,2.9022,2.8976,2.8982,166854,484055.072
2025-08-20 17:24:00+08:00,2.8982,2.9005,2.8972,2.9004,132124,382902.557
2025-08-20 17:25:00+08:00,2.9004,2.9005,2.896,2.8983,232732,674526.2026
2025-08-20 17:26:00+08:00,2.8983,2.8995,2.8954,2.8954,179868,521219.5478
2025-08-20 17:27:00+08:00,2.8954,2.8971,2.8939,2.8939,767516,2221807.945
2025-08-20 17:28:00+08:00,2.8939,2.8947,2.893,2.8935,166488,481807.1938
2025-08-20 17:29:00+08:00,2.8935,2.8946,2.893,2.894,235342,680953.8484
2025-08-20 17:30:00+08:00,2.894,2.897,2.8939,2.8969,378608,1096388.4656
2025-08-20 17:31:00+08:00,2.8969,2.897,2.8928,2.8931,257528,745171.8012
2025-08-20 17:32:00+08:00,2.8931,2.8938,2.892,2.8923,88370,255643.7734
2025-08-20 17:33:00+08:00,2.8923,2.8931,2.891,2.891,121456,351207.332
2025-08-20 17:34:00+08:00,2.891,2.8922,2.8905,2.892,132458,382947.7388
2025-08-20 17:35:00+08:00,2.892,2.8938,2.8902,2.891,82198,237772.552
2025-08-20 17:36:00+08:00,2.891,2.8917,2.8895,2.8909,384726,1111841.4078
2025-08-20 17:37:00+08:00,2.8909,2.8931,2.8897,2.8931,77308,223500.2756
2025-08-20 17:38:00+08:00,2.8931,2.8962,2.892,2.8953,191960,555839.9786
2025-08-20 17:39:00+08:00,2.8953,2.8963,2.8938,2.8963,51658,149577.1438
2025-08-20 17:40:00+08:00,2.8963,2.8982,2.8957,2.8976,188802,547065.5754
2025-08-20 17:41:00+08:00,2.8976,2.8985,2.8955,2.8956,74018,214447.4044
2025-08-20 17:42:00+08:00,2.8956,2.899,2.895,2.8982,60300,174755.6184
2025-08-20 17:43:00+08:00,2.8982,2.8982,2.8952,2.8953,108470,314180.9346
2025-08-20 17:44:00+08:00,2.8953,2.8961,2.8948,2.8949,174536,505419.2362
2025-08-20 17:45:00+08:00,2.8949,2.8986,2.8949,2.8976,171354,496473.0962
2025-08-20 17:46:00+08:00,2.8976,2.8997,2.8964,2.8978,306378,887821.3374
2025-08-20 17:47:00+08:00,2.8978,2.9015,2.8977,2.901,74832,217041.7266
2025-08-20 17:48:00+08:00,2.901,2.9013,2.8965,2.8971,126340,366465.3636
2025-08-20 17:49:00+08:00,2.8971,2.8971,2.8939,2.8939,131852,381667.6374
2025-08-20 17:50:00+08:00,2.8939,2.8948,2.8904,2.8905,304930,882306.2518
2025-08-20 17:51:00+08:00,2.8905,2.8923,2.8899,2.89,112082,323996.7658
2025-08-20 17:52:00+08:00,2.89,2.8905,2.8863,2.8865,515358,1487907.0764
2025-08-20 17:53:00+08:00,2.8865,2.8871,2.8845,2.8855,268626,775145.1614
2025-08-20 17:54:00+08:00,2.8855,2.8857,2.884,2.8848,277300,799821.8512
2025-08-20 17:55:00+08:00,2.8848,2.8864,2.8848,2.8853,51990,150018.9208
2025-08-20 17:56:00+08:00,2.8853,2.8855,2.8835,2.885,159170,459076.5066
2025-08-20 17:57:00+08:00,2.885,2.8866,2.8845,2.8853,30980,89405.4544
2025-08-20 17:58:00+08:00,2.8853,2.8869,2.8847,2.8855,129726,374331.1354
2025-08-20 17:59:00+08:00,2.8855,2.8859,2.884,2.8859,54786,158025.761
2025-08-20 18:00:00+08:00,2.8859,2.8862,2.8843,2.8862,90212,260269.1926
2025-08-20 18:01:00+08:00,2.8862,2.8878,2.8845,2.8849,300878,868314.4226
2025-08-20 18:02:00+08:00,2.8849,2.8865,2.8838,2.8858,69734,201199.1344
2025-08-20 18:03:00+08:00,2.8858,2.8866,2.8843,2.8858,52542,151615.7598
2025-08-20 18:04:00+08:00,2.8858,2.8884,2.8856,2.8877,76134,219824.6574
2025-08-20 18:05:00+08:00,2.8877,2.8886,2.8859,2.8886,176808,510555.4122
2025-08-20 18:06:00+08:00,2.8886,2.8893,2.8861,2.8869,82498,238202.916
2025-08-20 18:07:00+08:00,2.8869,2.8877,2.8861,2.8866,80196,231509.9178
2025-08-20 18:08:00+08:00,2.8866,2.8876,2.8857,2.8871,33500,96699.4176
2025-08-20 18:09:00+08:00,2.8871,2.8871,2.8864,2.8866,66414,191721.8996
2025-08-20 18:10:00+08:00,2.8866,2.8875,2.886,2.8868,70778,204335.8514
2025-08-20 18:11:00+08:00,2.8868,2.8868,2.8844,2.8849,148460,428332.3204
2025-08-20 18:12:00+08:00,2.8849,2.8861,2.8825,2.8856,218632,630419.4842
2025-08-20 18:13:00+08:00,2.8856,2.8872,2.8839,2.8845,65642,189385.6442
2025-08-20 18:14:00+08:00,2.8845,2.8855,2.8842,2.8846,48784,140718.8224
2025-08-20 18:15:00+08:00,2.8846,2.889,2.8846,2.8887,51344,148271.1438
2025-08-20 18:16:00+08:00,2.8887,2.8915,2.8881,2.8915,275038,795063.9738
2025-08-20 18:17:00+08:00,2.8915,2.8939,2.8915,2.8936,102696,297082.889
2025-08-20 18:18:00+08:00,2.8936,2.8953,2.8928,2.8939,234572,678979.9324
2025-08-20 18:19:00+08:00,2.8939,2.8973,2.8939,2.8967,564964,1636476.7368
2025-08-20 18:20:00+08:00,2.8967,2.8973,2.894,2.8943,85838,248511.9434
2025-08-20 18:21:00+08:00,2.8943,2.8977,2.8943,2.8971,93762,271622.0636
2025-08-20 18:22:00+08:00,2.8971,2.8971,2.8938,2.8939,34804,100738.3582
2025-08-20 18:23:00+08:00,2.8939,2.894,2.8921,2.8921,352440,1019635.595
2025-08-20 18:24:00+08:00,2.8921,2.8921,2.8909,2.8918,91516,264609.8802
2025-08-20 18:25:00+08:00,2.8918,2.8923,2.8897,2.8923,173224,500773.0222
2025-08-20 18:26:00+08:00,2.8923,2.8926,2.8897,2.8902,54524,157647.183
2025-08-20 18:27:00+08:00,2.8902,2.8904,2.8891,2.8893,64818,187307.1482
2025-08-20 18:28:00+08:00,2.8893,2.8898,2.8884,2.8887,36556,105609.6132
2025-08-20 18:29:00+08:00,2.8887,2.8897,2.8885,2.8897,47366,136838.137
2025-08-20 18:30:00+08:00,2.8897,2.8922,2.8897,2.8913,54098,156423.7736
2025-08-20 18:31:00+08:00,2.8913,2.8936,2.8911,2.8911,65686,189939.7144
2025-08-20 18:32:00+08:00,2.8911,2.8928,2.8905,2.8928,105504,305046.5072
2025-08-20 18:33:00+08:00,2.8928,2.8928,2.8897,2.8899,151568,438375.5468
2025-08-20 18:34:00+08:00,2.8899,2.892,2.8899,2.8905,26264,75917.6124
2025-08-20 18:35:00+08:00,2.8905,2.8918,2.8905,2.8909,2726,7881.594
2025-08-20 18:36:00+08:00,2.8909,2.8918,2.8906,2.8906,33624,97210.3406
2025-08-20 18:37:00+08:00,2.8906,2.8941,2.8906,2.8941,3242,9377.3062
2025-08-20 18:38:00+08:00,2.8941,2.8955,2.8921,2.8933,282182,816592.3762
2025-08-20 18:39:00+08:00,2.8933,2.8941,2.8924,2.8941,25274,73105.3534
2025-08-20 18:40:00+08:00,2.8941,2.8975,2.8941,2.8975,35242,102070.0718
2025-08-20 18:41:00+08:00,2.8975,2.8975,2.8945,2.8946,53568,155113.0432
2025-08-20 18:42:00+08:00,2.8946,2.8996,2.8946,2.8995,79338,229899.3536
2025-08-20 18:43:00+08:00,2.8995,2.8995,2.8979,2.8984,55560,161059.3974
2025-08-20 18:44:00+08:00,2.8984,2.899,2.8979,2.8989,298596,865390.3582
2025-08-20 18:45:00+08:00,2.8989,2.9015,2.8989,2.9004,326244,946124.3362
2025-08-20 18:46:00+08:00,2.9004,2.9004,2.8986,2.9001,50898,147582.306
2025-08-20 18:47:00+08:00,2.9001,2.9019,2.9001,2.9003,71740,208085.7568
2025-08-20 18:48:00+08:00,2.9003,2.9005,2.8996,2.9003,70130,203381.8564
2025-08-20 18:49:00+08:00,2.9003,2.9047,2.9001,2.9035,1161086,3370789.5768
2025-08-20 18:50:00+08:00,2.9035,2.9039,2.8991,2.9022,870180,2524554.8588
2025-08-20 18:51:00+08:00,2.9022,2.9026,2.901,2.902,277036,803889.2778
2025-08-20 18:52:00+08:00,2.902,2.9034,2.902,2.9027,16992,49325.973
2025-08-20 18:53:00+08:00,2.9027,2.903,2.9022,2.9023,52306,151832.1512
2025-08-20 18:54:00+08:00,2.9023,2.9035,2.9019,2.9026,38876,112838.857
2025-08-20 18:55:00+08:00,2.9026,2.903,2.9013,2.9014,26740,77599.2268
2025-08-20 18:56:00+08:00,2.9014,2.903,2.9013,2.903,108656,315332.4936
2025-08-20 18:57:00+08:00,2.903,2.903,2.9018,2.9019,37042,107501.1178
2025-08-20 18:58:00+08:00,2.9019,2.9025,2.9013,2.9022,56112,162832.1538
2025-08-20 18:59:00+08:00,2.9022,2.9026,2.9014,2.9021,22502,65301.6066
2025-08-20 19:00:00+08:00,2.9021,2.9041,2.9018,2.9018,92282,267899.9572
2025-08-20 19:01:00+08:00,2.9018,2.9031,2.9018,2.902,31910,92623.2102
2025-08-20 19:02:00+08:00,2.902,2.9033,2.9006,2.9028,54826,159081.9958
2025-08-20 19:03:00+08:00,2.9028,2.9028,2.9016,2.9025,46866,136012.7378
2025-08-20 19:04:00+08:00,2.9025,2.9041,2.9024,2.9037,127842,371111.5856
2025-08-20 19:05:00+08:00,2.9037,2.9037,2.9014,2.9015,49620,144016.4556
2025-08-20 19:06:00+08:00,2.9015,2.9015,2.8989,2.8989,114080,330771.9936
2025-08-20 19:07:00+08:00,2.8989,2.9008,2.8989,2.9003,121188,351437.5136
2025-08-20 19:08:00+08:00,2.9003,2.9003,2.8966,2.8966,99608,288626.9666
2025-08-20 19:09:00+08:00,2.8966,2.8967,2.8953,2.8953,64654,187236.4348
2025-08-20 19:10:00+08:00,2.8953,2.8962,2.893,2.8938,113602,328779.8422
2025-08-20 19:11:00+08:00,2.8938,2.8941,2.8925,2.8925,82602,238972.4438
2025-08-20 19:12:00+08:00,2.8925,2.8926,2.8901,2.8902,165098,477333.6734
2025-08-20 19:13:00+08:00,2.8902,2.8909,2.8892,2.8908,181816,525362.4076
2025-08-20 19:14:00+08:00,2.8908,2.8913,2.8903,2.8911,142034,410624.0844
2025-08-20 19:15:00+08:00,2.8911,2.8916,2.8901,2.8901,153510,443821.6258
2025-08-20 19:16:00+08:00,2.8901,2.8901,2.8869,2.8869,340440,983066.2754
2025-08-20 19:17:00+08:00,2.8869,2.888,2.8853,2.887,270382,780357.4132
2025-08-20 19:18:00+08:00,2.887,2.8874,2.8853,2.8873,279058,805552.4014
2025-08-20 19:19:00+08:00,2.8873,2.8884,2.8865,2.8877,179794,519223.7212
2025-08-20 19:20:00+08:00,2.8877,2.8892,2.8876,2.8887,45910,132600.3616
2025-08-20 19:21:00+08:00,2.8887,2.8904,2.8884,2.8888,230668,666517.5756
2025-08-20 19:22:00+08:00,2.8888,2.8888,2.8872,2.8872,358420,1035084.3408
2025-08-20 19:23:00+08:00,2.8872,2.8881,2.8872,2.8881,15734,45432.9746
2025-08-20 19:24:00+08:00,2.8881,2.8883,2.8861,2.8861,125230,361573.4516
2025-08-20 19:25:00+08:00,2.8861,2.8906,2.886,2.8903,52208,150805.6954
2025-08-20 19:26:00+08:00,2.8903,2.8903,2.8879,2.8888,55642,160750.5202
2025-08-20 19:27:00+08:00,2.8888,2.8888,2.887,2.887,33652,97174.884
2025-08-20 19:28:00+08:00,2.887,2.8877,2.885,2.8863,105498,304419.8766
2025-08-20 19:29:00+08:00,2.8863,2.8867,2.8848,2.8867,88616,255710.4414
2025-08-20 19:30:00+08:00,2.8867,2.8867,2.8849,2.8849,137936,398050.5594
2025-08-20 19:31:00+08:00,2.8849,2.8849,2.8786,2.8786,655984,1889709.3636
2025-08-20 19:32:00+08:00,2.8786,2.8786,2.8719,2.8719,1039414,2988511.1048
2025-08-20 19:33:00+08:00,2.8719,2.875,2.8719,2.8744,277066,796382.0494
2025-08-20 19:34:00+08:00,2.8744,2.875,2.8726,2.8729,110696,318141.0046
2025-08-20 19:35:00+08:00,2.8729,2.8745,2.8705,2.8708,255510,733808.7364
2025-08-20 19:36:00+08:00,2.8708,2.8711,2.8695,2.871,428200,1228950.2964
2025-08-20 19:37:00+08:00,2.871,2.8728,2.869,2.869,413566,1187442.0696
2025-08-20 19:38:00+08:00,2.869,2.8704,2.8682,2.8703,189022,542389.561
2025-08-20 19:39:00+08:00,2.8703,2.8718,2.8685,2.8686,94034,269868.7574
2025-08-20 19:40:00+08:00,2.8686,2.8699,2.8667,2.8667,344200,987207.496
2025-08-20 19:41:00+08:00,2.8667,2.8697,2.8658,2.8679,401026,1150066.9308
2025-08-20 19:42:00+08:00,2.8679,2.8697,2.866,2.866,156640,449331.6394
2025-08-20 19:43:00+08:00,2.866,2.8676,2.8614,2.8617,694532,1988501.3558
2025-08-20 19:44:00+08:00,2.8617,2.8663,2.8607,2.8637,656842,1880917.6846
2025-08-20 19:45:00+08:00,2.8637,2.8667,2.8606,2.8606,254030,727520.025
2025-08-20 19:46:00+08:00,2.8606,2.8655,2.8583,2.8614,1143556,3271361.997
2025-08-20 19:47:00+08:00,2.8614,2.8672,2.8614,2.864,241992,693303.0234
2025-08-20 19:48:00+08:00,2.864,2.8641,2.8613,2.8637,139342,398902.0102
2025-08-20 19:49:00+08:00,2.8637,2.8697,2.8637,2.8696,368866,1058000.8214
2025-08-20 19:50:00+08:00,2.8696,2.8759,2.869,2.8754,1255158,3605491.3164
2025-08-20 19:51:00+08:00,2.8754,2.8762,2.8728,2.8762,388890,1117944.8038
2025-08-20 19:52:00+08:00,2.8762,2.879,2.8755,2.879,233952,673304.761
2025-08-20 19:53:00+08:00,2.879,2.8813,2.8785,2.881,254226,732280.5884
2025-08-20 19:54:00+08:00,2.881,2.8814,2.8792,2.8806,380160,1094954.0192
2025-08-20 19:55:00+08:00,2.8806,2.8821,2.8789,2.8815,199568,574953.162
2025-08-20 19:56:00+08:00,2.8815,2.8833,2.8815,2.8833,113300,326611.8214
2025-08-20 19:57:00+08:00,2.8833,2.884,2.8817,2.8839,351014,1011909.392
2025-08-20 19:58:00+08:00,2.8839,2.887,2.8839,2.8868,213690,616501.3504
2025-08-20 19:59:00+08:00,2.8868,2.8879,2.8855,2.8879,199400,575518.9016
2025-08-20 20:00:00+08:00,2.8879,2.8988,2.8879,2.8983,273346,791042.3296
2025-08-20 20:01:00+08:00,2.8983,2.91,2.8983,2.9096,953244,2769180.6074
2025-08-20 20:02:00+08:00,2.9096,2.9125,2.9069,2.9105,696288,2026069.4184
2025-08-20 20:03:00+08:00,2.9105,2.9105,2.9022,2.9058,941184,2733609.11
2025-08-20 20:04:00+08:00,2.9058,2.9058,2.9017,2.9041,296744,861519.7592
2025-08-20 20:05:00+08:00,2.9041,2.9065,2.9019,2.9026,215046,624423.4382
2025-08-20 20:06:00+08:00,2.9026,2.9029,2.8974,2.8978,322030,933836.983
2025-08-20 20:07:00+08:00,2.8978,2.902,2.8968,2.9004,300910,872537.1896
2025-08-20 20:08:00+08:00,2.9004,2.9005,2.8961,2.8966,237484,688267.8928
2025-08-20 20:09:00+08:00,2.8966,2.8972,2.8948,2.8967,174170,504468.8828
2025-08-20 20:10:00+08:00,2.8967,2.898,2.8949,2.8976,180656,523314.901
2025-08-20 20:11:00+08:00,2.8976,2.8988,2.8957,2.8968,219802,636733.8754
2025-08-20 20:12:00+08:00,2.8968,2.8973,2.8953,2.8954,142994,414125.8558
2025-08-20 20:13:00+08:00,2.8954,2.8968,2.8933,2.8937,119850,346921.0578
2025-08-20 20:14:00+08:00,2.8937,2.8967,2.8936,2.8961,122916,355801.6428
2025-08-20 20:15:00+08:00,2.8961,2.8981,2.8952,2.8962,84148,243770.7112
2025-08-20 20:16:00+08:00,2.8962,2.9005,2.8962,2.8994,86926,251966.4894
2025-08-20 20:17:00+08:00,2.8994,2.8994,2.8965,2.8971,64528,186980.6586
2025-08-20 20:18:00+08:00,2.8971,2.8975,2.894,2.8948,141722,410302.8238
2025-08-20 20:19:00+08:00,2.8948,2.8952,2.8935,2.8941,112118,324532.1022
2025-08-20 20:20:00+08:00,2.8941,2.8957,2.8913,2.8913,209424,605805.7676
2025-08-20 20:21:00+08:00,2.8913,2.8918,2.8884,2.8886,640798,1851845.1464
2025-08-20 20:22:00+08:00,2.8886,2.8892,2.8862,2.8884,213908,617803.1384
2025-08-20 20:23:00+08:00,2.8884,2.8888,2.8845,2.8857,283006,816867.279
2025-08-20 20:24:00+08:00,2.8857,2.8873,2.8854,2.8864,167754,484167.911
2025-08-20 20:25:00+08:00,2.8864,2.8883,2.8864,2.8876,125700,362968.8702
2025-08-20 20:26:00+08:00,2.8876,2.8908,2.8863,2.8899,196740,568653.0128
2025-08-20 20:27:00+08:00,2.8899,2.8905,2.8873,2.8873,54532,157506.4834
2025-08-20 20:28:00+08:00,2.8873,2.8876,2.8849,2.8856,62974,181731.4936
2025-08-20 20:29:00+08:00,2.8856,2.8881,2.8852,2.8879,86146,248660.3754
2025-08-20 20:30:00+08:00,2.8879,2.8945,2.8873,2.8945,227102,656552.4824
2025-08-20 20:31:00+08:00,2.8945,2.8974,2.8932,2.8957,372052,1077660.6498
2025-08-20 20:32:00+08:00,2.8957,2.8957,2.8883,2.8906,400196,1157285.2768
2025-08-20 20:33:00+08:00,2.8906,2.8948,2.8906,2.894,111820,323584.4176
2025-08-20 20:34:00+08:00,2.894,2.8964,2.8933,2.896,44046,127505.6528
2025-08-20 20:35:00+08:00,2.896,2.8977,2.896,2.8967,68488,198396.971
2025-08-20 20:36:00+08:00,2.8967,2.8974,2.893,2.8931,166100,480746.432
2025-08-20 20:37:00+08:00,2.8931,2.8985,2.8931,2.8979,240920,698042.4204
2025-08-20 20:38:00+08:00,2.8979,2.8979,2.8949,2.8965,130242,377231.7666
2025-08-20 20:39:00+08:00,2.8965,2.8972,2.895,2.895,43956,127311.2406
2025-08-20 20:40:00+08:00,2.895,2.8998,2.8942,2.8998,92276,267244.4162
2025-08-20 20:41:00+08:00,2.8998,2.8998,2.8985,2.8993,42154,122214.4362
2025-08-20 20:42:00+08:00,2.8993,2.9017,2.8993,2.9012,130498,378554.7814
2025-08-20 20:43:00+08:00,2.9012,2.9017,2.9001,2.9001,90130,261479.6446
2025-08-20 20:44:00+08:00,2.9001,2.9001,2.8984,2.8993,114906,333120.279
2025-08-20 20:45:00+08:00,2.8993,2.8993,2.895,2.8968,531458,1540010.6954
2025-08-20 20:46:00+08:00,2.8968,2.8983,2.8966,2.8983,3640,10547.352
2025-08-20 20:47:00+08:00,2.8983,2.8983,2.8956,2.8957,76454,221470.2184
2025-08-20 20:48:00+08:00,2.8957,2.8976,2.8957,2.8975,26966,78113.8908
2025-08-20 20:49:00+08:00,2.8975,2.8988,2.8973,2.8983,74526,215997.9358
2025-08-20 20:50:00+08:00,2.8983,2.8998,2.8978,2.8986,39842,115514.8686
2025-08-20 20:51:00+08:00,2.8986,2.8989,2.8936,2.8942,47128,136432.0596
2025-08-20 20:52:00+08:00,2.8942,2.8955,2.8908,2.8916,77946,225498.5408
2025-08-20 20:53:00+08:00,2.8916,2.8932,2.8916,2.8927,18024,52132.836
2025-08-20 20:54:00+08:00,2.8927,2.8947,2.8925,2.8943,40290,116604.4634
2025-08-20 20:55:00+08:00,2.8943,2.8945,2.8929,2.8939,18176,52594.4634
2025-08-20 20:56:00+08:00,2.8939,2.8966,2.893,2.8966,346130,1002316.0934
2025-08-20 20:57:00+08:00,2.8966,2.8966,2.8922,2.8928,118174,342239.772
2025-08-20 20:58:00+08:00,2.8928,2.8937,2.8915,2.8916,96802,280010.6124
2025-08-20 20:59:00+08:00,2.8916,2.892,2.891,2.8915,23082,66743.0346
2025-08-20 21:00:00+08:00,2.8915,2.8915,2.8878,2.8888,122536,354034.352
2025-08-20 21:01:00+08:00,2.8888,2.8906,2.8879,2.8879,27938,80729.7422
2025-08-20 21:02:00+08:00,2.8879,2.8887,2.8813,2.8817,430124,1240537.0312
2025-08-20 21:03:00+08:00,2.8817,2.8837,2.8804,2.8822,126576,364819.0024
2025-08-20 21:04:00+08:00,2.8822,2.8842,2.8822,2.8831,160938,463973.5834
2025-08-20 21:05:00+08:00,2.8831,2.8831,2.8811,2.8812,137236,395468.8806
2025-08-20 21:06:00+08:00,2.8812,2.8829,2.8812,2.8827,40156,115735.549
2025-08-20 21:07:00+08:00,2.8827,2.8838,2.8807,2.8808,108656,313184.0548
2025-08-20 21:08:00+08:00,2.8808,2.8811,2.8776,2.8788,211246,608285.086
2025-08-20 21:09:00+08:00,2.8788,2.8788,2.8778,2.8785,34612,99616.353
2025-08-20 21:10:00+08:00,2.8785,2.8785,2.8747,2.8749,203474,585329.645
2025-08-20 21:11:00+08:00,2.8749,2.8761,2.8731,2.8735,359372,1032775.315
2025-08-20 21:12:00+08:00,2.8735,2.8736,2.8714,2.8714,231320,664326.8732
2025-08-20 21:13:00+08:00,2.8714,2.8733,2.8708,2.8708,238914,686028.9006
2025-08-20 21:14:00+08:00,2.8708,2.8716,2.8707,2.871,113950,327158.7346
2025-08-20 21:15:00+08:00,2.871,2.8711,2.8674,2.8689,577154,1655748.2186
2025-08-20 21:16:00+08:00,2.8689,2.8716,2.8687,2.87,382784,1098725.2402
2025-08-20 21:17:00+08:00,2.87,2.8733,2.87,2.8727,603714,1734109.459
2025-08-20 21:18:00+08:00,2.8727,2.8771,2.871,2.8766,150300,431821.0386
2025-08-20 21:19:00+08:00,2.8766,2.8768,2.873,2.8733,168004,482998.4022
2025-08-20 21:20:00+08:00,2.8733,2.8769,2.8729,2.8768,86670,249178.8232
2025-08-20 21:21:00+08:00,2.8768,2.8778,2.8745,2.8778,76616,220384.603
2025-08-20 21:22:00+08:00,2.8778,2.878,2.8762,2.8776,91360,262879.6644
2025-08-20 21:23:00+08:00,2.8776,2.878,2.8751,2.8757,30588,87998.0438
2025-08-20 21:24:00+08:00,2.8757,2.8776,2.8755,2.8763,90326,259843.9668
2025-08-20 21:25:00+08:00,2.8763,2.8763,2.8744,2.8758,124038,356683.1182
2025-08-20 21:26:00+08:00,2.8758,2.8772,2.8743,2.8772,130578,375446.5648
2025-08-20 21:27:00+08:00,2.8772,2.8772,2.8754,2.8756,65928,189605.112
2025-08-20 21:28:00+08:00,2.8756,2.8798,2.8756,2.8794,239810,690288.9912
2025-08-20 21:29:00+08:00,2.8794,2.8799,2.8784,2.8788,330610,951675.34
2025-08-20 21:30:00+08:00,2.8788,2.8793,2.8671,2.8678,539232,1548630.7272
2025-08-20 21:31:00+08:00,2.8678,2.8756,2.8641,2.8704,954412,2738498.2936
2025-08-20 21:32:00+08:00,2.8704,2.8708,2.864,2.8664,357140,1023972.7878
2025-08-20 21:33:00+08:00,2.8664,2.8731,2.8664,2.8719,414018,1188244.7272
2025-08-20 21:34:00+08:00,2.8719,2.8719,2.8678,2.8678,77034,221053.4026
2025-08-20 21:35:00+08:00,2.8678,2.8745,2.8672,2.8694,407756,1170772.2824
2025-08-20 21:36:00+08:00,2.8694,2.8819,2.8692,2.8794,335234,964600.0264
2025-08-20 21:37:00+08:00,2.8794,2.8869,2.8769,2.8866,462882,1334693.1092
2025-08-20 21:38:00+08:00,2.8866,2.8891,2.881,2.8835,333260,961341.5914
2025-08-20 21:39:00+08:00,2.8835,2.8841,2.8722,2.8739,583916,1680491.6692
2025-08-20 21:40:00+08:00,2.8739,2.8771,2.8681,2.8681,273292,785151.293
2025-08-20 21:41:00+08:00,2.8681,2.8687,2.8619,2.8669,707074,2025465.5932
2025-08-20 21:42:00+08:00,2.8669,2.8771,2.8669,2.8752,569018,1634368.665
2025-08-20 21:43:00+08:00,2.8752,2.8754,2.8677,2.8686,324772,932866.8014
2025-08-20 21:44:00+08:00,2.8686,2.8686,2.861,2.8622,646290,1850257.2328
2025-08-20 21:45:00+08:00,2.8622,2.8641,2.8507,2.8509,1876982,5361304.331
2025-08-20 21:46:00+08:00,2.8509,2.8563,2.8481,2.8489,1302022,3712693.9848
2025-08-20 21:47:00+08:00,2.8489,2.8538,2.8469,2.8486,742038,2114678.6138
2025-08-20 21:48:00+08:00,2.8486,2.853,2.8486,2.8511,353830,1009064.517
2025-08-20 21:49:00+08:00,2.8511,2.8568,2.8502,2.8515,444236,1268082.1266
2025-08-20 21:50:00+08:00,2.8515,2.8515,2.8436,2.8455,1431382,4074141.5744
2025-08-20 21:51:00+08:00,2.8455,2.8464,2.838,2.838,2122642,6029911.627
2025-08-20 21:52:00+08:00,2.838,2.8445,2.8353,2.8423,1644354,4667716.6128
2025-08-20 21:53:00+08:00,2.8423,2.8459,2.8376,2.8395,852174,2422887.7854
2025-08-20 21:54:00+08:00,2.8395,2.8434,2.8393,2.8417,435940,1238565.8614
2025-08-20 21:55:00+08:00,2.8417,2.851,2.8417,2.8451,650582,1853073.2772
